Entity,Code,Day,New cases (per 1M)
Canada,CAN,3/1/2020,0.022079213
Canada,CAN,3/2/2020,0.022079213
Canada,CAN,3/3/2020,0.051518165
Canada,CAN,3/4/2020,0.084636986
Canada,CAN,3/5/2020,0.080957115
Canada,CAN,3/6/2020,0.12143567
Canada,CAN,3/7/2020,0.1177558
Canada,CAN,3/8/2020,0.13247529
Canada,CAN,3/9/2020,0.15455449
Canada,CAN,3/10/2020,0.13983501
Canada,CAN,3/11/2020,0.16191423
Canada,CAN,3/12/2020,0.25759083
Canada,CAN,3/13/2020,0.2134324
Canada,CAN,3/14/2020,0.34222782
Canada,CAN,3/15/2020,0.45998362
Canada,CAN,3/16/2020,0.5004622
Canada,CAN,3/17/2020,0.6881355
Canada,CAN,3/18/2020,0.9089276
Canada,CAN,3/19/2020,1.1812379
Canada,CAN,3/20/2020,1.714819
Canada,CAN,3/21/2020,2.6053472
Canada,CAN,3/22/2020,2.9254959
Canada,CAN,3/23/2020,4.0809746
Canada,CAN,3/24/2020,4.3459253
Canada,CAN,3/25/2020,4.8647866
Canada,CAN,3/26/2020,5.6485987
Canada,CAN,3/27/2020,10.362511
Canada,CAN,3/28/2020,11.6725445
Canada,CAN,3/29/2020,13.630235
Canada,CAN,3/30/2020,15.0285845
Canada,CAN,3/31/2020,17.755367
Canada,CAN,4/1/2020,21.262283
Canada,CAN,4/2/2020,24.202497
Canada,CAN,4/3/2020,22.851986
Canada,CAN,4/4/2020,26.679049
Canada,CAN,4/5/2020,28.864891
Canada,CAN,4/6/2020,31.264166
Canada,CAN,4/7/2020,34.00567
Canada,CAN,4/8/2020,33.96151
Canada,CAN,4/9/2020,34.395733
Canada,CAN,4/10/2020,35.61745
Canada,CAN,4/11/2020,34.88516
Canada,CAN,4/12/2020,35.378258
Canada,CAN,4/13/2020,34.660686
Canada,CAN,4/14/2020,32.636757
Canada,CAN,4/15/2020,33.155617
Canada,CAN,4/16/2020,33.71864
Canada,CAN,4/17/2020,33.45001
Canada,CAN,4/18/2020,34.344215
Canada,CAN,4/19/2020,35.83824
Canada,CAN,4/20/2020,36.942204
Canada,CAN,4/21/2020,38.311115
Canada,CAN,4/22/2020,41.063656
Canada,CAN,4/23/2020,41.82539
Canada,CAN,4/24/2020,43.47765
Canada,CAN,4/25/2020,44.224663
Canada,CAN,4/26/2020,44.176826
Canada,CAN,4/27/2020,44.162106
Canada,CAN,4/28/2020,44.55585
Canada,CAN,4/29/2020,42.93303
Canada,CAN,4/30/2020,42.697517
Canada,CAN,5/1/2020,41.979942
Canada,CAN,5/2/2020,40.942223
Canada,CAN,5/3/2020,41.115173
Canada,CAN,5/4/2020,41.81067
Canada,CAN,5/5/2020,46.28907
Canada,CAN,5/6/2020,45.15935
Canada,CAN,5/7/2020,44.232025
Canada,CAN,5/8/2020,43.7794
Canada,CAN,5/9/2020,42.999268
Canada,CAN,5/10/2020,41.84747
Canada,CAN,5/11/2020,40.43072
Canada,CAN,5/12/2020,34.49141
Canada,CAN,5/13/2020,33.88423
Canada,CAN,5/14/2020,33.519924
Canada,CAN,5/15/2020,32.312927
Canada,CAN,5/16/2020,31.521757
Canada,CAN,5/17/2020,30.101328
Canada,CAN,5/18/2020,30.038769
Canada,CAN,5/19/2020,30.00933
Canada,CAN,5/20/2020,29.777498
Canada,CAN,5/21/2020,29.280716
Canada,CAN,5/22/2020,28.87593
Canada,CAN,5/23/2020,28.839132
Canada,CAN,5/24/2020,28.949528
Canada,CAN,5/25/2020,28.544743
Canada,CAN,5/26/2020,28.32395
Canada,CAN,5/27/2020,28.110518
Canada,CAN,5/28/2020,27.727812
Canada,CAN,5/29/2020,27.21631
Canada,CAN,5/30/2020,26.450897
Canada,CAN,5/31/2020,25.53093
Canada,CAN,6/1/2020,24.17306
Canada,CAN,6/2/2020,22.991821
Canada,CAN,6/3/2020,22.057135
Canada,CAN,6/4/2020,21.207085
Canada,CAN,6/5/2020,20.482151
Canada,CAN,6/6/2020,19.186836
Canada,CAN,6/7/2020,18.093916
Canada,CAN,6/8/2020,17.909922
Canada,CAN,6/9/2020,17.486736
Canada,CAN,6/10/2020,16.702925
Canada,CAN,6/11/2020,15.613684
Canada,CAN,6/12/2020,14.866671
Canada,CAN,6/13/2020,13.998221
Canada,CAN,6/14/2020,13.276967
Canada,CAN,6/15/2020,12.3386
Canada,CAN,6/16/2020,11.363435
Canada,CAN,6/17/2020,10.682659
Canada,CAN,6/18/2020,10.355151
Canada,CAN,6/19/2020,10.038682
Canada,CAN,6/20/2020,9.898848
Canada,CAN,6/21/2020,9.884128
Canada,CAN,6/22/2020,9.600778
Canada,CAN,6/23/2020,9.383666
Canada,CAN,6/24/2020,9.162873
Canada,CAN,6/25/2020,9.184953
Canada,CAN,6/26/2020,8.791206
Canada,CAN,6/27/2020,8.839046
Canada,CAN,6/28/2020,7.966916
Canada,CAN,6/29/2020,7.407576
Canada,CAN,6/30/2020,7.039589
Canada,CAN,7/1/2020,8.393781
Canada,CAN,7/2/2020,8.246586
Canada,CAN,7/3/2020,7.2199025
Canada,CAN,7/4/2020,7.908038
Canada,CAN,7/5/2020,8.448979
Canada,CAN,7/6/2020,8.40482
Canada,CAN,7/7/2020,8.408501
Canada,CAN,7/8/2020,7.418616
Canada,CAN,7/9/2020,7.2199025
Canada,CAN,7/10/2020,8.202428
Canada,CAN,7/11/2020,7.4811735
Canada,CAN,7/12/2020,7.488533
Canada,CAN,7/13/2020,7.470134
Canada,CAN,7/14/2020,7.5621305
Canada,CAN,7/15/2020,8.172989
Canada,CAN,7/16/2020,8.537295
Canada,CAN,7/17/2020,8.809607
Canada,CAN,7/18/2020,9.052478
Canada,CAN,7/19/2020,9.361587
Canada,CAN,7/20/2020,9.762692
Canada,CAN,7/21/2020,10.11228
Canada,CAN,7/22/2020,10.92553
Canada,CAN,7/23/2020,11.8087
Canada,CAN,7/24/2020,12.552032
Canada,CAN,7/25/2020,12.533633
Canada,CAN,7/26/2020,13.008336
Canada,CAN,7/27/2020,13.081934
Canada,CAN,7/28/2020,13.140812
Canada,CAN,7/29/2020,12.772825
Canada,CAN,7/30/2020,12.128848
Canada,CAN,7/31/2020,11.646785
Canada,CAN,8/1/2020,11.50327
Canada,CAN,8/2/2020,11.425993
Canada,CAN,8/3/2020,11.194161
Canada,CAN,8/4/2020,10.93657
Canada,CAN,8/5/2020,8.953121
Canada,CAN,8/6/2020,10.292593
Canada,CAN,8/7/2020,10.230036
Canada,CAN,8/8/2020,10.160118
Canada,CAN,8/9/2020,9.832609
Canada,CAN,8/10/2020,9.644937
Canada,CAN,8/11/2020,9.442544
Canada,CAN,8/12/2020,11.407594
Canada,CAN,8/13/2020,9.674376
Canada,CAN,8/14/2020,9.777411
Canada,CAN,8/15/2020,9.891487
Canada,CAN,8/16/2020,9.869409
Canada,CAN,8/17/2020,9.873088
Canada,CAN,8/18/2020,9.755332
Canada,CAN,8/19/2020,10.138039
Canada,CAN,8/20/2020,10.11228
Canada,CAN,8/21/2020,9.792131
Canada,CAN,8/22/2020,9.711174
Canada,CAN,8/23/2020,10.009243
Canada,CAN,8/24/2020,10.082841
Canada,CAN,8/25/2020,10.336752
Canada,CAN,8/26/2020,10.207956
Canada,CAN,8/27/2020,10.35883
Canada,CAN,8/28/2020,10.770976
Canada,CAN,8/29/2020,10.94761
Canada,CAN,8/30/2020,10.811455
Canada,CAN,8/31/2020,11.201521
Canada,CAN,9/1/2020,11.201521
Canada,CAN,9/2/2020,12.150927
Canada,CAN,9/3/2020,12.717627
Canada,CAN,9/4/2020,12.90162
Canada,CAN,9/5/2020,13.413122
Canada,CAN,9/6/2020,14.03502
Canada,CAN,9/7/2020,14.064459
Canada,CAN,9/8/2020,14.553882
Canada,CAN,9/9/2020,11.753501
Canada,CAN,9/10/2020,15.908073
Canada,CAN,9/11/2020,16.084707
Canada,CAN,9/12/2020,16.305498
Canada,CAN,9/13/2020,16.56677
Canada,CAN,9/14/2020,17.09667
Canada,CAN,9/15/2020,17.530895
Canada,CAN,9/16/2020,21.593472
Canada,CAN,9/17/2020,18.601738
Canada,CAN,9/18/2020,20.066324
Canada,CAN,9/19/2020,21.869461
Canada,CAN,9/20/2020,23.127975
Canada,CAN,9/21/2020,24.40857
Canada,CAN,9/22/2020,25.722284
Canada,CAN,9/23/2020,27.24943
Canada,CAN,9/24/2020,28.923769
Canada,CAN,9/25/2020,29.461031
Canada,CAN,9/26/2020,30.27428
Canada,CAN,9/27/2020,31.444479
Canada,CAN,9/28/2020,32.73979
Canada,CAN,9/29/2020,34.870438
Canada,CAN,9/30/2020,36.379185
Canada,CAN,10/1/2020,37.89529
Canada,CAN,10/2/2020,40.496956
Canada,CAN,10/3/2020,42.10138
Canada,CAN,10/4/2020,44.90544
Canada,CAN,10/5/2020,47.10232
Canada,CAN,10/6/2020,47.95237
Canada,CAN,10/7/2020,50.26333
Canada,CAN,10/8/2020,52.850277
Canada,CAN,10/9/2020,52.861317
Canada,CAN,10/10/2020,55.28635
Canada,CAN,10/11/2020,56.88341
Canada,CAN,10/12/2020,57.80338
Canada,CAN,10/13/2020,57.80338
Canada,CAN,10/14/2020,51.0729
Canada,CAN,10/15/2020,57.2514
Canada,CAN,10/16/2020,59.84203
Canada,CAN,10/17/2020,59.50716
Canada,CAN,10/18/2020,58.837425
Canada,CAN,10/19/2020,59.400444
Canada,CAN,10/20/2020,59.922985
Canada,CAN,10/21/2020,68.4382
Canada,CAN,10/22/2020,61.847557
Canada,CAN,10/23/2020,62.465775
Canada,CAN,10/24/2020,64.095955
Canada,CAN,10/25/2020,64.86137
Canada,CAN,10/26/2020,64.905525
Canada,CAN,10/27/2020,66.07573
Canada,CAN,10/28/2020,69.093216
Canada,CAN,10/29/2020,70.6498
Canada,CAN,10/30/2020,70.74916
Canada,CAN,10/31/2020,71.36738
Canada,CAN,11/1/2020,74.5799
Canada,CAN,11/2/2020,79.06198
Canada,CAN,11/3/2020,83.106155
Canada,CAN,11/4/2020,80.029785
Canada,CAN,11/5/2020,81.13375
Canada,CAN,11/6/2020,83.28279
Canada,CAN,11/7/2020,86.83755
Canada,CAN,11/8/2020,87.617676
Canada,CAN,11/9/2020,90.565254
Canada,CAN,11/10/2020,95.53307
Canada,CAN,11/11/2020,98.52481
Canada,CAN,11/12/2020,103.411674
Canada,CAN,11/13/2020,108.107185
Canada,CAN,11/14/2020,112.004166
Canada,CAN,11/15/2020,115.94899
Canada,CAN,11/16/2020,119.70613
Canada,CAN,11/17/2020,120.48259
Canada,CAN,11/18/2020,123.11737
Canada,CAN,11/19/2020,123.0217
Canada,CAN,11/20/2020,123.32345
Canada,CAN,11/21/2020,122.07597
Canada,CAN,11/22/2020,122.9113
Canada,CAN,11/23/2020,124.52309
Canada,CAN,11/24/2020,126.77884
Canada,CAN,11/25/2020,130.13121
Canada,CAN,11/26/2020,132.38696
Canada,CAN,11/27/2020,133.78899
Canada,CAN,11/28/2020,137.42839
Canada,CAN,11/29/2020,141.10457
Canada,CAN,11/30/2020,144.01535
Canada,CAN,12/1/2020,147.90865
Canada,CAN,12/2/2020,149.3438
Canada,CAN,12/3/2020,150.96294
Canada,CAN,12/4/2020,155.69157
Canada,CAN,12/5/2020,158.86362
Canada,CAN,12/6/2020,160.08902
Canada,CAN,12/7/2020,161.93999
Canada,CAN,12/8/2020,163.8204
Canada,CAN,12/9/2020,165.27763
Canada,CAN,12/10/2020,167.67691
Canada,CAN,12/11/2020,167.63275
Canada,CAN,12/12/2020,168.538
Canada,CAN,12/13/2020,170.27121
Canada,CAN,12/14/2020,169.20773
Canada,CAN,12/15/2020,167.71002
Canada,CAN,12/16/2020,168.56375
Canada,CAN,12/17/2020,169.92899
Canada,CAN,12/18/2020,170.37425
Canada,CAN,12/19/2020,171.36414
Canada,CAN,12/20/2020,171.12862
Canada,CAN,12/21/2020,171.8094
Canada,CAN,12/22/2020,172.22522
Canada,CAN,12/23/2020,170.93727
Canada,CAN,12/24/2020,170.3632
Canada,CAN,12/25/2020,171.94188
Canada,CAN,12/26/2020,171.16174
Canada,CAN,12/27/2020,161.53888
Canada,CAN,12/28/2020,166.07985
Canada,CAN,12/29/2020,163.17274
Canada,CAN,12/30/2020,160.99794
Canada,CAN,12/31/2020,161.8995
Canada,CAN,1/1/2021,164.22519
Canada,CAN,1/2/2021,170.29697
Canada,CAN,1/3/2021,182.88213
Canada,CAN,1/4/2021,180.33565
Canada,CAN,1/5/2021,184.87662
Canada,CAN,1/6/2021,192.68161
Canada,CAN,1/7/2021,196.38356
Canada,CAN,1/8/2021,199.67705
Canada,CAN,1/9/2021,199.28697
Canada,CAN,1/10/2021,203.90154
Canada,CAN,1/11/2021,208.42041
Canada,CAN,1/12/2021,212.7737
Canada,CAN,1/13/2021,208.86568
Canada,CAN,1/14/2021,204.59703
Canada,CAN,1/15/2021,199.03307
Canada,CAN,1/16/2021,196.18117
Canada,CAN,1/17/2021,188.97966
Canada,CAN,1/18/2021,183.08452
Canada,CAN,1/19/2021,178.52148
Canada,CAN,1/20/2021,172.54536
Canada,CAN,1/21/2021,166.62814
Canada,CAN,1/22/2021,162.52141
Canada,CAN,1/23/2021,156.59682
Canada,CAN,1/24/2021,153.46158
Canada,CAN,1/25/2021,148.2656
Canada,CAN,1/26/2021,141.80006
Canada,CAN,1/27/2021,139.61055
Canada,CAN,1/28/2021,137.15239
Canada,CAN,1/29/2021,131.4854
Canada,CAN,1/30/2021,127.51849
Canada,CAN,1/31/2021,122.8561
Canada,CAN,2/1/2021,119.22039
Canada,CAN,2/2/2021,115.812836
Canada,CAN,2/3/2021,112.52303
Canada,CAN,2/4/2021,108.16975
Canada,CAN,2/5/2021,104.60027
Canada,CAN,2/6/2021,101.67846
Canada,CAN,2/7/2021,99.22031
Canada,CAN,2/8/2021,95.78331
Canada,CAN,2/9/2021,93.100685
Canada,CAN,2/10/2021,90.27087
Canada,CAN,2/11/2021,89.7152
Canada,CAN,2/12/2021,89.53489
Canada,CAN,2/13/2021,86.215645
Canada,CAN,2/14/2021,82.98104
Canada,CAN,2/15/2021,82.134674
Canada,CAN,2/16/2021,79.1687
Canada,CAN,2/17/2021,77.53116
Canada,CAN,2/18/2021,76.464
Canada,CAN,2/19/2021,74.32967
Canada,CAN,2/20/2021,74.81909
Canada,CAN,2/21/2021,74.62774
Canada,CAN,2/22/2021,73.597374
Canada,CAN,2/23/2021,73.46122
Canada,CAN,2/24/2021,74.771255
Canada,CAN,2/25/2021,76.25424
Canada,CAN,2/26/2021,77.32509
Canada,CAN,2/27/2021,76.66271
Canada,CAN,2/28/2021,77.13373
Canada,CAN,3/1/2021,77.4134
Canada,CAN,3/2/2021,77.51276
Canada,CAN,3/3/2021,76.47504
Canada,CAN,3/4/2021,75.24964
Canada,CAN,3/5/2021,74.94053
Canada,CAN,3/6/2021,73.82921
Canada,CAN,3/7/2021,74.35911
Canada,CAN,3/8/2021,72.817245
Canada,CAN,3/9/2021,73.453865
Canada,CAN,3/10/2021,75.07668
Canada,CAN,3/11/2021,76.412476
Canada,CAN,3/12/2021,77.924904
Canada,CAN,3/13/2021,78.62408
Canada,CAN,3/14/2021,78.97735
Canada,CAN,3/15/2021,81.4171
Canada,CAN,3/16/2021,82.96265
Canada,CAN,3/17/2021,82.25979
Canada,CAN,3/18/2021,82.25611
Canada,CAN,3/19/2021,82.848564
Canada,CAN,3/20/2021,84.971855
Canada,CAN,3/21/2021,87.75015
Canada,CAN,3/22/2021,89.48337
Canada,CAN,3/23/2021,91.03259
Canada,CAN,3/24/2021,94.451195
Canada,CAN,3/25/2021,97.34725
Canada,CAN,3/26/2021,99.76492
Canada,CAN,3/27/2021,105.656395
Canada,CAN,3/28/2021,108.89836
Canada,CAN,3/29/2021,113.880905
Canada,CAN,3/30/2021,118.51754
Canada,CAN,3/31/2021,121.457756
Canada,CAN,4/1/2021,126.13854
Canada,CAN,4/2/2021,131.55531
Canada,CAN,4/3/2021,133.78163
Canada,CAN,4/4/2021,140.50107
Canada,CAN,4/5/2021,145.86632
Canada,CAN,4/6/2021,150.73111
Canada,CAN,4/7/2021,156.96112
Canada,CAN,4/8/2021,163.00348
Canada,CAN,4/9/2021,169.0127
Canada,CAN,4/10/2021,177.07161
Canada,CAN,4/11/2021,185.61627
Canada,CAN,4/12/2021,191.94565
Canada,CAN,4/13/2021,200.07079
Canada,CAN,4/14/2021,208.43146
Canada,CAN,4/15/2021,212.19228
Canada,CAN,4/16/2021,217.53545
Canada,CAN,4/17/2021,223.33124
Canada,CAN,4/18/2021,223.69186
Canada,CAN,4/19/2021,224.88783
Canada,CAN,4/20/2021,224.40208
Canada,CAN,4/21/2021,223.56308
Canada,CAN,4/22/2021,222.58055
Canada,CAN,4/23/2021,221.92186
Canada,CAN,4/24/2021,217.5465
Canada,CAN,4/25/2021,215.32753
Canada,CAN,4/26/2021,213.25945
Canada,CAN,4/27/2021,210.70193
Canada,CAN,4/28/2021,206.62463
Canada,CAN,4/29/2021,205.86658
Canada,CAN,4/30/2021,203.40108
Canada,CAN,5/1/2021,203.26123
Canada,CAN,5/2/2021,201.79665
Canada,CAN,5/3/2021,202.33023
Canada,CAN,5/4/2021,202.32655
Canada,CAN,5/5/2021,203.65866
Canada,CAN,5/6/2021,202.25664
Canada,CAN,5/7/2021,200.93556
Canada,CAN,5/8/2021,199.67705
Canada,CAN,5/9/2021,197.7856
Canada,CAN,5/10/2021,193.91437
Canada,CAN,5/11/2021,191.96036
Canada,CAN,5/12/2021,187.44516
Canada,CAN,5/13/2021,182.63925
Canada,CAN,5/14/2021,178.30437
Canada,CAN,5/15/2021,173.21878
Canada,CAN,5/16/2021,166.49934
Canada,CAN,5/17/2021,160.28773
Canada,CAN,5/18/2021,153.2923
Canada,CAN,5/19/2021,146.85252
Canada,CAN,5/20/2021,141.89206
Canada,CAN,5/21/2021,134.66112
Canada,CAN,5/22/2021,128.89476
Canada,CAN,5/23/2021,124.0447
Canada,CAN,5/24/2021,117.75212
Canada,CAN,5/25/2021,111.6509
Canada,CAN,5/26/2021,106.36293
Canada,CAN,5/27/2021,100.72537
Canada,CAN,5/28/2021,94.635185
Canada,CAN,5/29/2021,86.9553
Canada,CAN,5/30/2021,81.51646
Canada,CAN,5/31/2021,76.79887
Canada,CAN,6/1/2021,72.14383
Canada,CAN,6/2/2021,68.3094
Canada,CAN,6/3/2021,65.13
Canada,CAN,6/4/2021,63.17967
Canada,CAN,6/5/2021,60.250492
Canada,CAN,6/6/2021,56.04072
Canada,CAN,6/7/2021,52.982754
Canada,CAN,6/8/2021,49.479515
Canada,CAN,6/9/2021,46.252274
Canada,CAN,6/10/2021,44.89072
Canada,CAN,6/11/2021,42.465687
Canada,CAN,6/12/2021,39.92658
Canada,CAN,6/13/2021,37.58986
Canada,CAN,6/14/2021,35.742565
Canada,CAN,6/15/2021,34.682766
Canada,CAN,6/16/2021,33.64136
Canada,CAN,6/17/2021,31.944942
Canada,CAN,6/18/2021,30.638588
Canada,CAN,6/19/2021,29.269676
Canada,CAN,6/20/2021,27.749891
Canada,CAN,6/21/2021,26.182266
Canada,CAN,6/22/2021,24.596243
Canada,CAN,6/23/2021,23.164774
Canada,CAN,6/24/2021,22.480318
Canada,CAN,6/25/2021,21.291721
Canada,CAN,6/26/2021,19.823454
Canada,CAN,6/27/2021,18.557579
Canada,CAN,6/28/2021,17.486736
Canada,CAN,6/29/2021,16.393816
Canada,CAN,6/30/2021,16.761803
Canada,CAN,7/1/2021,16.691885
Canada,CAN,7/2/2021,16.040548
Canada,CAN,7/3/2021,15.657842
Canada,CAN,7/4/2021,14.774673
Canada,CAN,7/5/2021,13.847346
Canada,CAN,7/6/2021,13.917264
Canada,CAN,7/7/2021,12.883221
Canada,CAN,7/8/2021,12.279722
Canada,CAN,7/9/2021,12.301802
Canada,CAN,7/10/2021,12.165647
Canada,CAN,7/11/2021,13.424162
Canada,CAN,7/12/2021,13.332165
Canada,CAN,7/13/2021,13.151852
Canada,CAN,7/14/2021,12.758105
Canada,CAN,7/15/2021,12.382759
Canada,CAN,7/16/2021,11.746141
Canada,CAN,7/17/2021,11.2236
Canada,CAN,7/18/2021,9.851009
Canada,CAN,7/19/2021,9.810531
Canada,CAN,7/20/2021,9.895167
Canada,CAN,7/21/2021,9.869409
Canada,CAN,7/22/2021,9.880448
Canada,CAN,7/23/2021,9.950365
Canada,CAN,7/24/2021,10.483947
Canada,CAN,7/25/2021,11.297197
Canada,CAN,7/26/2021,11.801339
Canada,CAN,7/27/2021,12.452676
Canada,CAN,7/28/2021,13.081934
Canada,CAN,7/29/2021,13.961423
Canada,CAN,7/30/2021,15.304575
Canada,CAN,7/31/2021,16.496853
Canada,CAN,8/1/2021,17.560335
Canada,CAN,8/2/2021,18.487661
Canada,CAN,8/3/2021,20.000088
Canada,CAN,8/4/2021,20.975252
Canada,CAN,8/5/2021,21.560352
Canada,CAN,8/6/2021,22.270567
Canada,CAN,8/7/2021,24.305534
Canada,CAN,8/8/2021,26.561293
Canada,CAN,8/9/2021,28.761856
Canada,CAN,8/10/2021,31.42608
Canada,CAN,8/11/2021,33.295452
Canada,CAN,8/12/2021,35.536495
Canada,CAN,8/13/2021,38.859417
Canada,CAN,8/14/2021,41.413246
Canada,CAN,8/15/2021,44.710407
Canada,CAN,8/16/2021,47.99285
Canada,CAN,8/17/2021,48.26884
Canada,CAN,8/18/2021,51.10234
Canada,CAN,8/19/2021,52.6994
Canada,CAN,8/20/2021,54.74909
Canada,CAN,8/21/2021,56.923893
Canada,CAN,8/22/2021,58.9331
Canada,CAN,8/23/2021,61.210938
Canada,CAN,8/24/2021,64.73625
Canada,CAN,8/25/2021,65.02696
Canada,CAN,8/26/2021,67.06193
Canada,CAN,8/27/2021,70.40325
Canada,CAN,8/28/2021,72.72893
Canada,CAN,8/29/2021,75.6949
Canada,CAN,8/30/2021,79.521965
Canada,CAN,8/31/2021,80.71424
Canada,CAN,9/1/2021,83.20551
Canada,CAN,9/2/2021,85.32512
Canada,CAN,9/3/2021,87.20921
Canada,CAN,9/4/2021,89.72624
Canada,CAN,9/5/2021,91.17243
Canada,CAN,9/6/2021,91.558815
Canada,CAN,9/7/2021,95.11725
Canada,CAN,9/8/2021,95.93786
Canada,CAN,9/9/2021,97.44661
Canada,CAN,9/10/2021,96.72167
Canada,CAN,9/11/2021,97.20006
Canada,CAN,9/12/2021,98.91856
Canada,CAN,9/13/2021,102.00229
Canada,CAN,9/14/2021,102.33715
Canada,CAN,9/15/2021,105.79255
Canada,CAN,9/16/2021,108.46046
Canada,CAN,9/17/2021,110.82293
Canada,CAN,9/18/2021,112.70335
Canada,CAN,9/19/2021,114.41816
Canada,CAN,9/20/2021,113.222206
Canada,CAN,9/21/2021,113.62699
Canada,CAN,9/22/2021,113.4798
Canada,CAN,9/23/2021,112.64815
Canada,CAN,9/24/2021,111.062126
Canada,CAN,9/25/2021,110.80085
Canada,CAN,9/26/2021,109.001396
Canada,CAN,9/27/2021,110.53222
Canada,CAN,9/28/2021,110.524864
Canada,CAN,9/29/2021,112.07777
Canada,CAN,9/30/2021,110.86341
Canada,CAN,10/1/2021,112.43103
Canada,CAN,10/2/2021,112.32064
Canada,CAN,10/3/2021,111.62882
Canada,CAN,10/4/2021,109.69689
Canada,CAN,10/5/2021,107.124664
Canada,CAN,10/6/2021,103.9011
Canada,CAN,10/7/2021,101.42087
Canada,CAN,10/8/2021,99.35278
Canada,CAN,10/9/2021,97.55701
Canada,CAN,10/10/2021,96.49352
Canada,CAN,10/11/2021,93.82194
Canada,CAN,10/12/2021,93.43923
Canada,CAN,10/13/2021,90.694046
Canada,CAN,10/14/2021,88.88723
Canada,CAN,10/15/2021,84.9277
Canada,CAN,10/16/2021,81.59005
Canada,CAN,10/17/2021,79.05094
Canada,CAN,10/18/2021,77.74827
Canada,CAN,10/19/2021,75.407875
Canada,CAN,10/20/2021,73.99113
Canada,CAN,10/21/2021,73.74825
Canada,CAN,10/22/2021,73.755615
Canada,CAN,10/23/2021,72.655334
Canada,CAN,10/24/2021,70.16774
Canada,CAN,10/25/2021,67.23856
Canada,CAN,10/26/2021,64.979126
Canada,CAN,10/27/2021,63.4483
Canada,CAN,10/28/2021,61.667244
Canada,CAN,10/29/2021,61.129982
Canada,CAN,10/30/2021,60.29097
Canada,CAN,10/31/2021,59.665394
Canada,CAN,11/1/2021,59.01774
Canada,CAN,11/2/2021,58.193447
Canada,CAN,11/3/2021,58.491516
Canada,CAN,11/4/2021,58.785904
Canada,CAN,11/5/2021,57.78498
Canada,CAN,11/6/2021,57.457474
Canada,CAN,11/7/2021,57.24036
Canada,CAN,11/8/2021,58.63503
Canada,CAN,11/9/2021,60.05546
Canada,CAN,11/10/2021,60.795113
Canada,CAN,11/11/2021,62.760162
Canada,CAN,11/12/2021,64.14748
Canada,CAN,11/13/2021,64.65897
Canada,CAN,11/14/2021,65.00856
Canada,CAN,11/15/2021,64.581696
Canada,CAN,11/16/2021,64.095955
Canada,CAN,11/17/2021,64.21739
Canada,CAN,11/18/2021,62.480495
Canada,CAN,11/19/2021,61.821796
Canada,CAN,11/20/2021,61.96163
Canada,CAN,11/21/2021,62.87056
Canada,CAN,11/22/2021,63.816288
Canada,CAN,11/23/2021,64.37195
Canada,CAN,11/24/2021,64.86505
Canada,CAN,11/25/2021,66.04261
Canada,CAN,11/26/2021,66.7197
Canada,CAN,11/27/2021,67.17601
Canada,CAN,11/28/2021,72.62957
Canada,CAN,11/29/2021,73.089554
Canada,CAN,11/30/2021,73.670975
Canada,CAN,12/1/2021,73.77033
Canada,CAN,12/2/2021,74.200874
Canada,CAN,12/3/2021,76.188
Canada,CAN,12/4/2021,77.45388
Canada,CAN,12/5/2021,74.28919
Canada,CAN,12/6/2021,76.45296
Canada,CAN,12/7/2021,79.33061
Canada,CAN,12/8/2021,81.33246
Canada,CAN,12/9/2021,83.59558
Canada,CAN,12/10/2021,85.00865
Canada,CAN,12/11/2021,88.82099
Canada,CAN,12/12/2021,93.45395
Canada,CAN,12/13/2021,98.315056
Canada,CAN,12/14/2021,101.64534
Canada,CAN,12/15/2021,106.32981
Canada,CAN,12/16/2021,111.55891
Canada,CAN,12/17/2021,120.188194
Canada,CAN,12/18/2021,130.73839
Canada,CAN,12/19/2021,146.99236
Canada,CAN,12/20/2021,163.45242
Canada,CAN,12/21/2021,186.63191
Canada,CAN,12/22/2021,210.63937
Canada,CAN,12/23/2021,237.4693
Canada,CAN,12/24/2021,271.05545
Canada,CAN,12/25/2021,320.98392
Canada,CAN,12/26/2021,345.9923
Canada,CAN,12/27/2021,375.43127
Canada,CAN,12/28/2021,391.6926
Canada,CAN,12/29/2021,533.2756
Canada,CAN,12/30/2021,589.84985
Canada,CAN,12/31/2021,652.84186
Canada,CAN,1/1/2022,723.8964
Canada,CAN,1/2/2022,833.80676
Canada,CAN,1/3/2022,939.4779
Canada,CAN,1/4/2022,1050.9963
Canada,CAN,1/5/2022,1010.2565
Canada,CAN,1/6/2022,1048.3616
Canada,CAN,1/7/2022,1075.2725
Canada,CAN,1/8/2022,1086.8088
Canada,CAN,1/9/2022,1081.267
Canada,CAN,1/10/2022,1062.6394
Canada,CAN,1/11/2022,1037.8334
Canada,CAN,1/12/2022,1023.4709
Canada,CAN,1/13/2022,992.3429
Canada,CAN,1/14/2022,966.73834
Canada,CAN,1/15/2022,923.3895
Canada,CAN,1/16/2022,876.7987
Canada,CAN,1/17/2022,832.05145
Canada,CAN,1/18/2022,795.0688
Canada,CAN,1/19/2022,756.17993
Canada,CAN,1/20/2022,727.5285
Canada,CAN,1/21/2022,690.07477
Canada,CAN,1/22/2022,662.81433
Canada,CAN,1/23/2022,631.5023
Canada,CAN,1/24/2022,603.5537
Canada,CAN,1/25/2022,572.1092
Canada,CAN,1/26/2022,536.2562
Canada,CAN,1/27/2022,510.50452
Canada,CAN,1/28/2022,496.49158
Canada,CAN,1/29/2022,476.42896
Canada,CAN,1/30/2022,456.3148
Canada,CAN,1/31/2022,435.04147
Canada,CAN,2/1/2022,411.37253
Canada,CAN,2/2/2022,399.8104
Canada,CAN,2/3/2022,388.44696
Canada,CAN,2/4/2022,375.96484
Canada,CAN,2/5/2022,360.20764
Canada,CAN,2/6/2022,347.05948
Canada,CAN,2/7/2022,332.2664
Canada,CAN,2/8/2022,320.30682
Canada,CAN,2/9/2022,309.84128
Canada,CAN,2/10/2022,301.65726
Canada,CAN,2/11/2022,287.09232
Canada,CAN,2/12/2022,273.90735
Canada,CAN,2/13/2022,259.4381
Canada,CAN,2/14/2022,258.35257
Canada,CAN,2/15/2022,249.15288
Canada,CAN,2/16/2022,241.51347
Canada,CAN,2/17/2022,231.13992
Canada,CAN,2/18/2022,219.64769
Canada,CAN,2/19/2022,208.42778
Canada,CAN,2/20/2022,196.77364
Canada,CAN,2/21/2022,183.30531
Canada,CAN,2/22/2022,172.23627
Canada,CAN,2/23/2022,168.29144
Canada,CAN,2/24/2022,166.5288
Canada,CAN,2/25/2022,160.48643
Canada,CAN,2/26/2022,158.07245
Canada,CAN,2/27/2022,157.0384
Canada,CAN,2/28/2022,152.17729
Canada,CAN,3/1/2022,152.14786
Canada,CAN,3/2/2022,156.46434
Canada,CAN,3/3/2022,150.45145
Canada,CAN,3/4/2022,152.41281
Canada,CAN,3/5/2022,148.98317
Canada,CAN,3/6/2022,149.08253
Canada,CAN,3/7/2022,146.18279
Canada,CAN,3/8/2022,143.59584
Canada,CAN,3/9/2022,142.68324
Canada,CAN,3/10/2022,150.0577
Canada,CAN,3/11/2022,146.84517
Canada,CAN,3/12/2022,145.70808
Canada,CAN,3/13/2022,143.50017
Canada,CAN,3/14/2022,142.55444
Canada,CAN,3/15/2022,145.9804
Canada,CAN,3/16/2022,139.66942
Canada,CAN,3/17/2022,141.51672
Canada,CAN,3/18/2022,140.8617
Canada,CAN,3/19/2022,140.6593
Canada,CAN,3/20/2022,137.40262
Canada,CAN,3/21/2022,143.98592
Canada,CAN,3/22/2022,145.42105
Canada,CAN,3/23/2022,142.4882
Canada,CAN,3/24/2022,154.0246
Canada,CAN,3/25/2022,151.63635
Canada,CAN,3/26/2022,152.72928
Canada,CAN,3/27/2022,155.18375
Canada,CAN,3/28/2022,158.72379
Canada,CAN,3/29/2022,164.7514
Canada,CAN,3/30/2022,167.97498
Canada,CAN,3/31/2022,191.10295
Canada,CAN,4/1/2022,197.25937
Canada,CAN,4/2/2022,201.67154
Canada,CAN,4/3/2022,207.53357
Canada,CAN,4/4/2022,214.99634
Canada,CAN,4/5/2022,222.2972
Canada,CAN,4/6/2022,225.86299
Canada,CAN,4/7/2022,242.30464
Canada,CAN,4/8/2022,245.61285
Canada,CAN,4/9/2022,249.95877
Canada,CAN,4/10/2022,252.64508
Canada,CAN,4/11/2022,259.3314
Canada,CAN,4/12/2022,261.66077
Canada,CAN,4/13/2022,287.0077
Canada,CAN,4/14/2022,261.90363
Canada,CAN,4/15/2022,261.27438
Canada,CAN,4/16/2022,260.21088
Canada,CAN,4/17/2022,246.35251
Canada,CAN,4/18/2022,245.00935
Canada,CAN,4/19/2022,218.84917
Canada,CAN,4/20/2022,244.81064
Canada,CAN,4/21/2022,236.829
Canada,CAN,4/22/2022,222.0801
Canada,CAN,4/23/2022,222.30457
Canada,CAN,4/24/2022,232.74066
Canada,CAN,4/25/2022,237.15283
Canada,CAN,4/26/2022,249.30376
Canada,CAN,4/27/2022,212.58235
Canada,CAN,4/28/2022,214.83075
Canada,CAN,4/29/2022,220.60814
Canada,CAN,4/30/2022,211.01472
Canada,CAN,5/1/2022,200.62277
Canada,CAN,5/2/2022,190.77913
Canada,CAN,5/3/2022,181.61993
Canada,CAN,5/4/2022,169.91058
Canada,CAN,5/5/2022,161.72656
Canada,CAN,5/6/2022,158.411
Canada,CAN,5/7/2022,153.86267
Canada,CAN,5/8/2022,151.12854
Canada,CAN,5/9/2022,144.80284
Canada,CAN,5/10/2022,142.72003
Canada,CAN,5/11/2022,140.203
Canada,CAN,5/12/2022,131.0291
Canada,CAN,5/13/2022,126.99596
Canada,CAN,5/14/2022,122.40348
Canada,CAN,5/15/2022,119.29399
Canada,CAN,5/16/2022,112.11456
Canada,CAN,5/17/2022,110.06488
Canada,CAN,5/18/2022,106.29669
Canada,CAN,5/19/2022,100.3721
Canada,CAN,5/20/2022,97.95443
Canada,CAN,5/21/2022,95.260765
Canada,CAN,5/22/2022,92.19911
Canada,CAN,5/23/2022,87.142975
Canada,CAN,5/24/2022,84.55603
Canada,CAN,5/25/2022,79.2607
Canada,CAN,5/26/2022,73.9212
Canada,CAN,5/27/2022,69.91015
Canada,CAN,5/28/2022,68.97914
Canada,CAN,5/29/2022,67.70959
Canada,CAN,5/30/2022,65.41335
Canada,CAN,5/31/2022,64.64058
Canada,CAN,6/1/2022,64.471306
Canada,CAN,6/2/2022,63.363663
Canada,CAN,6/3/2022,64.80249
Canada,CAN,6/4/2022,63.842045
Canada,CAN,6/5/2022,62.653446
Canada,CAN,6/6/2022,50.270687
Canada,CAN,6/7/2022,47.96709
Canada,CAN,6/8/2022,45.372784
Canada,CAN,6/9/2022,39.764664
Canada,CAN,6/10/2022,47.308395
Canada,CAN,6/11/2022,51.893513
Canada,CAN,6/12/2022,46.62394
Canada,CAN,6/13/2022,43.308376
Canada,CAN,6/14/2022,40.69567
Canada,CAN,6/15/2022,33.810635
Canada,CAN,6/16/2022,25.229181
Canada,CAN,6/17/2022,10.999128
Canada,CAN,6/18/2022,85.7851
Canada,CAN,6/19/2022,85.7851
Canada,CAN,6/20/2022,85.7851
Canada,CAN,6/21/2022,85.7851
Canada,CAN,6/22/2022,85.7851
Canada,CAN,6/23/2022,85.7851
Canada,CAN,6/24/2022,85.7851
Canada,CAN,6/25/2022,56.901814
Canada,CAN,6/26/2022,56.901814
Canada,CAN,6/27/2022,56.901814
Canada,CAN,6/28/2022,56.901814
Canada,CAN,6/29/2022,56.901814
Canada,CAN,6/30/2022,56.901814
Canada,CAN,7/1/2022,56.901814
Canada,CAN,7/2/2022,65.325035
Canada,CAN,7/3/2022,65.325035
Canada,CAN,7/4/2022,65.325035
Canada,CAN,7/5/2022,65.325035
Canada,CAN,7/6/2022,65.325035
Canada,CAN,7/7/2022,65.325035
Canada,CAN,7/8/2022,65.325035
Canada,CAN,7/9/2022,83.39319
Canada,CAN,7/10/2022,83.39319
Canada,CAN,7/11/2022,83.39319
Canada,CAN,7/12/2022,83.39319
Canada,CAN,7/13/2022,83.39319
Canada,CAN,7/14/2022,83.39319
Canada,CAN,7/15/2022,83.39319
Canada,CAN,7/16/2022,101.40614
Canada,CAN,7/17/2022,101.40614
Canada,CAN,7/18/2022,101.40614
Canada,CAN,7/19/2022,101.40614
Canada,CAN,7/20/2022,101.40614
Canada,CAN,7/21/2022,101.40614
Canada,CAN,7/22/2022,101.40614
Canada,CAN,7/23/2022,119.356544
Canada,CAN,7/24/2022,119.356544
Canada,CAN,7/25/2022,119.356544
Canada,CAN,7/26/2022,119.356544
Canada,CAN,7/27/2022,119.356544
Canada,CAN,7/28/2022,119.356544
Canada,CAN,7/29/2022,119.356544
Canada,CAN,7/30/2022,122.60955
Canada,CAN,7/31/2022,122.60955
Canada,CAN,8/1/2022,122.60955
Canada,CAN,8/2/2022,122.60955
Canada,CAN,8/3/2022,122.60955
Canada,CAN,8/4/2022,122.60955
Canada,CAN,8/5/2022,122.60955
Canada,CAN,8/6/2022,106.16054
Canada,CAN,8/7/2022,106.16054
Canada,CAN,8/8/2022,106.16054
Canada,CAN,8/9/2022,106.16054
Canada,CAN,8/10/2022,106.16054
Canada,CAN,8/11/2022,106.16054
Canada,CAN,8/12/2022,106.16054
Canada,CAN,8/13/2022,94.54319
Canada,CAN,8/14/2022,94.54319
Canada,CAN,8/15/2022,94.54319
Canada,CAN,8/16/2022,94.54319
Canada,CAN,8/17/2022,94.54319
Canada,CAN,8/18/2022,94.54319
Canada,CAN,8/19/2022,94.54319
Canada,CAN,8/20/2022,87.97095
Canada,CAN,8/21/2022,87.97095
Canada,CAN,8/22/2022,87.97095
Canada,CAN,8/23/2022,87.97095
Canada,CAN,8/24/2022,87.97095
Canada,CAN,8/25/2022,87.97095
Canada,CAN,8/26/2022,87.97095
Canada,CAN,8/27/2022,84.938736
Canada,CAN,8/28/2022,84.938736
Canada,CAN,8/29/2022,84.938736
Canada,CAN,8/30/2022,84.938736
Canada,CAN,8/31/2022,84.938736
Canada,CAN,9/1/2022,84.938736
Canada,CAN,9/2/2022,84.938736
Canada,CAN,9/3/2022,77.59371
Canada,CAN,9/4/2022,77.59371
Canada,CAN,9/5/2022,77.59371
Canada,CAN,9/6/2022,77.59371
Canada,CAN,9/7/2022,77.59371
Canada,CAN,9/8/2022,77.59371
Canada,CAN,9/9/2022,77.59371
Canada,CAN,9/10/2022,67.99662
Canada,CAN,9/11/2022,67.99662
Canada,CAN,9/12/2022,67.99662
Canada,CAN,9/13/2022,67.99662
Canada,CAN,9/14/2022,67.99662
Canada,CAN,9/15/2022,67.99662
Canada,CAN,9/16/2022,67.99662
Canada,CAN,9/17/2022,61.549488
Canada,CAN,9/18/2022,61.549488
Canada,CAN,9/19/2022,61.549488
Canada,CAN,9/20/2022,61.549488
Canada,CAN,9/21/2022,61.549488
Canada,CAN,9/22/2022,61.549488
Canada,CAN,9/23/2022,61.549488
Canada,CAN,9/24/2022,64.61114
Canada,CAN,9/25/2022,64.61114
Canada,CAN,9/26/2022,64.61114
Canada,CAN,9/27/2022,64.61114
Canada,CAN,9/28/2022,64.61114
Canada,CAN,9/29/2022,64.61114
Canada,CAN,9/30/2022,64.61114
Canada,CAN,10/1/2022,68.6038
Canada,CAN,10/2/2022,68.6038
Canada,CAN,10/3/2022,68.6038
Canada,CAN,10/4/2022,68.6038
Canada,CAN,10/5/2022,68.6038
Canada,CAN,10/6/2022,68.6038
Canada,CAN,10/7/2022,68.6038
Canada,CAN,10/8/2022,72.25055
Canada,CAN,10/9/2022,72.25055
Canada,CAN,10/10/2022,72.25055
Canada,CAN,10/11/2022,72.25055
Canada,CAN,10/12/2022,72.25055
Canada,CAN,10/13/2022,72.25055
Canada,CAN,10/14/2022,72.25055
Canada,CAN,10/15/2022,75.11349
Canada,CAN,10/16/2022,75.11349
Canada,CAN,10/17/2022,75.11349
Canada,CAN,10/18/2022,75.11349
Canada,CAN,10/19/2022,75.11349
Canada,CAN,10/20/2022,75.11349
Canada,CAN,10/21/2022,75.11349
Canada,CAN,10/22/2022,78.94791
Canada,CAN,10/23/2022,78.94791
Canada,CAN,10/24/2022,78.94791
Canada,CAN,10/25/2022,78.94791
Canada,CAN,10/26/2022,78.94791
Canada,CAN,10/27/2022,78.94791
Canada,CAN,10/28/2022,78.94791
Canada,CAN,10/29/2022,78.59832
Canada,CAN,10/30/2022,78.59832
Canada,CAN,10/31/2022,78.59832
Canada,CAN,11/1/2022,78.59832
Canada,CAN,11/2/2022,78.59832
Canada,CAN,11/3/2022,78.59832
Canada,CAN,11/4/2022,78.59832
Canada,CAN,11/5/2022,77.14477
Canada,CAN,11/6/2022,77.14477
Canada,CAN,11/7/2022,77.14477
Canada,CAN,11/8/2022,77.14477
Canada,CAN,11/9/2022,77.14477
Canada,CAN,11/10/2022,77.14477
Canada,CAN,11/11/2022,77.14477
Canada,CAN,11/12/2022,67.69487
Canada,CAN,11/13/2022,67.69487
Canada,CAN,11/14/2022,67.69487
Canada,CAN,11/15/2022,67.69487
Canada,CAN,11/16/2022,67.69487
Canada,CAN,11/17/2022,67.69487
Canada,CAN,11/18/2022,67.69487
Canada,CAN,11/19/2022,56.261517
Canada,CAN,11/20/2022,56.261517
Canada,CAN,11/21/2022,56.261517
Canada,CAN,11/22/2022,56.261517
Canada,CAN,11/23/2022,56.261517
Canada,CAN,11/24/2022,56.261517
Canada,CAN,11/25/2022,56.261517
Canada,CAN,11/26/2022,53.659847
Canada,CAN,11/27/2022,53.659847
Canada,CAN,11/28/2022,53.659847
Canada,CAN,11/29/2022,53.659847
Canada,CAN,11/30/2022,53.659847
Canada,CAN,12/1/2022,53.659847
Canada,CAN,12/2/2022,53.659847
Canada,CAN,12/3/2022,55.691135
Canada,CAN,12/4/2022,55.691135
Canada,CAN,12/5/2022,55.691135
Canada,CAN,12/6/2022,55.691135
Canada,CAN,12/7/2022,55.691135
Canada,CAN,12/8/2022,55.691135
Canada,CAN,12/9/2022,55.691135
Canada,CAN,12/10/2022,59.646996
Canada,CAN,12/11/2022,59.646996
Canada,CAN,12/12/2022,59.646996
Canada,CAN,12/13/2022,59.646996
Canada,CAN,12/14/2022,59.646996
Canada,CAN,12/15/2022,59.646996
Canada,CAN,12/16/2022,59.646996
Canada,CAN,12/17/2022,61.17782
Canada,CAN,12/18/2022,61.17782
Canada,CAN,12/19/2022,61.17782
Canada,CAN,12/20/2022,61.17782
Canada,CAN,12/21/2022,61.17782
Canada,CAN,12/22/2022,61.17782
Canada,CAN,12/23/2022,61.17782
Canada,CAN,12/24/2022,64.02236
Canada,CAN,12/25/2022,64.02236
Canada,CAN,12/26/2022,64.02236
Canada,CAN,12/27/2022,64.02236
Canada,CAN,12/28/2022,64.02236
Canada,CAN,12/29/2022,64.02236
Canada,CAN,12/30/2022,64.02236
Canada,CAN,12/31/2022,60.33145
Canada,CAN,1/1/2023,60.33145
Canada,CAN,1/2/2023,60.33145
Canada,CAN,1/3/2023,60.33145
Canada,CAN,1/4/2023,60.33145
Canada,CAN,1/5/2023,60.33145
Canada,CAN,1/6/2023,60.33145
Canada,CAN,1/7/2023,61.420692
Canada,CAN,1/8/2023,61.420692
Canada,CAN,1/9/2023,61.420692
Canada,CAN,1/10/2023,61.420692
Canada,CAN,1/11/2023,61.420692
Canada,CAN,1/12/2023,61.420692
Canada,CAN,1/13/2023,61.420692
Canada,CAN,1/14/2023,61.80708
Canada,CAN,1/15/2023,61.80708
Canada,CAN,1/16/2023,61.80708
Canada,CAN,1/17/2023,61.80708
Canada,CAN,1/18/2023,61.80708
Canada,CAN,1/19/2023,61.80708
Canada,CAN,1/20/2023,61.80708
Canada,CAN,1/21/2023,50.318527
Canada,CAN,1/22/2023,50.318527
Canada,CAN,1/23/2023,50.318527
Canada,CAN,1/24/2023,50.318527
Canada,CAN,1/25/2023,50.318527
Canada,CAN,1/26/2023,50.318527
Canada,CAN,1/27/2023,50.318527
Canada,CAN,1/28/2023,42.152897
Canada,CAN,1/29/2023,42.152897
Canada,CAN,1/30/2023,42.152897
Canada,CAN,1/31/2023,42.152897
Canada,CAN,2/1/2023,42.152897
Canada,CAN,2/2/2023,42.152897
Canada,CAN,2/3/2023,42.152897
Canada,CAN,2/4/2023,38.038803
Canada,CAN,2/5/2023,38.038803
Canada,CAN,2/6/2023,38.038803
Canada,CAN,2/7/2023,38.038803
Canada,CAN,2/8/2023,38.038803
Canada,CAN,2/9/2023,38.038803
Canada,CAN,2/10/2023,38.038803
Canada,CAN,2/11/2023,38.024086
Canada,CAN,2/12/2023,38.024086
Canada,CAN,2/13/2023,38.024086
Canada,CAN,2/14/2023,38.024086
Canada,CAN,2/15/2023,38.024086
Canada,CAN,2/16/2023,38.024086
Canada,CAN,2/17/2023,38.024086
Canada,CAN,2/18/2023,37.98361
Canada,CAN,2/19/2023,37.98361
Canada,CAN,2/20/2023,37.98361
Canada,CAN,2/21/2023,37.98361
Canada,CAN,2/22/2023,37.98361
Canada,CAN,2/23/2023,37.98361
Canada,CAN,2/24/2023,37.98361
Canada,CAN,2/25/2023,35.58433
Canada,CAN,2/26/2023,35.58433
Canada,CAN,2/27/2023,35.58433
Canada,CAN,2/28/2023,35.58433
Canada,CAN,3/1/2023,35.58433
Canada,CAN,3/2/2023,35.58433
Canada,CAN,3/3/2023,35.58433
Canada,CAN,3/4/2023,33.711277
Canada,CAN,3/5/2023,33.711277
Canada,CAN,3/6/2023,33.711277
Canada,CAN,3/7/2023,33.711277
Canada,CAN,3/8/2023,33.711277
Canada,CAN,3/9/2023,33.711277
Canada,CAN,3/10/2023,33.711277
Canada,CAN,3/11/2023,32.923786
Canada,CAN,3/12/2023,32.923786
Canada,CAN,3/13/2023,32.923786
Canada,CAN,3/14/2023,32.923786
Canada,CAN,3/15/2023,32.923786
Canada,CAN,3/16/2023,32.923786
Canada,CAN,3/17/2023,32.923786
Canada,CAN,3/18/2023,31.591675
Canada,CAN,3/19/2023,31.591675
Canada,CAN,3/20/2023,31.591675
Canada,CAN,3/21/2023,31.591675
Canada,CAN,3/22/2023,31.591675
Canada,CAN,3/23/2023,31.591675
Canada,CAN,3/24/2023,31.591675
Canada,CAN,3/25/2023,30.712185
Canada,CAN,3/26/2023,30.712185
Canada,CAN,3/27/2023,30.712185
Canada,CAN,3/28/2023,30.712185
Canada,CAN,3/29/2023,30.712185
Canada,CAN,3/30/2023,30.712185
Canada,CAN,3/31/2023,30.712185
Canada,CAN,4/1/2023,28.88697
Canada,CAN,4/2/2023,28.88697
Canada,CAN,4/3/2023,28.88697
Canada,CAN,4/4/2023,28.88697
Canada,CAN,4/5/2023,28.88697
Canada,CAN,4/6/2023,28.88697
Canada,CAN,4/7/2023,28.88697
Canada,CAN,4/8/2023,0
Canada,CAN,4/9/2023,26.07187
Canada,CAN,4/10/2023,26.07187
Canada,CAN,4/11/2023,26.07187
Canada,CAN,4/12/2023,26.07187
Canada,CAN,4/13/2023,26.07187
Canada,CAN,4/14/2023,26.07187
Canada,CAN,4/15/2023,26.07187
Canada,CAN,4/16/2023,23.157415
Canada,CAN,4/17/2023,23.157415
Canada,CAN,4/18/2023,23.157415
Canada,CAN,4/19/2023,23.157415
Canada,CAN,4/20/2023,23.157415
Canada,CAN,4/21/2023,23.157415
Canada,CAN,4/22/2023,23.157415
Canada,CAN,4/23/2023,24.305534
Canada,CAN,4/24/2023,24.305534
Canada,CAN,4/25/2023,24.305534
Canada,CAN,4/26/2023,24.305534
Canada,CAN,4/27/2023,24.305534
Canada,CAN,4/28/2023,24.305534
Canada,CAN,4/29/2023,24.305534
Canada,CAN,4/30/2023,21.232843
Canada,CAN,5/1/2023,21.232843
Canada,CAN,5/2/2023,21.232843
Canada,CAN,5/3/2023,21.232843
Canada,CAN,5/4/2023,21.232843
Canada,CAN,5/5/2023,21.232843
Canada,CAN,5/6/2023,21.232843
Canada,CAN,5/7/2023,19.245714
Canada,CAN,5/8/2023,19.245714
Canada,CAN,5/9/2023,19.245714
Canada,CAN,5/10/2023,19.245714
Canada,CAN,5/11/2023,19.245714
Canada,CAN,5/12/2023,19.245714
Canada,CAN,5/13/2023,19.245714
Canada,CAN,5/14/2023,17.048832
Canada,CAN,5/15/2023,17.048832
Canada,CAN,5/16/2023,23.690996
Canada,CAN,5/17/2023,23.690996
Canada,CAN,5/18/2023,23.690996
Canada,CAN,5/19/2023,23.690996
Canada,CAN,5/20/2023,23.690996
Canada,CAN,5/21/2023,6.6421633
Canada,CAN,5/22/2023,6.6421633
Canada,CAN,5/23/2023,6.027625
Canada,CAN,5/24/2023,6.027625
Canada,CAN,5/25/2023,6.027625
Canada,CAN,5/26/2023,6.027625
Canada,CAN,5/27/2023,6.027625
Canada,CAN,5/28/2023,6.027625
Canada,CAN,5/29/2023,6.027625
Canada,CAN,5/30/2023,5.6890774
Canada,CAN,5/31/2023,5.6890774
Canada,CAN,6/1/2023,5.6890774
Canada,CAN,6/2/2023,5.6890774
Canada,CAN,6/3/2023,5.6890774
Canada,CAN,6/4/2023,5.6890774
Canada,CAN,6/5/2023,5.6890774
Canada,CAN,6/6/2023,4.658714
Canada,CAN,6/7/2023,4.658714
Canada,CAN,6/8/2023,4.658714
Canada,CAN,6/9/2023,4.658714
Canada,CAN,6/10/2023,4.658714
Canada,CAN,6/11/2023,4.658714
Canada,CAN,6/12/2023,4.658714
Canada,CAN,6/13/2023,3.7240274
Canada,CAN,6/14/2023,3.7240274
Canada,CAN,6/15/2023,3.7240274
Canada,CAN,6/16/2023,3.7240274
Canada,CAN,6/17/2023,3.7240274
Canada,CAN,6/18/2023,3.7240274
Canada,CAN,6/19/2023,3.7240274
Canada,CAN,6/20/2023,3.1646872
Canada,CAN,6/21/2023,3.1646872
Canada,CAN,6/22/2023,3.1646872
Canada,CAN,6/23/2023,3.1646872
Canada,CAN,6/24/2023,3.1646872
Canada,CAN,6/25/2023,3.1646872
Canada,CAN,6/26/2023,3.1646872
Canada,CAN,6/27/2023,2.7930205
Canada,CAN,6/28/2023,2.7930205
Canada,CAN,6/29/2023,2.7930205
Canada,CAN,6/30/2023,2.7930205
Canada,CAN,7/1/2023,2.7930205
Canada,CAN,7/2/2023,2.7930205
Canada,CAN,7/3/2023,2.7930205
Canada,CAN,7/4/2023,2.3477564
Canada,CAN,7/5/2023,2.3477564
Canada,CAN,7/6/2023,2.3477564
Canada,CAN,7/7/2023,2.3477564
Canada,CAN,7/8/2023,2.3477564
Canada,CAN,7/9/2023,2.3477564
Canada,CAN,7/10/2023,2.3477564
Canada,CAN,7/11/2023,2.8003802
Canada,CAN,7/12/2023,2.8003802
Canada,CAN,7/13/2023,2.8003802
Canada,CAN,7/14/2023,2.8003802
Canada,CAN,7/15/2023,2.8003802
Canada,CAN,7/16/2023,2.8003802
Canada,CAN,7/17/2023,2.8003802
Canada,CAN,7/18/2023,3.4369977
Canada,CAN,7/19/2023,3.4369977
Canada,CAN,7/20/2023,3.4369977
Canada,CAN,7/21/2023,3.4369977
Canada,CAN,7/22/2023,3.4369977
Canada,CAN,7/23/2023,3.4369977
Canada,CAN,7/24/2023,3.4369977
Canada,CAN,7/25/2023,3.7019482
Canada,CAN,7/26/2023,3.7019482
Canada,CAN,7/27/2023,3.7019482
Canada,CAN,7/28/2023,3.7019482
Canada,CAN,7/29/2023,3.7019482
Canada,CAN,7/30/2023,3.7019482
Canada,CAN,7/31/2023,3.7019482
Canada,CAN,8/1/2023,3.8307436
Canada,CAN,8/2/2023,3.8307436
Canada,CAN,8/3/2023,3.8307436
Canada,CAN,8/4/2023,3.8307436
Canada,CAN,8/5/2023,3.8307436
Canada,CAN,8/6/2023,3.8307436
Canada,CAN,8/7/2023,3.8307436
Canada,CAN,8/8/2023,3.9668987
Canada,CAN,8/9/2023,3.9668987
Canada,CAN,8/10/2023,3.9668987
Canada,CAN,8/11/2023,3.9668987
Canada,CAN,8/12/2023,3.9668987
Canada,CAN,8/13/2023,3.9668987
Canada,CAN,8/14/2023,3.9668987
Canada,CAN,8/15/2023,5.88779
Canada,CAN,8/16/2023,5.88779
Canada,CAN,8/17/2023,5.88779
Canada,CAN,8/18/2023,5.88779
Canada,CAN,8/19/2023,5.88779
Canada,CAN,8/20/2023,5.88779
Canada,CAN,8/21/2023,5.88779
Canada,CAN,8/22/2023,7.690926
Canada,CAN,8/23/2023,7.690926
Canada,CAN,8/24/2023,7.690926
Canada,CAN,8/25/2023,7.690926
Canada,CAN,8/26/2023,7.690926
Canada,CAN,8/27/2023,7.690926
Canada,CAN,8/28/2023,7.690926
Canada,CAN,8/29/2023,8.522576
Canada,CAN,8/30/2023,8.522576
Canada,CAN,8/31/2023,8.522576
Canada,CAN,9/1/2023,8.522576
Canada,CAN,9/2/2023,8.522576
Canada,CAN,9/3/2023,8.522576
Canada,CAN,9/4/2023,8.522576
Canada,CAN,9/5/2023,9.832609
Canada,CAN,9/6/2023,9.832609
Canada,CAN,9/7/2023,9.832609
Canada,CAN,9/8/2023,9.832609
Canada,CAN,9/9/2023,9.832609
Canada,CAN,9/10/2023,9.832609
Canada,CAN,9/11/2023,9.832609
Canada,CAN,9/12/2023,11.900696
Canada,CAN,9/13/2023,11.900696
Canada,CAN,9/14/2023,11.900696
Canada,CAN,9/15/2023,11.900696
Canada,CAN,9/16/2023,11.900696
Canada,CAN,9/17/2023,11.900696
Canada,CAN,9/18/2023,11.900696
Canada,CAN,9/19/2023,14.726835
Canada,CAN,9/20/2023,14.726835
Canada,CAN,9/21/2023,14.726835
Canada,CAN,9/22/2023,14.726835
Canada,CAN,9/23/2023,14.726835
Canada,CAN,9/24/2023,14.726835
Canada,CAN,9/25/2023,14.726835
Canada,CAN,9/26/2023,17.468338
Canada,CAN,9/27/2023,17.468338
Canada,CAN,9/28/2023,17.468338
Canada,CAN,9/29/2023,17.468338
Canada,CAN,9/30/2023,17.468338
Canada,CAN,10/1/2023,17.468338
Canada,CAN,10/2/2023,17.468338
Canada,CAN,10/3/2023,17.14083
Canada,CAN,10/4/2023,17.14083
Canada,CAN,10/5/2023,17.14083
Canada,CAN,10/6/2023,17.14083
Canada,CAN,10/7/2023,17.14083
Canada,CAN,10/8/2023,17.14083
Canada,CAN,10/9/2023,17.14083
Canada,CAN,10/10/2023,15.676242
Canada,CAN,10/11/2023,15.676242
Canada,CAN,10/12/2023,15.676242
Canada,CAN,10/13/2023,15.676242
Canada,CAN,10/14/2023,15.676242
Canada,CAN,10/15/2023,15.676242
Canada,CAN,10/16/2023,15.676242
Canada,CAN,10/17/2023,17.869444
Canada,CAN,10/18/2023,17.869444
Canada,CAN,10/19/2023,17.869444
Canada,CAN,10/20/2023,17.869444
Canada,CAN,10/21/2023,17.869444
Canada,CAN,10/22/2023,17.869444
Canada,CAN,10/23/2023,17.869444
Canada,CAN,10/24/2023,18.163834
Canada,CAN,10/25/2023,18.163834
Canada,CAN,10/26/2023,18.163834
Canada,CAN,10/27/2023,18.163834
Canada,CAN,10/28/2023,18.163834
Canada,CAN,10/29/2023,18.163834
Canada,CAN,10/30/2023,18.163834
Canada,CAN,10/31/2023,18.19695
Canada,CAN,11/1/2023,18.19695
Canada,CAN,11/2/2023,18.19695
Canada,CAN,11/3/2023,18.19695
Canada,CAN,11/4/2023,18.19695
Canada,CAN,11/5/2023,18.19695
Canada,CAN,11/6/2023,18.19695
Canada,CAN,11/7/2023,18.623816
Canada,CAN,11/8/2023,18.623816
Canada,CAN,11/9/2023,18.623816
Canada,CAN,11/10/2023,18.623816
Canada,CAN,11/11/2023,18.623816
Canada,CAN,11/12/2023,18.623816
Canada,CAN,11/13/2023,18.623816
Canada,CAN,11/14/2023,21.799543
Canada,CAN,11/15/2023,21.799543
Canada,CAN,11/16/2023,21.799543
Canada,CAN,11/17/2023,21.799543
Canada,CAN,11/18/2023,21.799543
Canada,CAN,11/19/2023,21.799543
Canada,CAN,11/20/2023,21.799543
Canada,CAN,11/21/2023,22.564957
Canada,CAN,11/22/2023,22.564957
Canada,CAN,11/23/2023,22.564957
Canada,CAN,11/24/2023,22.564957
Canada,CAN,11/25/2023,22.564957
Canada,CAN,11/26/2023,22.564957
Canada,CAN,11/27/2023,22.564957
Canada,CAN,11/28/2023,20.618305
Canada,CAN,11/29/2023,20.618305
Canada,CAN,11/30/2023,20.618305
Canada,CAN,12/1/2023,20.618305
Canada,CAN,12/2/2023,20.618305
Canada,CAN,12/3/2023,20.618305
Canada,CAN,12/4/2023,20.618305
Canada,CAN,12/5/2023,20.17304
Canada,CAN,12/6/2023,20.17304
Canada,CAN,12/7/2023,20.17304
Canada,CAN,12/8/2023,20.17304
Canada,CAN,12/9/2023,20.17304
Canada,CAN,12/10/2023,20.17304
Canada,CAN,12/11/2023,20.17304
Canada,CAN,12/12/2023,20.047926
Canada,CAN,12/13/2023,20.047926
Canada,CAN,12/14/2023,20.047926
Canada,CAN,12/15/2023,20.047926
Canada,CAN,12/16/2023,20.047926
Canada,CAN,12/17/2023,20.047926
Canada,CAN,12/18/2023,20.047926
Canada,CAN,12/19/2023,19.35979
Canada,CAN,12/20/2023,19.35979
Canada,CAN,12/21/2023,19.35979
Canada,CAN,12/22/2023,19.35979
Canada,CAN,12/23/2023,19.35979
Canada,CAN,12/24/2023,19.35979
Canada,CAN,12/25/2023,19.35979
Canada,CAN,12/26/2023,22.45456
Canada,CAN,12/27/2023,22.45456
Canada,CAN,12/28/2023,22.45456
Canada,CAN,12/29/2023,22.45456
Canada,CAN,12/30/2023,22.45456
Canada,CAN,12/31/2023,22.45456
Canada,CAN,1/1/2024,22.45456
Canada,CAN,1/2/2024,18.690054
Canada,CAN,1/3/2024,18.690054
Canada,CAN,1/4/2024,18.690054
Canada,CAN,1/5/2024,18.690054
Canada,CAN,1/6/2024,18.690054
Canada,CAN,1/7/2024,18.690054
Canada,CAN,1/8/2024,18.690054
Canada,CAN,1/9/2024,14.495004
Canada,CAN,1/10/2024,14.495004
Canada,CAN,1/11/2024,14.495004
Canada,CAN,1/12/2024,14.495004
Canada,CAN,1/13/2024,14.495004
Canada,CAN,1/14/2024,14.495004
Canada,CAN,1/15/2024,14.495004
Canada,CAN,1/16/2024,11.484871
Canada,CAN,1/17/2024,11.484871
Canada,CAN,1/18/2024,11.484871
Canada,CAN,1/19/2024,11.484871
Canada,CAN,1/20/2024,11.484871
Canada,CAN,1/21/2024,11.484871
Canada,CAN,1/22/2024,11.484871
Canada,CAN,1/23/2024,9.652296
Canada,CAN,1/24/2024,9.652296
Canada,CAN,1/25/2024,9.652296
Canada,CAN,1/26/2024,9.652296
Canada,CAN,1/27/2024,9.652296
Canada,CAN,1/28/2024,9.652296
Canada,CAN,1/29/2024,9.652296
Canada,CAN,1/30/2024,9.000959
Canada,CAN,1/31/2024,9.000959
Canada,CAN,2/1/2024,9.000959
Canada,CAN,2/2/2024,9.000959
Canada,CAN,2/3/2024,9.000959
Canada,CAN,2/4/2024,9.000959
Canada,CAN,2/5/2024,9.000959
Canada,CAN,2/6/2024,7.8454804
Canada,CAN,2/7/2024,7.8454804
Canada,CAN,2/8/2024,7.8454804
Canada,CAN,2/9/2024,7.8454804
Canada,CAN,2/10/2024,7.8454804
Canada,CAN,2/11/2024,7.8454804
Canada,CAN,2/12/2024,7.8454804
Canada,CAN,2/13/2024,7.046949
Canada,CAN,2/14/2024,7.046949
Canada,CAN,2/15/2024,7.046949
Canada,CAN,2/16/2024,7.046949
Canada,CAN,2/17/2024,7.046949
Canada,CAN,2/18/2024,7.046949
Canada,CAN,2/19/2024,7.046949
Canada,CAN,2/20/2024,6.0828233
Canada,CAN,2/21/2024,6.0828233
Canada,CAN,2/22/2024,6.0828233
Canada,CAN,2/23/2024,6.0828233
Canada,CAN,2/24/2024,6.0828233
Canada,CAN,2/25/2024,6.0828233
Canada,CAN,2/26/2024,6.0828233
Canada,CAN,2/27/2024,5.505084
Canada,CAN,2/28/2024,5.505084
Canada,CAN,2/29/2024,5.505084
Canada,CAN,3/1/2024,5.505084
Canada,CAN,3/2/2024,5.505084
Canada,CAN,3/3/2024,5.505084
Canada,CAN,3/4/2024,5.505084
Canada,CAN,3/5/2024,4.4820805
Canada,CAN,3/6/2024,4.4820805
Canada,CAN,3/7/2024,4.4820805
Canada,CAN,3/8/2024,4.4820805
Canada,CAN,3/9/2024,4.4820805
Canada,CAN,3/10/2024,4.4820805
Canada,CAN,3/11/2024,4.4820805
Canada,CAN,3/12/2024,5.078219
Canada,CAN,3/13/2024,5.078219
Canada,CAN,3/14/2024,5.078219
Canada,CAN,3/15/2024,5.078219
Canada,CAN,3/16/2024,5.078219
Canada,CAN,3/17/2024,5.078219
Canada,CAN,3/18/2024,5.078219
Canada,CAN,3/19/2024,4.117773
Canada,CAN,3/20/2024,4.117773
Canada,CAN,3/21/2024,4.117773
Canada,CAN,3/22/2024,4.117773
Canada,CAN,3/23/2024,4.117773
Canada,CAN,3/24/2024,4.117773
Canada,CAN,3/25/2024,4.117773
Canada,CAN,3/26/2024,3.2677236
Canada,CAN,3/27/2024,3.2677236
Canada,CAN,3/28/2024,3.2677236
Canada,CAN,3/29/2024,3.2677236
Canada,CAN,3/30/2024,3.2677236
Canada,CAN,3/31/2024,3.2677236
Canada,CAN,4/1/2024,3.2677236
Canada,CAN,4/2/2024,3.7939448
Canada,CAN,4/3/2024,3.7939448
Canada,CAN,4/4/2024,3.7939448
Canada,CAN,4/5/2024,3.7939448
Canada,CAN,4/6/2024,3.7939448
Canada,CAN,4/7/2024,3.7939448
Canada,CAN,4/8/2024,3.7939448
Canada,CAN,4/9/2024,4.0552154
Canada,CAN,4/10/2024,4.0552154
Canada,CAN,4/11/2024,4.0552154
Canada,CAN,4/12/2024,4.0552154
Canada,CAN,4/13/2024,4.0552154
Canada,CAN,4/14/2024,4.0552154
Canada,CAN,4/15/2024,4.0552154
Canada,CAN,4/16/2024,3.7645059
Canada,CAN,4/17/2024,3.7645059
Canada,CAN,4/18/2024,3.7645059
Canada,CAN,4/19/2024,3.7645059
Canada,CAN,4/20/2024,3.7645059
Canada,CAN,4/21/2024,3.7645059
Canada,CAN,4/22/2024,3.7645059
Canada,CAN,4/23/2024,4.294407
Canada,CAN,4/24/2024,4.294407
Canada,CAN,4/25/2024,4.294407
Canada,CAN,4/26/2024,4.294407
Canada,CAN,4/27/2024,4.294407
Canada,CAN,4/28/2024,4.294407
Canada,CAN,4/29/2024,4.294407
Canada,CAN,4/30/2024,4.721272
Canada,CAN,5/1/2024,4.721272
Canada,CAN,5/2/2024,4.721272
Canada,CAN,5/3/2024,4.721272
Canada,CAN,5/4/2024,4.721272
Canada,CAN,5/5/2024,4.721272
Canada,CAN,5/6/2024,4.721272
Canada,CAN,5/7/2024,4.9862223
Canada,CAN,5/8/2024,4.9862223
Canada,CAN,5/9/2024,4.9862223
Canada,CAN,5/10/2024,4.9862223
Canada,CAN,5/11/2024,4.9862223
Canada,CAN,5/12/2024,4.9862223
Canada,CAN,5/13/2024,4.9862223
Canada,CAN,5/14/2024,6.318335
Canada,CAN,5/15/2024,6.318335
Canada,CAN,5/16/2024,6.318335
Canada,CAN,5/17/2024,6.318335
Canada,CAN,5/18/2024,6.318335
Canada,CAN,5/19/2024,6.318335
Canada,CAN,5/20/2024,6.318335
Canada,CAN,5/21/2024,5.409407
Canada,CAN,5/22/2024,5.409407
Canada,CAN,5/23/2024,5.409407
Canada,CAN,5/24/2024,5.409407
Canada,CAN,5/25/2024,5.409407
Canada,CAN,5/26/2024,5.409407
Canada,CAN,5/27/2024,5.409407
Canada,CAN,5/28/2024,4.971503
Canada,CAN,5/29/2024,4.971503
Canada,CAN,5/30/2024,4.971503
Canada,CAN,5/31/2024,4.971503
Canada,CAN,6/1/2024,4.971503
Canada,CAN,6/2/2024,4.971503
Canada,CAN,6/3/2024,4.971503
Canada,CAN,6/4/2024,2.2962382
Canada,CAN,6/5/2024,2.2962382
Canada,CAN,6/6/2024,2.2962382
Canada,CAN,6/7/2024,2.2962382
Canada,CAN,6/8/2024,2.2962382
Canada,CAN,6/9/2024,2.2962382
Canada,CAN,6/10/2024,2.2962382
Canada,CAN,6/11/2024,2.1269643
Canada,CAN,6/12/2024,2.1269643
Canada,CAN,6/13/2024,2.1269643
Canada,CAN,6/14/2024,2.1269643
Canada,CAN,6/15/2024,2.1269643
Canada,CAN,6/16/2024,2.1269643
Canada,CAN,6/17/2024,2.1269643
Canada,CAN,6/18/2024,2.0349674
Canada,CAN,6/19/2024,2.0349674
Canada,CAN,6/20/2024,2.0349674
Canada,CAN,6/21/2024,2.0349674
Canada,CAN,6/22/2024,2.0349674
Canada,CAN,6/23/2024,2.0349674
Canada,CAN,6/24/2024,2.0349674
Canada,CAN,6/25/2024,2.2263207
Canada,CAN,6/26/2024,2.2263207
Canada,CAN,6/27/2024,2.2263207
Canada,CAN,6/28/2024,2.2263207
Canada,CAN,6/29/2024,2.2263207
Canada,CAN,6/30/2024,2.2263207
Canada,CAN,7/1/2024,2.2263207
Canada,CAN,7/2/2024,2.2079213
Canada,CAN,7/3/2024,2.2079213
Canada,CAN,7/4/2024,2.2079213
Canada,CAN,7/5/2024,2.2079213
Canada,CAN,7/6/2024,2.2079213
Canada,CAN,7/7/2024,2.2079213
Canada,CAN,7/8/2024,2.2079213
Canada,CAN,7/9/2024,1.9098519
Canada,CAN,7/10/2024,1.9098519
Canada,CAN,7/11/2024,1.9098519
Canada,CAN,7/12/2024,1.9098519
Canada,CAN,7/13/2024,1.9098519
Canada,CAN,7/14/2024,1.9098519
Canada,CAN,7/15/2024,1.9098519
Canada,CAN,7/16/2024,1.7184988
Canada,CAN,7/17/2024,1.7184988
Canada,CAN,7/18/2024,1.7184988
Canada,CAN,7/19/2024,1.7184988
Canada,CAN,7/20/2024,1.7184988
Canada,CAN,7/21/2024,1.7184988
Canada,CAN,7/22/2024,1.7184988
Canada,CAN,7/23/2024,1.2033172
Canada,CAN,7/24/2024,1.2033172
Canada,CAN,7/25/2024,1.2033172
Canada,CAN,7/26/2024,1.2033172
Canada,CAN,7/27/2024,1.2033172
Canada,CAN,7/28/2024,1.2033172
Canada,CAN,7/29/2024,1.2033172
Canada,CAN,7/30/2024,0.13983501
Canada,CAN,7/31/2024,0.13983501
Canada,CAN,8/1/2024,0.13983501
Canada,CAN,8/2/2024,0.13983501
Canada,CAN,8/3/2024,0.13983501
Canada,CAN,8/4/2024,0.13983501
Canada,CAN,8/5/2024,0.13983501
Canada,CAN,8/6/2024,0
Canada,CAN,8/7/2024,0
Canada,CAN,8/8/2024,0
Canada,CAN,8/9/2024,0
Canada,CAN,8/10/2024,0
Canada,CAN,8/11/2024,0
Canada,CAN,8/12/2024,0
Canada,CAN,8/13/2024,0
Canada,CAN,8/14/2024,0
Canada,CAN,8/15/2024,0
Canada,CAN,8/16/2024,0
Canada,CAN,8/17/2024,0
Canada,CAN,8/18/2024,0
Canada,CAN,8/19/2024,0
Canada,CAN,8/20/2024,0
Canada,CAN,8/21/2024,0
Canada,CAN,8/22/2024,0
Canada,CAN,8/23/2024,0
Canada,CAN,8/24/2024,0
Canada,CAN,8/25/2024,0
Canada,CAN,8/26/2024,0
Canada,CAN,8/27/2024,0
Canada,CAN,8/28/2024,0
Canada,CAN,8/29/2024,0
Canada,CAN,8/30/2024,0
Canada,CAN,8/31/2024,0
Canada,CAN,9/1/2024,0
Canada,CAN,9/2/2024,0
Canada,CAN,9/3/2024,0
Canada,CAN,9/4/2024,0
Canada,CAN,9/5/2024,0
Canada,CAN,9/6/2024,0
Canada,CAN,9/7/2024,0
Canada,CAN,9/8/2024,0
Canada,CAN,9/9/2024,0
Canada,CAN,9/10/2024,0
Canada,CAN,9/11/2024,0
Canada,CAN,9/12/2024,0
Canada,CAN,9/13/2024,0
Canada,CAN,9/14/2024,0
Canada,CAN,9/15/2024,0
Canada,CAN,9/16/2024,0
Canada,CAN,9/17/2024,0
Canada,CAN,9/18/2024,0
Canada,CAN,9/19/2024,0
Canada,CAN,9/20/2024,0
Canada,CAN,9/21/2024,0
Canada,CAN,9/22/2024,0
Canada,CAN,9/23/2024,0
Canada,CAN,9/24/2024,0
Canada,CAN,9/25/2024,0
Canada,CAN,9/26/2024,0
Canada,CAN,9/27/2024,0
Canada,CAN,9/28/2024,0
Canada,CAN,9/29/2024,0
Canada,CAN,9/30/2024,0
Canada,CAN,10/1/2024,0
Canada,CAN,10/2/2024,0
Canada,CAN,10/3/2024,0
Canada,CAN,10/4/2024,0
Canada,CAN,10/5/2024,0
Canada,CAN,10/6/2024,0
Canada,CAN,10/7/2024,0
Canada,CAN,10/8/2024,0
Canada,CAN,10/9/2024,0
Canada,CAN,10/10/2024,0
Canada,CAN,10/11/2024,0
Canada,CAN,10/12/2024,0
Canada,CAN,10/13/2024,0
Canada,CAN,10/14/2024,0
Canada,CAN,10/15/2024,0
Canada,CAN,10/16/2024,0
Canada,CAN,10/17/2024,0
Canada,CAN,10/18/2024,0
Canada,CAN,10/19/2024,0
Canada,CAN,10/20/2024,0
Canada,CAN,10/21/2024,0
Canada,CAN,10/22/2024,0
Canada,CAN,10/23/2024,0
Canada,CAN,10/24/2024,0
Canada,CAN,10/25/2024,0
Canada,CAN,10/26/2024,0
Canada,CAN,10/27/2024,0
Canada,CAN,10/28/2024,0
Canada,CAN,10/29/2024,0
Canada,CAN,10/30/2024,0
Canada,CAN,10/31/2024,0
Canada,CAN,11/1/2024,0
Canada,CAN,11/2/2024,0
Canada,CAN,11/3/2024,0
Canada,CAN,11/4/2024,0
Canada,CAN,11/5/2024,0
Canada,CAN,11/6/2024,0
Canada,CAN,11/7/2024,0
Canada,CAN,11/8/2024,0
Canada,CAN,11/9/2024,0
Canada,CAN,11/10/2024,0
Canada,CAN,11/11/2024,0
Canada,CAN,11/12/2024,0
Canada,CAN,11/13/2024,0
Canada,CAN,11/14/2024,0
Canada,CAN,11/15/2024,0
Canada,CAN,11/16/2024,0
Canada,CAN,11/17/2024,0
Canada,CAN,11/18/2024,0
Canada,CAN,11/19/2024,0
Canada,CAN,11/20/2024,0
Canada,CAN,11/21/2024,0
Canada,CAN,11/22/2024,0
Canada,CAN,11/23/2024,0
Canada,CAN,11/24/2024,0
Canada,CAN,11/25/2024,0
Canada,CAN,11/26/2024,0
Canada,CAN,11/27/2024,0
Canada,CAN,11/28/2024,0
Canada,CAN,11/29/2024,0
Canada,CAN,11/30/2024,0
Canada,CAN,12/1/2024,0
Canada,CAN,12/2/2024,0
Canada,CAN,12/3/2024,0
Canada,CAN,12/4/2024,0
Canada,CAN,12/5/2024,0
Canada,CAN,12/6/2024,0
Canada,CAN,12/7/2024,0
Canada,CAN,12/8/2024,0
Canada,CAN,12/9/2024,0
Canada,CAN,12/10/2024,0
Canada,CAN,12/11/2024,0
Canada,CAN,12/12/2024,0
Canada,CAN,12/13/2024,0
Canada,CAN,12/14/2024,0
Canada,CAN,12/15/2024,0
Canada,CAN,12/16/2024,0
Canada,CAN,12/17/2024,0
Canada,CAN,12/18/2024,0
Canada,CAN,12/19/2024,0
Canada,CAN,12/20/2024,0
Canada,CAN,12/21/2024,0
Canada,CAN,12/22/2024,0
Canada,CAN,12/23/2024,0
Canada,CAN,12/24/2024,0
Canada,CAN,12/25/2024,0
Canada,CAN,12/26/2024,0
Canada,CAN,12/27/2024,0
Canada,CAN,12/28/2024,0
Canada,CAN,12/29/2024,0
Canada,CAN,12/30/2024,0
Canada,CAN,12/31/2024,0
Canada,CAN,1/1/2025,0
Canada,CAN,1/2/2025,0
Canada,CAN,1/3/2025,0
Canada,CAN,1/4/2025,0
Canada,CAN,1/5/2025,0
Canada,CAN,1/6/2025,0
Canada,CAN,1/7/2025,0
Canada,CAN,1/8/2025,0
Canada,CAN,1/9/2025,0
Canada,CAN,1/10/2025,0
Canada,CAN,1/11/2025,0
Canada,CAN,1/12/2025,0
Canada,CAN,1/13/2025,0
Canada,CAN,1/14/2025,0
Canada,CAN,1/15/2025,0
Canada,CAN,1/16/2025,0
Canada,CAN,1/17/2025,0
Canada,CAN,1/18/2025,0
Canada,CAN,1/19/2025,0
Canada,CAN,1/20/2025,0
Canada,CAN,1/21/2025,0
Canada,CAN,1/22/2025,0
Canada,CAN,1/23/2025,0
Canada,CAN,1/24/2025,0
Canada,CAN,1/25/2025,0
Canada,CAN,1/26/2025,0
Canada,CAN,1/27/2025,0
Canada,CAN,1/28/2025,0
Canada,CAN,1/29/2025,0
Canada,CAN,1/30/2025,0
Canada,CAN,1/31/2025,0
Canada,CAN,2/1/2025,0
Canada,CAN,2/2/2025,0
Canada,CAN,2/3/2025,0
Canada,CAN,2/4/2025,0
Canada,CAN,2/5/2025,0
Canada,CAN,2/6/2025,0
Canada,CAN,2/7/2025,0
Canada,CAN,2/8/2025,0
Canada,CAN,2/9/2025,0
Canada,CAN,2/10/2025,0
Canada,CAN,2/11/2025,0
Canada,CAN,2/12/2025,0
Canada,CAN,2/13/2025,0
Canada,CAN,2/14/2025,0
Canada,CAN,2/15/2025,0
Canada,CAN,2/16/2025,0
Canada,CAN,2/17/2025,0
Canada,CAN,2/18/2025,0
Canada,CAN,2/19/2025,0
Canada,CAN,2/20/2025,0
Canada,CAN,2/21/2025,0
Canada,CAN,2/22/2025,0
Canada,CAN,2/23/2025,0
Canada,CAN,2/24/2025,0
Canada,CAN,2/25/2025,0
Canada,CAN,2/26/2025,0
Canada,CAN,2/27/2025,0
Canada,CAN,2/28/2025,0
Canada,CAN,3/1/2025,0
Canada,CAN,3/2/2025,0
Canada,CAN,3/3/2025,0
Canada,CAN,3/4/2025,0
Canada,CAN,3/5/2025,0
Canada,CAN,3/6/2025,0
Canada,CAN,3/7/2025,0
Canada,CAN,3/8/2025,0
Canada,CAN,3/9/2025,0
Canada,CAN,3/10/2025,0
Canada,CAN,3/11/2025,0
Canada,CAN,3/12/2025,0
Canada,CAN,3/13/2025,0
Canada,CAN,3/14/2025,0
Canada,CAN,3/15/2025,0
Canada,CAN,3/16/2025,0
Canada,CAN,3/17/2025,0
Canada,CAN,3/18/2025,0
Canada,CAN,3/19/2025,0
Canada,CAN,3/20/2025,0
Canada,CAN,3/21/2025,0
Canada,CAN,3/22/2025,0
Canada,CAN,3/23/2025,0
Canada,CAN,3/24/2025,0
Canada,CAN,3/25/2025,0
Canada,CAN,3/26/2025,0
Canada,CAN,3/27/2025,0
Canada,CAN,3/28/2025,0
Canada,CAN,3/29/2025,0
Canada,CAN,3/30/2025,0
Canada,CAN,3/31/2025,0
Canada,CAN,4/1/2025,0
Canada,CAN,4/2/2025,0
Canada,CAN,4/3/2025,0
Canada,CAN,4/4/2025,0
Canada,CAN,4/5/2025,0
Canada,CAN,4/6/2025,0
Canada,CAN,4/7/2025,0
Canada,CAN,4/8/2025,0
Canada,CAN,4/9/2025,0
Canada,CAN,4/10/2025,0
Canada,CAN,4/11/2025,0
Canada,CAN,4/12/2025,0
Canada,CAN,4/13/2025,0
Canada,CAN,4/14/2025,0
Canada,CAN,4/15/2025,0
Canada,CAN,4/16/2025,0
Canada,CAN,4/17/2025,0
Canada,CAN,4/18/2025,0
Canada,CAN,4/19/2025,0
Canada,CAN,4/20/2025,0
Canada,CAN,4/21/2025,0
Canada,CAN,4/22/2025,0
Canada,CAN,4/23/2025,0
Canada,CAN,4/24/2025,0
Canada,CAN,4/25/2025,0
Canada,CAN,4/26/2025,0
Canada,CAN,4/27/2025,0
Canada,CAN,4/28/2025,0
Canada,CAN,4/29/2025,0
Canada,CAN,4/30/2025,0
Canada,CAN,5/1/2025,0
Canada,CAN,5/2/2025,0
Canada,CAN,5/3/2025,0
Canada,CAN,5/4/2025,0
Canada,CAN,5/5/2025,0
Canada,CAN,5/6/2025,0
Canada,CAN,5/7/2025,0
Canada,CAN,5/8/2025,0
Canada,CAN,5/9/2025,0
Canada,CAN,5/10/2025,0
Canada,CAN,5/11/2025,0
Canada,CAN,5/12/2025,0
Canada,CAN,5/13/2025,0
Canada,CAN,5/14/2025,0
Canada,CAN,5/15/2025,0
Canada,CAN,5/16/2025,0
Canada,CAN,5/17/2025,0
Canada,CAN,5/18/2025,0
Canada,CAN,5/19/2025,0
Canada,CAN,5/20/2025,0
Canada,CAN,5/21/2025,0
Canada,CAN,5/22/2025,0
Canada,CAN,5/23/2025,0
Canada,CAN,5/24/2025,0
Canada,CAN,5/25/2025,0
Canada,CAN,5/26/2025,0
Canada,CAN,5/27/2025,0
Canada,CAN,5/28/2025,0
Canada,CAN,5/29/2025,0
Canada,CAN,5/30/2025,0
Canada,CAN,5/31/2025,0
Canada,CAN,6/1/2025,0
Canada,CAN,6/2/2025,0
Canada,CAN,6/3/2025,0
Canada,CAN,6/4/2025,0
Canada,CAN,6/5/2025,0
Canada,CAN,6/6/2025,0
Canada,CAN,6/7/2025,0
Canada,CAN,6/8/2025,0
Canada,CAN,6/9/2025,0
Canada,CAN,6/10/2025,0
Canada,CAN,6/11/2025,0
Canada,CAN,6/12/2025,0
Canada,CAN,6/13/2025,0
Canada,CAN,6/14/2025,0
Canada,CAN,6/15/2025,0
Canada,CAN,6/16/2025,0
Canada,CAN,6/17/2025,0
Canada,CAN,6/18/2025,0
Canada,CAN,6/19/2025,0
Canada,CAN,6/20/2025,0
Canada,CAN,6/21/2025,0
Canada,CAN,6/22/2025,0
Canada,CAN,6/23/2025,0
Canada,CAN,6/24/2025,0
Canada,CAN,6/25/2025,0
Canada,CAN,6/26/2025,0
Canada,CAN,6/27/2025,0
Canada,CAN,6/28/2025,0
Canada,CAN,6/29/2025,0
Canada,CAN,6/30/2025,0
Canada,CAN,7/1/2025,0
Canada,CAN,7/2/2025,0
Canada,CAN,7/3/2025,0
Canada,CAN,7/4/2025,0
Canada,CAN,7/5/2025,0
Canada,CAN,7/6/2025,0
Canada,CAN,7/7/2025,0
Canada,CAN,7/8/2025,0
Canada,CAN,7/9/2025,0
Canada,CAN,7/10/2025,0
Canada,CAN,7/11/2025,0
Canada,CAN,7/12/2025,0
Canada,CAN,7/13/2025,0
Canada,CAN,7/14/2025,0
Canada,CAN,7/15/2025,0
Canada,CAN,7/16/2025,0
Canada,CAN,7/17/2025,0
Canada,CAN,7/18/2025,0
Canada,CAN,7/19/2025,0
Canada,CAN,7/20/2025,0
Canada,CAN,7/21/2025,0
Canada,CAN,7/22/2025,0
Canada,CAN,7/23/2025,0
Canada,CAN,7/24/2025,0
Canada,CAN,7/25/2025,0
Canada,CAN,7/26/2025,0
Canada,CAN,7/27/2025,0
Canada,CAN,7/28/2025,0
Canada,CAN,7/29/2025,0
Canada,CAN,7/30/2025,0
Canada,CAN,7/31/2025,0
Canada,CAN,8/1/2025,0
Canada,CAN,8/2/2025,0
Canada,CAN,8/3/2025,0
Canada,CAN,8/4/2025,0
Canada,CAN,8/5/2025,0
Canada,CAN,8/6/2025,0
Canada,CAN,8/7/2025,0
Canada,CAN,8/8/2025,0
Canada,CAN,8/9/2025,0
Canada,CAN,8/10/2025,0
Canada,CAN,8/11/2025,0
Canada,CAN,8/12/2025,0
Canada,CAN,8/13/2025,0
Canada,CAN,8/14/2025,0
Canada,CAN,8/15/2025,0
Canada,CAN,8/16/2025,0
Canada,CAN,8/17/2025,0
Canada,CAN,8/18/2025,0
Canada,CAN,8/19/2025,0
Canada,CAN,8/20/2025,0
Canada,CAN,8/21/2025,0
Canada,CAN,8/22/2025,0
Canada,CAN,8/23/2025,0
Canada,CAN,8/24/2025,0
Canada,CAN,8/25/2025,0
Canada,CAN,8/26/2025,0
Canada,CAN,8/27/2025,0
Canada,CAN,8/28/2025,0
Canada,CAN,8/29/2025,0
Canada,CAN,8/30/2025,0
Canada,CAN,8/31/2025,0
Canada,CAN,9/1/2025,0
Canada,CAN,9/2/2025,0
Canada,CAN,9/3/2025,0
Canada,CAN,9/4/2025,0
Canada,CAN,9/5/2025,0
Canada,CAN,9/6/2025,0
Canada,CAN,9/7/2025,0
Canada,CAN,9/8/2025,0
Canada,CAN,9/9/2025,0
Canada,CAN,9/10/2025,0
Canada,CAN,9/11/2025,0
Canada,CAN,9/12/2025,0
Canada,CAN,9/13/2025,0
Canada,CAN,9/14/2025,0
Canada,CAN,9/15/2025,0
Canada,CAN,9/16/2025,0
Canada,CAN,9/17/2025,0
Canada,CAN,9/18/2025,0
Canada,CAN,9/19/2025,0
Canada,CAN,9/20/2025,0
Canada,CAN,9/21/2025,0
Canada,CAN,9/22/2025,0
Canada,CAN,9/23/2025,0
Canada,CAN,9/24/2025,0
Canada,CAN,9/25/2025,0
Canada,CAN,9/26/2025,0
Canada,CAN,9/27/2025,0
Canada,CAN,9/28/2025,0
Canada,CAN,9/29/2025,0
Canada,CAN,9/30/2025,0
Canada,CAN,10/1/2025,0
Canada,CAN,10/2/2025,0
Canada,CAN,10/3/2025,0
Canada,CAN,10/4/2025,0
Canada,CAN,10/5/2025,0
Canada,CAN,10/6/2025,0
Canada,CAN,10/7/2025,0
Canada,CAN,10/8/2025,0
Canada,CAN,10/9/2025,0
Canada,CAN,10/10/2025,0
Canada,CAN,10/11/2025,0
Canada,CAN,10/12/2025,0
Canada,CAN,10/13/2025,0
Canada,CAN,10/14/2025,0
Canada,CAN,10/15/2025,0
Canada,CAN,10/16/2025,0
Canada,CAN,10/17/2025,0
Canada,CAN,10/18/2025,0
Canada,CAN,10/19/2025,0
Canada,CAN,10/20/2025,0
Canada,CAN,10/21/2025,0
Canada,CAN,10/22/2025,0
Canada,CAN,10/23/2025,0
Canada,CAN,10/24/2025,0
Canada,CAN,10/25/2025,0
Canada,CAN,10/26/2025,0
Canada,CAN,10/27/2025,0
Canada,CAN,10/28/2025,0
Canada,CAN,10/29/2025,0
Canada,CAN,10/30/2025,0
Canada,CAN,10/31/2025,0
Canada,CAN,11/1/2025,0
Canada,CAN,11/2/2025,0
Canada,CAN,11/3/2025,0
Canada,CAN,11/4/2025,0
Canada,CAN,11/5/2025,0
Canada,CAN,11/6/2025,0
Canada,CAN,11/7/2025,0
Canada,CAN,11/8/2025,0
Canada,CAN,11/9/2025,0
Canada,CAN,11/10/2025,0
Canada,CAN,11/11/2025,0
Canada,CAN,11/12/2025,0
Canada,CAN,11/13/2025,0
Canada,CAN,11/14/2025,0
Canada,CAN,11/15/2025,0
Canada,CAN,11/16/2025,0
Canada,CAN,11/17/2025,0
Canada,CAN,11/18/2025,0
Canada,CAN,11/19/2025,0
Canada,CAN,11/20/2025,0
Canada,CAN,11/21/2025,0
Canada,CAN,11/22/2025,0
Canada,CAN,11/23/2025,0
Canada,CAN,11/24/2025,0
Canada,CAN,11/25/2025,0
Canada,CAN,11/26/2025,0
Canada,CAN,11/27/2025,0
Canada,CAN,11/28/2025,0
Canada,CAN,11/29/2025,0
Canada,CAN,11/30/2025,0
Canada,CAN,12/1/2025,0
Canada,CAN,12/2/2025,0
Canada,CAN,12/3/2025,0
Canada,CAN,12/4/2025,0
Canada,CAN,12/5/2025,0
Canada,CAN,12/6/2025,0
Canada,CAN,12/7/2025,0
Canada,CAN,12/8/2025,0
Canada,CAN,12/9/2025,0
Canada,CAN,12/10/2025,0
Canada,CAN,12/11/2025,0
Canada,CAN,12/12/2025,0
Canada,CAN,12/13/2025,0
Canada,CAN,12/14/2025,0
Canada,CAN,12/15/2025,0
Canada,CAN,12/16/2025,0
Canada,CAN,12/17/2025,0
Canada,CAN,12/18/2025,0
Canada,CAN,12/19/2025,0
Canada,CAN,12/20/2025,0
Canada,CAN,12/21/2025,0
Canada,CAN,12/22/2025,0
Canada,CAN,12/23/2025,0
Canada,CAN,12/24/2025,0
Canada,CAN,12/25/2025,0
Canada,CAN,12/26/2025,0
Canada,CAN,12/27/2025,0
Canada,CAN,12/28/2025,0
Canada,CAN,12/29/2025,0
Canada,CAN,12/30/2025,0
Canada,CAN,12/31/2025,0
Canada,CAN,1/1/2026,0
Canada,CAN,1/2/2026,0
Canada,CAN,1/3/2026,0
Canada,CAN,1/4/2026,0
Canada,CAN,1/5/2026,0
Canada,CAN,1/6/2026,0
Canada,CAN,1/7/2026,0
Canada,CAN,1/8/2026,0
Canada,CAN,1/9/2026,0
Canada,CAN,1/10/2026,0
Canada,CAN,1/11/2026,0
Canada,CAN,1/12/2026,0
Canada,CAN,1/13/2026,0
Canada,CAN,1/14/2026,0
Canada,CAN,1/15/2026,0
Canada,CAN,1/16/2026,0
Canada,CAN,1/17/2026,0
Canada,CAN,1/18/2026,0
Canada,CAN,1/19/2026,0
Canada,CAN,1/20/2026,0
Canada,CAN,1/21/2026,0
Canada,CAN,1/22/2026,0
Canada,CAN,1/23/2026,0
Canada,CAN,1/24/2026,0
Canada,CAN,1/25/2026,0
Canada,CAN,1/26/2026,0
Canada,CAN,1/27/2026,0
Canada,CAN,1/28/2026,0
Canada,CAN,1/29/2026,0
Canada,CAN,1/30/2026,0
Canada,CAN,1/31/2026,0
Canada,CAN,2/1/2026,0
Canada,CAN,2/2/2026,0
Canada,CAN,2/3/2026,0
Canada,CAN,2/4/2026,0
Canada,CAN,2/5/2026,0
Canada,CAN,2/6/2026,0
Canada,CAN,2/7/2026,0
Canada,CAN,2/8/2026,0
Canada,CAN,2/9/2026,0
Canada,CAN,2/10/2026,0
Canada,CAN,2/11/2026,0
Canada,CAN,2/12/2026,0
Canada,CAN,2/13/2026,0
Canada,CAN,2/14/2026,0
Canada,CAN,2/15/2026,0
Canada,CAN,2/16/2026,0
Canada,CAN,2/17/2026,0
Canada,CAN,2/18/2026,0
Canada,CAN,2/19/2026,0
Canada,CAN,2/20/2026,0
Canada,CAN,2/21/2026,0
Canada,CAN,2/22/2026,0
Canada,CAN,2/23/2026,0
Canada,CAN,2/24/2026,0
Canada,CAN,2/25/2026,0
Canada,CAN,2/26/2026,0
Canada,CAN,2/27/2026,0
Canada,CAN,2/28/2026,0
Canada,CAN,3/1/2026,0
Canada,CAN,3/2/2026,0
Canada,CAN,3/3/2026,0
Canada,CAN,3/4/2026,0
Canada,CAN,3/5/2026,0
Canada,CAN,3/6/2026,0
Canada,CAN,3/7/2026,0
Canada,CAN,3/8/2026,0
Canada,CAN,3/9/2026,0
Canada,CAN,3/10/2026,0
Canada,CAN,3/11/2026,0
Canada,CAN,3/12/2026,0
Canada,CAN,3/13/2026,0
Canada,CAN,3/14/2026,0
Canada,CAN,3/15/2026,0
Canada,CAN,3/16/2026,0
Canada,CAN,3/17/2026,0
Canada,CAN,3/18/2026,0
Canada,CAN,3/19/2026,0
Canada,CAN,3/20/2026,0
Canada,CAN,3/21/2026,0
Canada,CAN,3/22/2026,0
Canada,CAN,3/23/2026,0
Canada,CAN,3/24/2026,0
Canada,CAN,3/25/2026,0
Canada,CAN,3/26/2026,0
Canada,CAN,3/27/2026,0
Canada,CAN,3/28/2026,0
Canada,CAN,3/29/2026,0
Canada,CAN,3/30/2026,0
Canada,CAN,3/31/2026,0
Canada,CAN,4/1/2026,0
Canada,CAN,4/2/2026,0
Canada,CAN,4/3/2026,0
Canada,CAN,4/4/2026,0
Canada,CAN,4/5/2026,0
Canada,CAN,4/6/2026,0
Canada,CAN,4/7/2026,0
Canada,CAN,4/8/2026,0
Canada,CAN,4/9/2026,0
Canada,CAN,4/10/2026,0
Canada,CAN,4/11/2026,0
Canada,CAN,4/12/2026,0
Canada,CAN,4/13/2026,0
Canada,CAN,4/14/2026,0
Canada,CAN,4/15/2026,0
Canada,CAN,4/16/2026,0
Canada,CAN,4/17/2026,0
Canada,CAN,4/18/2026,0
Canada,CAN,4/19/2026,0
Canada,CAN,4/20/2026,0
Canada,CAN,4/21/2026,0
Canada,CAN,4/22/2026,0
Canada,CAN,4/23/2026,0
Canada,CAN,4/24/2026,0
Canada,CAN,4/25/2026,0
Canada,CAN,4/26/2026,0
France,FRA,3/1/2020,0
France,FRA,3/2/2020,0
France,FRA,3/3/2020,0
France,FRA,3/4/2020,0
France,FRA,3/5/2020,0
France,FRA,3/6/2020,0
France,FRA,3/7/2020,0
France,FRA,3/8/2020,0
France,FRA,3/9/2020,0
France,FRA,3/10/2020,0
France,FRA,3/11/2020,0
France,FRA,3/12/2020,0
France,FRA,3/13/2020,0
France,FRA,3/14/2020,0
France,FRA,3/15/2020,0
France,FRA,3/16/2020,0
France,FRA,3/17/2020,0
France,FRA,3/18/2020,0
France,FRA,3/19/2020,0
France,FRA,3/20/2020,0
France,FRA,3/21/2020,0
France,FRA,3/22/2020,0
France,FRA,3/23/2020,0
France,FRA,3/24/2020,0
France,FRA,3/25/2020,0
France,FRA,3/26/2020,0
France,FRA,3/27/2020,0
France,FRA,3/28/2020,0
France,FRA,3/29/2020,0
France,FRA,3/30/2020,0
France,FRA,3/31/2020,0
France,FRA,4/1/2020,0
France,FRA,4/2/2020,0
France,FRA,4/3/2020,0
France,FRA,4/4/2020,0
France,FRA,4/5/2020,0
France,FRA,4/6/2020,0
France,FRA,4/7/2020,0
France,FRA,4/8/2020,0
France,FRA,4/9/2020,0
France,FRA,4/10/2020,0
France,FRA,4/11/2020,0
France,FRA,4/12/2020,0
France,FRA,4/13/2020,0
France,FRA,4/14/2020,0
France,FRA,4/15/2020,0
France,FRA,4/16/2020,0
France,FRA,4/17/2020,0
France,FRA,4/18/2020,0
France,FRA,4/19/2020,0
France,FRA,4/20/2020,0
France,FRA,4/21/2020,0
France,FRA,4/22/2020,0
France,FRA,4/23/2020,0
France,FRA,4/24/2020,0
France,FRA,4/25/2020,0
France,FRA,4/26/2020,0
France,FRA,4/27/2020,0
France,FRA,4/28/2020,0
France,FRA,4/29/2020,0
France,FRA,4/30/2020,0
France,FRA,5/1/2020,0
France,FRA,5/2/2020,0
France,FRA,5/3/2020,0
France,FRA,5/4/2020,0
France,FRA,5/5/2020,0
France,FRA,5/6/2020,0
France,FRA,5/7/2020,0
France,FRA,5/8/2020,0
France,FRA,5/9/2020,0
France,FRA,5/10/2020,0
France,FRA,5/11/2020,0
France,FRA,5/12/2020,0
France,FRA,5/13/2020,0
France,FRA,5/14/2020,0
France,FRA,5/15/2020,0
France,FRA,5/16/2020,0
France,FRA,5/17/2020,1.5046388
France,FRA,5/18/2020,1.5046388
France,FRA,5/19/2020,1.5046388
France,FRA,5/20/2020,1.5046388
France,FRA,5/21/2020,1.5046388
France,FRA,5/22/2020,1.5046388
France,FRA,5/23/2020,1.5046388
France,FRA,5/24/2020,9.64569
France,FRA,5/25/2020,9.64569
France,FRA,5/26/2020,9.64569
France,FRA,5/27/2020,9.64569
France,FRA,5/28/2020,9.64569
France,FRA,5/29/2020,9.64569
France,FRA,5/30/2020,9.64569
France,FRA,5/31/2020,7.636542
France,FRA,6/1/2020,7.636542
France,FRA,6/2/2020,7.636542
France,FRA,6/3/2020,7.636542
France,FRA,6/4/2020,7.636542
France,FRA,6/5/2020,7.636542
France,FRA,6/6/2020,7.636542
France,FRA,6/7/2020,6.100788
France,FRA,6/8/2020,6.100788
France,FRA,6/9/2020,6.100788
France,FRA,6/10/2020,6.100788
France,FRA,6/11/2020,6.100788
France,FRA,6/12/2020,6.100788
France,FRA,6/13/2020,6.100788
France,FRA,6/14/2020,5.838532
France,FRA,6/15/2020,5.838532
France,FRA,6/16/2020,5.838532
France,FRA,6/17/2020,5.838532
France,FRA,6/18/2020,5.838532
France,FRA,6/19/2020,5.838532
France,FRA,6/20/2020,5.838532
France,FRA,6/21/2020,5.0384283
France,FRA,6/22/2020,5.0384283
France,FRA,6/23/2020,5.0384283
France,FRA,6/24/2020,5.0384283
France,FRA,6/25/2020,5.0384283
France,FRA,6/26/2020,5.0384283
France,FRA,6/27/2020,5.0384283
France,FRA,6/28/2020,4.4983587
France,FRA,6/29/2020,4.4983587
France,FRA,6/30/2020,4.4983587
France,FRA,7/1/2020,4.4983587
France,FRA,7/2/2020,4.4983587
France,FRA,7/3/2020,4.4983587
France,FRA,7/4/2020,4.4983587
France,FRA,7/5/2020,5.1651115
France,FRA,7/6/2020,5.1651115
France,FRA,7/7/2020,5.1651115
France,FRA,7/8/2020,5.1651115
France,FRA,7/9/2020,5.1651115
France,FRA,7/10/2020,5.1651115
France,FRA,7/11/2020,5.1651115
France,FRA,7/12/2020,6.340819
France,FRA,7/13/2020,6.340819
France,FRA,7/14/2020,6.340819
France,FRA,7/15/2020,6.340819
France,FRA,7/16/2020,6.340819
France,FRA,7/17/2020,6.340819
France,FRA,7/18/2020,6.340819
France,FRA,7/19/2020,7.8010073
France,FRA,7/20/2020,7.8010073
France,FRA,7/21/2020,7.8010073
France,FRA,7/22/2020,7.8010073
France,FRA,7/23/2020,7.8010073
France,FRA,7/24/2020,7.8010073
France,FRA,7/25/2020,7.8010073
France,FRA,7/26/2020,12.368264
France,FRA,7/27/2020,12.368264
France,FRA,7/28/2020,12.368264
France,FRA,7/29/2020,12.368264
France,FRA,7/30/2020,12.368264
France,FRA,7/31/2020,12.368264
France,FRA,8/1/2020,12.368264
France,FRA,8/2/2020,17.05998
France,FRA,8/3/2020,17.05998
France,FRA,8/4/2020,17.05998
France,FRA,8/5/2020,17.05998
France,FRA,8/6/2020,17.05998
France,FRA,8/7/2020,17.05998
France,FRA,8/8/2020,17.05998
France,FRA,8/9/2020,24.22313
France,FRA,8/10/2020,24.22313
France,FRA,8/11/2020,24.22313
France,FRA,8/12/2020,24.22313
France,FRA,8/13/2020,24.22313
France,FRA,8/14/2020,24.22313
France,FRA,8/15/2020,24.22313
France,FRA,8/16/2020,37.00478
France,FRA,8/17/2020,37.00478
France,FRA,8/18/2020,37.00478
France,FRA,8/19/2020,37.00478
France,FRA,8/20/2020,37.00478
France,FRA,8/21/2020,37.00478
France,FRA,8/22/2020,37.00478
France,FRA,8/23/2020,56.025013
France,FRA,8/24/2020,56.025013
France,FRA,8/25/2020,56.025013
France,FRA,8/26/2020,56.025013
France,FRA,8/27/2020,56.025013
France,FRA,8/28/2020,56.025013
France,FRA,8/29/2020,56.025013
France,FRA,8/30/2020,83.906395
France,FRA,8/31/2020,83.906395
France,FRA,9/1/2020,83.906395
France,FRA,9/2/2020,83.906395
France,FRA,9/3/2020,83.906395
France,FRA,9/4/2020,83.906395
France,FRA,9/5/2020,83.906395
France,FRA,9/6/2020,111.56329
France,FRA,9/7/2020,111.56329
France,FRA,9/8/2020,111.56329
France,FRA,9/9/2020,111.56329
France,FRA,9/10/2020,111.56329
France,FRA,9/11/2020,111.56329
France,FRA,9/12/2020,111.56329
France,FRA,9/13/2020,136.53319
France,FRA,9/14/2020,136.53319
France,FRA,9/15/2020,136.53319
France,FRA,9/16/2020,136.53319
France,FRA,9/17/2020,136.53319
France,FRA,9/18/2020,136.53319
France,FRA,9/19/2020,136.53319
France,FRA,9/20/2020,163.3122
France,FRA,9/21/2020,163.3122
France,FRA,9/22/2020,163.3122
France,FRA,9/23/2020,163.3122
France,FRA,9/24/2020,163.3122
France,FRA,9/25/2020,163.3122
France,FRA,9/26/2020,163.3122
France,FRA,9/27/2020,161.15192
France,FRA,9/28/2020,161.15192
France,FRA,9/29/2020,161.15192
France,FRA,9/30/2020,161.15192
France,FRA,10/1/2020,161.15192
France,FRA,10/2/2020,161.15192
France,FRA,10/3/2020,161.15192
France,FRA,10/4/2020,166.28592
France,FRA,10/5/2020,166.28592
France,FRA,10/6/2020,166.28592
France,FRA,10/7/2020,166.28592
France,FRA,10/8/2020,166.28592
France,FRA,10/9/2020,166.28592
France,FRA,10/10/2020,166.28592
France,FRA,10/11/2020,258.16446
France,FRA,10/12/2020,258.16446
France,FRA,10/13/2020,258.16446
France,FRA,10/14/2020,258.16446
France,FRA,10/15/2020,258.16446
France,FRA,10/16/2020,258.16446
France,FRA,10/17/2020,258.16446
France,FRA,10/18/2020,373.01483
France,FRA,10/19/2020,373.01483
France,FRA,10/20/2020,373.01483
France,FRA,10/21/2020,373.01483
France,FRA,10/22/2020,373.01483
France,FRA,10/23/2020,373.01483
France,FRA,10/24/2020,373.01483
France,FRA,10/25/2020,580.8061
France,FRA,10/26/2020,580.8061
France,FRA,10/27/2020,580.8061
France,FRA,10/28/2020,580.8061
France,FRA,10/29/2020,580.8061
France,FRA,10/30/2020,580.8061
France,FRA,10/31/2020,580.8061
France,FRA,11/1/2020,738.9954
France,FRA,11/2/2020,738.9954
France,FRA,11/3/2020,738.9954
France,FRA,11/4/2020,738.9954
France,FRA,11/5/2020,738.9954
France,FRA,11/6/2020,738.9954
France,FRA,11/7/2020,738.9954
France,FRA,11/8/2020,673.6781
France,FRA,11/9/2020,673.6781
France,FRA,11/10/2020,673.6781
France,FRA,11/11/2020,673.6781
France,FRA,11/12/2020,673.6781
France,FRA,11/13/2020,673.6781
France,FRA,11/14/2020,673.6781
France,FRA,11/15/2020,392.11508
France,FRA,11/16/2020,392.11508
France,FRA,11/17/2020,392.11508
France,FRA,11/18/2020,392.11508
France,FRA,11/19/2020,392.11508
France,FRA,11/20/2020,392.11508
France,FRA,11/21/2020,392.11508
France,FRA,11/22/2020,255.47076
France,FRA,11/23/2020,255.47076
France,FRA,11/24/2020,255.47076
France,FRA,11/25/2020,255.47076
France,FRA,11/26/2020,255.47076
France,FRA,11/27/2020,255.47076
France,FRA,11/28/2020,255.47076
France,FRA,11/29/2020,171.30435
France,FRA,11/30/2020,171.30435
France,FRA,12/1/2020,171.30435
France,FRA,12/2/2020,171.30435
France,FRA,12/3/2020,171.30435
France,FRA,12/4/2020,171.30435
France,FRA,12/5/2020,171.30435
France,FRA,12/6/2020,158.62492
France,FRA,12/7/2020,158.62492
France,FRA,12/8/2020,158.62492
France,FRA,12/9/2020,158.62492
France,FRA,12/10/2020,158.62492
France,FRA,12/11/2020,158.62492
France,FRA,12/12/2020,158.62492
France,FRA,12/13/2020,172.63118
France,FRA,12/14/2020,172.63118
France,FRA,12/15/2020,172.63118
France,FRA,12/16/2020,172.63118
France,FRA,12/17/2020,172.63118
France,FRA,12/18/2020,172.63118
France,FRA,12/19/2020,172.63118
France,FRA,12/20/2020,206.51334
France,FRA,12/21/2020,206.51334
France,FRA,12/22/2020,206.51334
France,FRA,12/23/2020,206.51334
France,FRA,12/24/2020,206.51334
France,FRA,12/25/2020,206.51334
France,FRA,12/26/2020,206.51334
France,FRA,12/27/2020,186.44185
France,FRA,12/28/2020,186.44185
France,FRA,12/29/2020,186.44185
France,FRA,12/30/2020,186.44185
France,FRA,12/31/2020,186.44185
France,FRA,1/1/2021,186.44185
France,FRA,1/2/2021,186.44185
France,FRA,1/3/2021,197.68776
France,FRA,1/4/2021,197.68776
France,FRA,1/5/2021,197.68776
France,FRA,1/6/2021,197.68776
France,FRA,1/7/2021,197.68776
France,FRA,1/8/2021,197.68776
France,FRA,1/9/2021,197.68776
France,FRA,1/10/2021,271.73065
France,FRA,1/11/2021,271.73065
France,FRA,1/12/2021,271.73065
France,FRA,1/13/2021,271.73065
France,FRA,1/14/2021,271.73065
France,FRA,1/15/2021,271.73065
France,FRA,1/16/2021,271.73065
France,FRA,1/17/2021,264.12744
France,FRA,1/18/2021,264.12744
France,FRA,1/19/2021,264.12744
France,FRA,1/20/2021,264.12744
France,FRA,1/21/2021,264.12744
France,FRA,1/22/2021,264.12744
France,FRA,1/23/2021,264.12744
France,FRA,1/24/2021,289.25735
France,FRA,1/25/2021,289.25735
France,FRA,1/26/2021,289.25735
France,FRA,1/27/2021,289.25735
France,FRA,1/28/2021,289.25735
France,FRA,1/29/2021,289.25735
France,FRA,1/30/2021,289.25735
France,FRA,1/31/2021,294.75806
France,FRA,2/1/2021,294.75806
France,FRA,2/2/2021,294.75806
France,FRA,2/3/2021,294.75806
France,FRA,2/4/2021,294.75806
France,FRA,2/5/2021,294.75806
France,FRA,2/6/2021,294.75806
France,FRA,2/7/2021,285.48355
France,FRA,2/8/2021,285.48355
France,FRA,2/9/2021,285.48355
France,FRA,2/10/2021,285.48355
France,FRA,2/11/2021,285.48355
France,FRA,2/12/2021,285.48355
France,FRA,2/13/2021,285.48355
France,FRA,2/14/2021,245.44504
France,FRA,2/15/2021,245.44504
France,FRA,2/16/2021,245.44504
France,FRA,2/17/2021,245.44504
France,FRA,2/18/2021,245.44504
France,FRA,2/19/2021,245.44504
France,FRA,2/20/2021,245.44504
France,FRA,2/21/2021,261.25818
France,FRA,2/22/2021,261.25818
France,FRA,2/23/2021,261.25818
France,FRA,2/24/2021,261.25818
France,FRA,2/25/2021,261.25818
France,FRA,2/26/2021,261.25818
France,FRA,2/27/2021,261.25818
France,FRA,2/28/2021,283.80554
France,FRA,3/1/2021,283.80554
France,FRA,3/2/2021,283.80554
France,FRA,3/3/2021,283.80554
France,FRA,3/4/2021,283.80554
France,FRA,3/5/2021,283.80554
France,FRA,3/6/2021,283.80554
France,FRA,3/7/2021,276.16678
France,FRA,3/8/2021,276.16678
France,FRA,3/9/2021,276.16678
France,FRA,3/10/2021,276.16678
France,FRA,3/11/2021,276.16678
France,FRA,3/12/2021,276.16678
France,FRA,3/13/2021,276.16678
France,FRA,3/14/2021,317.76993
France,FRA,3/15/2021,317.76993
France,FRA,3/16/2021,317.76993
France,FRA,3/17/2021,317.76993
France,FRA,3/18/2021,317.76993
France,FRA,3/19/2021,317.76993
France,FRA,3/20/2021,317.76993
France,FRA,3/21/2021,408.5483
France,FRA,3/22/2021,408.5483
France,FRA,3/23/2021,408.5483
France,FRA,3/24/2021,408.5483
France,FRA,3/25/2021,408.5483
France,FRA,3/26/2021,408.5483
France,FRA,3/27/2021,408.5483
France,FRA,3/28/2021,497.76205
France,FRA,3/29/2021,497.76205
France,FRA,3/30/2021,497.76205
France,FRA,3/31/2021,497.76205
France,FRA,4/1/2021,497.76205
France,FRA,4/2/2021,497.76205
France,FRA,4/3/2021,497.76205
France,FRA,4/4/2021,538.7518
France,FRA,4/5/2021,538.7518
France,FRA,4/6/2021,538.7518
France,FRA,4/7/2021,538.7518
France,FRA,4/8/2021,538.7518
France,FRA,4/9/2021,538.7518
France,FRA,4/10/2021,538.7518
France,FRA,4/11/2021,451.6539
France,FRA,4/12/2021,451.6539
France,FRA,4/13/2021,451.6539
France,FRA,4/14/2021,451.6539
France,FRA,4/15/2021,451.6539
France,FRA,4/16/2021,451.6539
France,FRA,4/17/2021,451.6539
France,FRA,4/18/2021,449.28912
France,FRA,4/19/2021,449.28912
France,FRA,4/20/2021,449.28912
France,FRA,4/21/2021,449.28912
France,FRA,4/22/2021,449.28912
France,FRA,4/23/2021,449.28912
France,FRA,4/24/2021,449.28912
France,FRA,4/25/2021,398.85596
France,FRA,4/26/2021,398.85596
France,FRA,4/27/2021,398.85596
France,FRA,4/28/2021,398.85596
France,FRA,4/29/2021,398.85596
France,FRA,4/30/2021,398.85596
France,FRA,5/1/2021,398.85596
France,FRA,5/2/2021,317.61435
France,FRA,5/3/2021,317.61435
France,FRA,5/4/2021,317.61435
France,FRA,5/5/2021,317.61435
France,FRA,5/6/2021,317.61435
France,FRA,5/7/2021,317.61435
France,FRA,5/8/2021,317.61435
France,FRA,5/9/2021,236.98393
France,FRA,5/10/2021,236.98393
France,FRA,5/11/2021,236.98393
France,FRA,5/12/2021,236.98393
France,FRA,5/13/2021,236.98393
France,FRA,5/14/2021,236.98393
France,FRA,5/15/2021,236.98393
France,FRA,5/16/2021,179.73433
France,FRA,5/17/2021,179.73433
France,FRA,5/18/2021,179.73433
France,FRA,5/19/2021,179.73433
France,FRA,5/20/2021,179.73433
France,FRA,5/21/2021,179.73433
France,FRA,5/22/2021,179.73433
France,FRA,5/23/2021,185.4795
France,FRA,5/24/2021,185.4795
France,FRA,5/25/2021,185.4795
France,FRA,5/26/2021,185.4795
France,FRA,5/27/2021,185.4795
France,FRA,5/28/2021,185.4795
France,FRA,5/29/2021,185.4795
France,FRA,5/30/2021,134.21956
France,FRA,5/31/2021,134.21956
France,FRA,6/1/2021,134.21956
France,FRA,6/2/2021,134.21956
France,FRA,6/3/2021,134.21956
France,FRA,6/4/2021,134.21956
France,FRA,6/5/2021,134.21956
France,FRA,6/6/2021,103.3089
France,FRA,6/7/2021,103.3089
France,FRA,6/8/2021,103.3089
France,FRA,6/9/2021,103.3089
France,FRA,6/10/2021,103.3089
France,FRA,6/11/2021,103.3089
France,FRA,6/12/2021,103.3089
France,FRA,6/13/2021,60.01664
France,FRA,6/14/2021,60.01664
France,FRA,6/15/2021,60.01664
France,FRA,6/16/2021,60.01664
France,FRA,6/17/2021,60.01664
France,FRA,6/18/2021,60.01664
France,FRA,6/19/2021,60.01664
France,FRA,6/20/2021,32.937588
France,FRA,6/21/2021,32.937588
France,FRA,6/22/2021,32.937588
France,FRA,6/23/2021,32.937588
France,FRA,6/24/2021,32.937588
France,FRA,6/25/2021,32.937588
France,FRA,6/26/2021,32.937588
France,FRA,6/27/2021,23.758623
France,FRA,6/28/2021,23.758623
France,FRA,6/29/2021,23.758623
France,FRA,6/30/2021,23.758623
France,FRA,7/1/2021,23.758623
France,FRA,7/2/2021,23.758623
France,FRA,7/3/2021,23.758623
France,FRA,7/4/2021,30.906214
France,FRA,7/5/2021,30.906214
France,FRA,7/6/2021,30.906214
France,FRA,7/7/2021,30.906214
France,FRA,7/8/2021,30.906214
France,FRA,7/9/2021,30.906214
France,FRA,7/10/2021,30.906214
France,FRA,7/11/2021,51.82447
France,FRA,7/12/2021,51.82447
France,FRA,7/13/2021,51.82447
France,FRA,7/14/2021,51.82447
France,FRA,7/15/2021,51.82447
France,FRA,7/16/2021,51.82447
France,FRA,7/17/2021,51.82447
France,FRA,7/18/2021,103.69339
France,FRA,7/19/2021,103.69339
France,FRA,7/20/2021,103.69339
France,FRA,7/21/2021,103.69339
France,FRA,7/22/2021,103.69339
France,FRA,7/23/2021,103.69339
France,FRA,7/24/2021,103.69339
France,FRA,7/25/2021,262.42944
France,FRA,7/26/2021,262.42944
France,FRA,7/27/2021,262.42944
France,FRA,7/28/2021,262.42944
France,FRA,7/29/2021,262.42944
France,FRA,7/30/2021,262.42944
France,FRA,7/31/2021,262.42944
France,FRA,8/1/2021,318.22556
France,FRA,8/2/2021,318.22556
France,FRA,8/3/2021,318.22556
France,FRA,8/4/2021,318.22556
France,FRA,8/5/2021,318.22556
France,FRA,8/6/2021,318.22556
France,FRA,8/7/2021,318.22556
France,FRA,8/8/2021,327.0089
France,FRA,8/9/2021,327.0089
France,FRA,8/10/2021,327.0089
France,FRA,8/11/2021,327.0089
France,FRA,8/12/2021,327.0089
France,FRA,8/13/2021,327.0089
France,FRA,8/14/2021,327.0089
France,FRA,8/15/2021,335.44333
France,FRA,8/16/2021,335.44333
France,FRA,8/17/2021,335.44333
France,FRA,8/18/2021,335.44333
France,FRA,8/19/2021,335.44333
France,FRA,8/20/2021,335.44333
France,FRA,8/21/2021,335.44333
France,FRA,8/22/2021,296.8628
France,FRA,8/23/2021,296.8628
France,FRA,8/24/2021,296.8628
France,FRA,8/25/2021,296.8628
France,FRA,8/26/2021,296.8628
France,FRA,8/27/2021,296.8628
France,FRA,8/28/2021,296.8628
France,FRA,8/29/2021,249.19662
France,FRA,8/30/2021,249.19662
France,FRA,8/31/2021,249.19662
France,FRA,9/1/2021,249.19662
France,FRA,9/2/2021,249.19662
France,FRA,9/3/2021,249.19662
France,FRA,9/4/2021,249.19662
France,FRA,9/5/2021,190.65129
France,FRA,9/6/2021,190.65129
France,FRA,9/7/2021,190.65129
France,FRA,9/8/2021,190.65129
France,FRA,9/9/2021,190.65129
France,FRA,9/10/2021,190.65129
France,FRA,9/11/2021,190.65129
France,FRA,9/12/2021,144.06305
France,FRA,9/13/2021,144.06305
France,FRA,9/14/2021,144.06305
France,FRA,9/15/2021,144.06305
France,FRA,9/16/2021,144.06305
France,FRA,9/17/2021,144.06305
France,FRA,9/18/2021,144.06305
France,FRA,9/19/2021,103.87119
France,FRA,9/20/2021,103.87119
France,FRA,9/21/2021,103.87119
France,FRA,9/22/2021,103.87119
France,FRA,9/23/2021,103.87119
France,FRA,9/24/2021,103.87119
France,FRA,9/25/2021,103.87119
France,FRA,9/26/2021,80.2637
France,FRA,9/27/2021,80.2637
France,FRA,9/28/2021,80.2637
France,FRA,9/29/2021,80.2637
France,FRA,9/30/2021,80.2637
France,FRA,10/1/2021,80.2637
France,FRA,10/2/2021,80.2637
France,FRA,10/3/2021,68.7111
France,FRA,10/4/2021,68.7111
France,FRA,10/5/2021,68.7111
France,FRA,10/6/2021,68.7111
France,FRA,10/7/2021,68.7111
France,FRA,10/8/2021,68.7111
France,FRA,10/9/2021,68.7111
France,FRA,10/10/2021,58.55423
France,FRA,10/11/2021,58.55423
France,FRA,10/12/2021,58.55423
France,FRA,10/13/2021,58.55423
France,FRA,10/14/2021,58.55423
France,FRA,10/15/2021,58.55423
France,FRA,10/16/2021,58.55423
France,FRA,10/17/2021,69.108925
France,FRA,10/18/2021,69.108925
France,FRA,10/19/2021,69.108925
France,FRA,10/20/2021,69.108925
France,FRA,10/21/2021,69.108925
France,FRA,10/22/2021,69.108925
France,FRA,10/23/2021,69.108925
France,FRA,10/24/2021,76.10094
France,FRA,10/25/2021,76.10094
France,FRA,10/26/2021,76.10094
France,FRA,10/27/2021,76.10094
France,FRA,10/28/2021,76.10094
France,FRA,10/29/2021,76.10094
France,FRA,10/30/2021,76.10094
France,FRA,10/31/2021,85.39992
France,FRA,11/1/2021,85.39992
France,FRA,11/2/2021,85.39992
France,FRA,11/3/2021,85.39992
France,FRA,11/4/2021,85.39992
France,FRA,11/5/2021,85.39992
France,FRA,11/6/2021,85.39992
France,FRA,11/7/2021,106.80713
France,FRA,11/8/2021,106.80713
France,FRA,11/9/2021,106.80713
France,FRA,11/10/2021,106.80713
France,FRA,11/11/2021,106.80713
France,FRA,11/12/2021,106.80713
France,FRA,11/13/2021,106.80713
France,FRA,11/14/2021,147.48793
France,FRA,11/15/2021,147.48793
France,FRA,11/16/2021,147.48793
France,FRA,11/17/2021,147.48793
France,FRA,11/18/2021,147.48793
France,FRA,11/19/2021,147.48793
France,FRA,11/20/2021,147.48793
France,FRA,11/21/2021,266.0366
France,FRA,11/22/2021,266.0366
France,FRA,11/23/2021,266.0366
France,FRA,11/24/2021,266.0366
France,FRA,11/25/2021,266.0366
France,FRA,11/26/2021,266.0366
France,FRA,11/27/2021,266.0366
France,FRA,11/28/2021,433.8827
France,FRA,11/29/2021,433.8827
France,FRA,11/30/2021,433.8827
France,FRA,12/1/2021,433.8827
France,FRA,12/2/2021,433.8827
France,FRA,12/3/2021,433.8827
France,FRA,12/4/2021,433.8827
France,FRA,12/5/2021,641.85846
France,FRA,12/6/2021,641.85846
France,FRA,12/7/2021,641.85846
France,FRA,12/8/2021,641.85846
France,FRA,12/9/2021,641.85846
France,FRA,12/10/2021,641.85846
France,FRA,12/11/2021,641.85846
France,FRA,12/12/2021,749.619
France,FRA,12/13/2021,749.619
France,FRA,12/14/2021,749.619
France,FRA,12/15/2021,749.619
France,FRA,12/16/2021,749.619
France,FRA,12/17/2021,749.619
France,FRA,12/18/2021,749.619
France,FRA,12/19/2021,801.5524
France,FRA,12/20/2021,801.5524
France,FRA,12/21/2021,801.5524
France,FRA,12/22/2021,801.5524
France,FRA,12/23/2021,801.5524
France,FRA,12/24/2021,801.5524
France,FRA,12/25/2021,801.5524
France,FRA,12/26/2021,1155.127
France,FRA,12/27/2021,1155.127
France,FRA,12/28/2021,1155.127
France,FRA,12/29/2021,1155.127
France,FRA,12/30/2021,1155.127
France,FRA,12/31/2021,1155.127
France,FRA,1/1/2022,1155.127
France,FRA,1/2/2022,2535.2695
France,FRA,1/3/2022,2535.2695
France,FRA,1/4/2022,2535.2695
France,FRA,1/5/2022,2535.2695
France,FRA,1/6/2022,2535.2695
France,FRA,1/7/2022,2535.2695
France,FRA,1/8/2022,2535.2695
France,FRA,1/9/2022,3836.5332
France,FRA,1/10/2022,3836.5332
France,FRA,1/11/2022,3836.5332
France,FRA,1/12/2022,3836.5332
France,FRA,1/13/2022,3836.5332
France,FRA,1/14/2022,3836.5332
France,FRA,1/15/2022,3836.5332
France,FRA,1/16/2022,4360.3677
France,FRA,1/17/2022,4360.3677
France,FRA,1/18/2022,4360.3677
France,FRA,1/19/2022,4360.3677
France,FRA,1/20/2022,4360.3677
France,FRA,1/21/2022,4360.3677
France,FRA,1/22/2022,4360.3677
France,FRA,1/23/2022,5371.9004
France,FRA,1/24/2022,5371.9004
France,FRA,1/25/2022,5371.9004
France,FRA,1/26/2022,5371.9004
France,FRA,1/27/2022,5371.9004
France,FRA,1/28/2022,5371.9004
France,FRA,1/29/2022,5371.9004
France,FRA,1/30/2022,5177.055
France,FRA,1/31/2022,5177.055
France,FRA,2/1/2022,5177.055
France,FRA,2/2/2022,5177.055
France,FRA,2/3/2022,5177.055
France,FRA,2/4/2022,5177.055
France,FRA,2/5/2022,5177.055
France,FRA,2/6/2022,3795.1301
France,FRA,2/7/2022,3795.1301
France,FRA,2/8/2022,3795.1301
France,FRA,2/9/2022,3795.1301
France,FRA,2/10/2022,3795.1301
France,FRA,2/11/2022,3795.1301
France,FRA,2/12/2022,3795.1301
France,FRA,2/13/2022,2130.584
France,FRA,2/14/2022,2130.584
France,FRA,2/15/2022,2130.584
France,FRA,2/16/2022,2130.584
France,FRA,2/17/2022,2130.584
France,FRA,2/18/2022,2130.584
France,FRA,2/19/2022,2130.584
France,FRA,2/20/2022,1257.8224
France,FRA,2/21/2022,1257.8224
France,FRA,2/22/2022,1257.8224
France,FRA,2/23/2022,1257.8224
France,FRA,2/24/2022,1257.8224
France,FRA,2/25/2022,1257.8224
France,FRA,2/26/2022,1257.8224
France,FRA,2/27/2022,874.6663
France,FRA,2/28/2022,874.6663
France,FRA,3/1/2022,874.6663
France,FRA,3/2/2022,874.6663
France,FRA,3/3/2022,874.6663
France,FRA,3/4/2022,874.6663
France,FRA,3/5/2022,874.6663
France,FRA,3/6/2022,774.0644
France,FRA,3/7/2022,774.0644
France,FRA,3/8/2022,774.0644
France,FRA,3/9/2022,774.0644
France,FRA,3/10/2022,774.0644
France,FRA,3/11/2022,774.0644
France,FRA,3/12/2022,774.0644
France,FRA,3/13/2022,931.7381
France,FRA,3/14/2022,931.7381
France,FRA,3/15/2022,931.7381
France,FRA,3/16/2022,931.7381
France,FRA,3/17/2022,931.7381
France,FRA,3/18/2022,931.7381
France,FRA,3/19/2022,931.7381
France,FRA,3/20/2022,1303.1194
France,FRA,3/21/2022,1303.1194
France,FRA,3/22/2022,1303.1194
France,FRA,3/23/2022,1303.1194
France,FRA,3/24/2022,1303.1194
France,FRA,3/25/2022,1303.1194
France,FRA,3/26/2022,1303.1194
France,FRA,3/27/2022,1893.5624
France,FRA,3/28/2022,1893.5624
France,FRA,3/29/2022,1893.5624
France,FRA,3/30/2022,1893.5624
France,FRA,3/31/2022,1893.5624
France,FRA,4/1/2022,1893.5624
France,FRA,4/2/2022,1893.5624
France,FRA,4/3/2022,2132.1821
France,FRA,4/4/2022,2132.1821
France,FRA,4/5/2022,2132.1821
France,FRA,4/6/2022,2132.1821
France,FRA,4/7/2022,2132.1821
France,FRA,4/8/2022,2132.1821
France,FRA,4/9/2022,2132.1821
France,FRA,4/10/2022,2063.3176
France,FRA,4/11/2022,2063.3176
France,FRA,4/12/2022,2063.3176
France,FRA,4/13/2022,2063.3176
France,FRA,4/14/2022,2063.3176
France,FRA,4/15/2022,2063.3176
France,FRA,4/16/2022,2063.3176
France,FRA,4/17/2022,1827.8761
France,FRA,4/18/2022,1827.8761
France,FRA,4/19/2022,1827.8761
France,FRA,4/20/2022,1827.8761
France,FRA,4/21/2022,1827.8761
France,FRA,4/22/2022,1827.8761
France,FRA,4/23/2022,1827.8761
France,FRA,4/24/2022,1198.2903
France,FRA,4/25/2022,1198.2903
France,FRA,4/26/2022,1198.2903
France,FRA,4/27/2022,1198.2903
France,FRA,4/28/2022,1198.2903
France,FRA,4/29/2022,1198.2903
France,FRA,4/30/2022,1198.2903
France,FRA,5/1/2022,836.79694
France,FRA,5/2/2022,836.79694
France,FRA,5/3/2022,836.79694
France,FRA,5/4/2022,836.79694
France,FRA,5/5/2022,836.79694
France,FRA,5/6/2022,836.79694
France,FRA,5/7/2022,836.79694
France,FRA,5/8/2022,588.80493
France,FRA,5/9/2022,588.80493
France,FRA,5/10/2022,588.80493
France,FRA,5/11/2022,588.80493
France,FRA,5/12/2022,588.80493
France,FRA,5/13/2022,588.80493
France,FRA,5/14/2022,588.80493
France,FRA,5/15/2022,481.6511
France,FRA,5/16/2022,481.6511
France,FRA,5/17/2022,481.6511
France,FRA,5/18/2022,481.6511
France,FRA,5/19/2022,481.6511
France,FRA,5/20/2022,481.6511
France,FRA,5/21/2022,481.6511
France,FRA,5/22/2022,360.57767
France,FRA,5/23/2022,360.57767
France,FRA,5/24/2022,360.57767
France,FRA,5/25/2022,360.57767
France,FRA,5/26/2022,360.57767
France,FRA,5/27/2022,360.57767
France,FRA,5/28/2022,360.57767
France,FRA,5/29/2022,251.93254
France,FRA,5/30/2022,251.93254
France,FRA,5/31/2022,251.93254
France,FRA,6/1/2022,251.93254
France,FRA,6/2/2022,251.93254
France,FRA,6/3/2022,251.93254
France,FRA,6/4/2022,251.93254
France,FRA,6/5/2022,329.0936
France,FRA,6/6/2022,329.0936
France,FRA,6/7/2022,329.0936
France,FRA,6/8/2022,329.0936
France,FRA,6/9/2022,329.0936
France,FRA,6/10/2022,329.0936
France,FRA,6/11/2022,329.0936
France,FRA,6/12/2022,430.7512
France,FRA,6/13/2022,430.7512
France,FRA,6/14/2022,430.7512
France,FRA,6/15/2022,430.7512
France,FRA,6/16/2022,430.7512
France,FRA,6/17/2022,430.7512
France,FRA,6/18/2022,430.7512
France,FRA,6/19/2022,662.1455
France,FRA,6/20/2022,662.1455
France,FRA,6/21/2022,662.1455
France,FRA,6/22/2022,662.1455
France,FRA,6/23/2022,662.1455
France,FRA,6/24/2022,662.1455
France,FRA,6/25/2022,662.1455
France,FRA,6/26/2022,1015.03107
France,FRA,6/27/2022,1015.03107
France,FRA,6/28/2022,1015.03107
France,FRA,6/29/2022,1015.03107
France,FRA,6/30/2022,1015.03107
France,FRA,7/1/2022,1015.03107
France,FRA,7/2/2022,1015.03107
France,FRA,7/3/2022,1625.9567
France,FRA,7/4/2022,1625.9567
France,FRA,7/5/2022,1625.9567
France,FRA,7/6/2022,1625.9567
France,FRA,7/7/2022,1625.9567
France,FRA,7/8/2022,1625.9567
France,FRA,7/9/2022,1625.9567
France,FRA,7/10/2022,2009.0795
France,FRA,7/11/2022,2009.0795
France,FRA,7/12/2022,2009.0795
France,FRA,7/13/2022,2009.0795
France,FRA,7/14/2022,2009.0795
France,FRA,7/15/2022,2009.0795
France,FRA,7/16/2022,2009.0795
France,FRA,7/17/2022,1519.7163
France,FRA,7/18/2022,1519.7163
France,FRA,7/19/2022,1519.7163
France,FRA,7/20/2022,1519.7163
France,FRA,7/21/2022,1519.7163
France,FRA,7/22/2022,1519.7163
France,FRA,7/23/2022,1519.7163
France,FRA,7/24/2022,1160.8077
France,FRA,7/25/2022,1160.8077
France,FRA,7/26/2022,1160.8077
France,FRA,7/27/2022,1160.8077
France,FRA,7/28/2022,1160.8077
France,FRA,7/29/2022,1160.8077
France,FRA,7/30/2022,1160.8077
France,FRA,7/31/2022,732.16345
France,FRA,8/1/2022,732.16345
France,FRA,8/2/2022,732.16345
France,FRA,8/3/2022,732.16345
France,FRA,8/4/2022,732.16345
France,FRA,8/5/2022,732.16345
France,FRA,8/6/2022,732.16345
France,FRA,8/7/2022,471.60535
France,FRA,8/8/2022,471.60535
France,FRA,8/9/2022,471.60535
France,FRA,8/10/2022,471.60535
France,FRA,8/11/2022,471.60535
France,FRA,8/12/2022,471.60535
France,FRA,8/13/2022,471.60535
France,FRA,8/14/2022,336.0123
France,FRA,8/15/2022,336.0123
France,FRA,8/16/2022,336.0123
France,FRA,8/17/2022,336.0123
France,FRA,8/18/2022,336.0123
France,FRA,8/19/2022,336.0123
France,FRA,8/20/2022,336.0123
France,FRA,8/21/2022,264.95865
France,FRA,8/22/2022,264.95865
France,FRA,8/23/2022,264.95865
France,FRA,8/24/2022,264.95865
France,FRA,8/25/2022,264.95865
France,FRA,8/26/2022,264.95865
France,FRA,8/27/2022,264.95865
France,FRA,8/28/2022,260.12027
France,FRA,8/29/2022,260.12027
France,FRA,8/30/2022,260.12027
France,FRA,8/31/2022,260.12027
France,FRA,9/1/2022,260.12027
France,FRA,9/2/2022,260.12027
France,FRA,9/3/2022,260.12027
France,FRA,9/4/2022,236.85503
France,FRA,9/5/2022,236.85503
France,FRA,9/6/2022,236.85503
France,FRA,9/7/2022,236.85503
France,FRA,9/8/2022,236.85503
France,FRA,9/9/2022,236.85503
France,FRA,9/10/2022,236.85503
France,FRA,9/11/2022,249.75226
France,FRA,9/12/2022,249.75226
France,FRA,9/13/2022,249.75226
France,FRA,9/14/2022,249.75226
France,FRA,9/15/2022,249.75226
France,FRA,9/16/2022,249.75226
France,FRA,9/17/2022,249.75226
France,FRA,9/18/2022,419.72754
France,FRA,9/19/2022,419.72754
France,FRA,9/20/2022,419.72754
France,FRA,9/21/2022,419.72754
France,FRA,9/22/2022,419.72754
France,FRA,9/23/2022,419.72754
France,FRA,9/24/2022,419.72754
France,FRA,9/25/2022,512.804
France,FRA,9/26/2022,512.804
France,FRA,9/27/2022,512.804
France,FRA,9/28/2022,512.804
France,FRA,9/29/2022,512.804
France,FRA,9/30/2022,512.804
France,FRA,10/1/2022,512.804
France,FRA,10/2/2022,689.23126
France,FRA,10/3/2022,689.23126
France,FRA,10/4/2022,689.23126
France,FRA,10/5/2022,689.23126
France,FRA,10/6/2022,689.23126
France,FRA,10/7/2022,689.23126
France,FRA,10/8/2022,689.23126
France,FRA,10/9/2022,856.71954
France,FRA,10/10/2022,856.71954
France,FRA,10/11/2022,856.71954
France,FRA,10/12/2022,856.71954
France,FRA,10/13/2022,856.71954
France,FRA,10/14/2022,856.71954
France,FRA,10/15/2022,856.71954
France,FRA,10/16/2022,871.38586
France,FRA,10/17/2022,871.38586
France,FRA,10/18/2022,871.38586
France,FRA,10/19/2022,871.38586
France,FRA,10/20/2022,871.38586
France,FRA,10/21/2022,871.38586
France,FRA,10/22/2022,871.38586
France,FRA,10/23/2022,774.86896
France,FRA,10/24/2022,774.86896
France,FRA,10/25/2022,774.86896
France,FRA,10/26/2022,774.86896
France,FRA,10/27/2022,774.86896
France,FRA,10/28/2022,774.86896
France,FRA,10/29/2022,774.86896
France,FRA,10/30/2022,495.36398
France,FRA,10/31/2022,495.36398
France,FRA,11/1/2022,495.36398
France,FRA,11/2/2022,495.36398
France,FRA,11/3/2022,495.36398
France,FRA,11/4/2022,495.36398
France,FRA,11/5/2022,495.36398
France,FRA,11/6/2022,341.4152
France,FRA,11/7/2022,341.4152
France,FRA,11/8/2022,341.4152
France,FRA,11/9/2022,341.4152
France,FRA,11/10/2022,341.4152
France,FRA,11/11/2022,341.4152
France,FRA,11/12/2022,341.4152
France,FRA,11/13/2022,335.72113
France,FRA,11/14/2022,335.72113
France,FRA,11/15/2022,335.72113
France,FRA,11/16/2022,335.72113
France,FRA,11/17/2022,335.72113
France,FRA,11/18/2022,335.72113
France,FRA,11/19/2022,335.72113
France,FRA,11/20/2022,492.70584
France,FRA,11/21/2022,492.70584
France,FRA,11/22/2022,492.70584
France,FRA,11/23/2022,492.70584
France,FRA,11/24/2022,492.70584
France,FRA,11/25/2022,492.70584
France,FRA,11/26/2022,492.70584
France,FRA,11/27/2022,652.59985
France,FRA,11/28/2022,652.59985
France,FRA,11/29/2022,652.59985
France,FRA,11/30/2022,652.59985
France,FRA,12/1/2022,652.59985
France,FRA,12/2/2022,652.59985
France,FRA,12/3/2022,652.59985
France,FRA,12/4/2022,853.5991
France,FRA,12/5/2022,853.5991
France,FRA,12/6/2022,853.5991
France,FRA,12/7/2022,853.5991
France,FRA,12/8/2022,853.5991
France,FRA,12/9/2022,853.5991
France,FRA,12/10/2022,853.5991
France,FRA,12/11/2022,954.9656
France,FRA,12/12/2022,954.9656
France,FRA,12/13/2022,954.9656
France,FRA,12/14/2022,954.9656
France,FRA,12/15/2022,954.9656
France,FRA,12/16/2022,954.9656
France,FRA,12/17/2022,954.9656
France,FRA,12/18/2022,869.42786
France,FRA,12/19/2022,869.42786
France,FRA,12/20/2022,869.42786
France,FRA,12/21/2022,869.42786
France,FRA,12/22/2022,869.42786
France,FRA,12/23/2022,869.42786
France,FRA,12/24/2022,869.42786
France,FRA,12/25/2022,666.4016
France,FRA,12/26/2022,666.4016
France,FRA,12/27/2022,666.4016
France,FRA,12/28/2022,666.4016
France,FRA,12/29/2022,666.4016
France,FRA,12/30/2022,666.4016
France,FRA,12/31/2022,666.4016
France,FRA,1/1/2023,337.1702
France,FRA,1/2/2023,337.1702
France,FRA,1/3/2023,337.1702
France,FRA,1/4/2023,337.1702
France,FRA,1/5/2023,337.1702
France,FRA,1/6/2023,337.1702
France,FRA,1/7/2023,337.1702
France,FRA,1/8/2023,179.6432
France,FRA,1/9/2023,179.6432
France,FRA,1/10/2023,179.6432
France,FRA,1/11/2023,179.6432
France,FRA,1/12/2023,179.6432
France,FRA,1/13/2023,179.6432
France,FRA,1/14/2023,179.6432
France,FRA,1/15/2023,96.73249
France,FRA,1/16/2023,96.73249
France,FRA,1/17/2023,96.73249
France,FRA,1/18/2023,96.73249
France,FRA,1/19/2023,96.73249
France,FRA,1/20/2023,96.73249
France,FRA,1/21/2023,96.73249
France,FRA,1/22/2023,70.43799
France,FRA,1/23/2023,70.43799
France,FRA,1/24/2023,70.43799
France,FRA,1/25/2023,70.43799
France,FRA,1/26/2023,70.43799
France,FRA,1/27/2023,70.43799
France,FRA,1/28/2023,70.43799
France,FRA,1/29/2023,66.67306
France,FRA,1/30/2023,66.67306
France,FRA,1/31/2023,66.67306
France,FRA,2/1/2023,66.67306
France,FRA,2/2/2023,66.67306
France,FRA,2/3/2023,66.67306
France,FRA,2/4/2023,66.67306
France,FRA,2/5/2023,58.0675
France,FRA,2/6/2023,58.0675
France,FRA,2/7/2023,58.0675
France,FRA,2/8/2023,58.0675
France,FRA,2/9/2023,58.0675
France,FRA,2/10/2023,58.0675
France,FRA,2/11/2023,58.0675
France,FRA,2/12/2023,50.106472
France,FRA,2/13/2023,50.106472
France,FRA,2/14/2023,50.106472
France,FRA,2/15/2023,50.106472
France,FRA,2/16/2023,50.106472
France,FRA,2/17/2023,50.106472
France,FRA,2/18/2023,50.106472
France,FRA,2/19/2023,53.598034
France,FRA,2/20/2023,53.598034
France,FRA,2/21/2023,53.598034
France,FRA,2/22/2023,53.598034
France,FRA,2/23/2023,53.598034
France,FRA,2/24/2023,53.598034
France,FRA,2/25/2023,53.598034
France,FRA,2/26/2023,58.394207
France,FRA,2/27/2023,58.394207
France,FRA,2/28/2023,58.394207
France,FRA,3/1/2023,58.394207
France,FRA,3/2/2023,58.394207
France,FRA,3/3/2023,58.394207
France,FRA,3/4/2023,58.394207
France,FRA,3/5/2023,56.26949
France,FRA,3/6/2023,56.26949
France,FRA,3/7/2023,56.26949
France,FRA,3/8/2023,56.26949
France,FRA,3/9/2023,56.26949
France,FRA,3/10/2023,56.26949
France,FRA,3/11/2023,56.26949
France,FRA,3/12/2023,79.67918
France,FRA,3/13/2023,79.67918
France,FRA,3/14/2023,79.67918
France,FRA,3/15/2023,79.67918
France,FRA,3/16/2023,79.67918
France,FRA,3/17/2023,79.67918
France,FRA,3/18/2023,79.67918
France,FRA,3/19/2023,102.91329
France,FRA,3/20/2023,102.91329
France,FRA,3/21/2023,102.91329
France,FRA,3/22/2023,102.91329
France,FRA,3/23/2023,102.91329
France,FRA,3/24/2023,102.91329
France,FRA,3/25/2023,102.91329
France,FRA,3/26/2023,121.33345
France,FRA,3/27/2023,121.33345
France,FRA,3/28/2023,121.33345
France,FRA,3/29/2023,121.33345
France,FRA,3/30/2023,121.33345
France,FRA,3/31/2023,121.33345
France,FRA,4/1/2023,121.33345
France,FRA,4/2/2023,127.30978
France,FRA,4/3/2023,127.30978
France,FRA,4/4/2023,127.30978
France,FRA,4/5/2023,127.30978
France,FRA,4/6/2023,127.30978
France,FRA,4/7/2023,127.30978
France,FRA,4/8/2023,127.30978
France,FRA,4/9/2023,123.002556
France,FRA,4/10/2023,123.002556
France,FRA,4/11/2023,123.002556
France,FRA,4/12/2023,123.002556
France,FRA,4/13/2023,123.002556
France,FRA,4/14/2023,123.002556
France,FRA,4/15/2023,123.002556
France,FRA,4/16/2023,116.70174
France,FRA,4/17/2023,116.70174
France,FRA,4/18/2023,116.70174
France,FRA,4/19/2023,116.70174
France,FRA,4/20/2023,116.70174
France,FRA,4/21/2023,116.70174
France,FRA,4/22/2023,116.70174
France,FRA,4/23/2023,107.96506
France,FRA,4/24/2023,107.96506
France,FRA,4/25/2023,107.96506
France,FRA,4/26/2023,107.96506
France,FRA,4/27/2023,107.96506
France,FRA,4/28/2023,107.96506
France,FRA,4/29/2023,107.96506
France,FRA,4/30/2023,89.88494
France,FRA,5/1/2023,89.88494
France,FRA,5/2/2023,89.88494
France,FRA,5/3/2023,89.88494
France,FRA,5/4/2023,89.88494
France,FRA,5/5/2023,89.88494
France,FRA,5/6/2023,89.88494
France,FRA,5/7/2023,69.63566
France,FRA,5/8/2023,69.63566
France,FRA,5/9/2023,69.63566
France,FRA,5/10/2023,69.63566
France,FRA,5/11/2023,69.63566
France,FRA,5/12/2023,69.63566
France,FRA,5/13/2023,69.63566
France,FRA,5/14/2023,53.962524
France,FRA,5/15/2023,53.962524
France,FRA,5/16/2023,53.962524
France,FRA,5/17/2023,53.962524
France,FRA,5/18/2023,53.962524
France,FRA,5/19/2023,53.962524
France,FRA,5/20/2023,53.962524
France,FRA,5/21/2023,45.894817
France,FRA,5/22/2023,45.894817
France,FRA,5/23/2023,45.894817
France,FRA,5/24/2023,45.894817
France,FRA,5/25/2023,45.894817
France,FRA,5/26/2023,45.894817
France,FRA,5/27/2023,45.894817
France,FRA,5/28/2023,56.07391
France,FRA,5/29/2023,56.07391
France,FRA,5/30/2023,56.07391
France,FRA,5/31/2023,56.07391
France,FRA,6/1/2023,56.07391
France,FRA,6/2/2023,56.07391
France,FRA,6/3/2023,56.07391
France,FRA,6/4/2023,41.369785
France,FRA,6/5/2023,41.369785
France,FRA,6/6/2023,41.369785
France,FRA,6/7/2023,41.369785
France,FRA,6/8/2023,41.369785
France,FRA,6/9/2023,41.369785
France,FRA,6/10/2023,41.369785
France,FRA,6/11/2023,34.71115
France,FRA,6/12/2023,34.71115
France,FRA,6/13/2023,34.71115
France,FRA,6/14/2023,34.71115
France,FRA,6/15/2023,34.71115
France,FRA,6/16/2023,34.71115
France,FRA,6/17/2023,34.71115
France,FRA,6/18/2023,24.892103
France,FRA,6/19/2023,24.892103
France,FRA,6/20/2023,24.892103
France,FRA,6/21/2023,24.892103
France,FRA,6/22/2023,24.892103
France,FRA,6/23/2023,24.892103
France,FRA,6/24/2023,24.892103
France,FRA,6/25/2023,17.740068
France,FRA,6/26/2023,17.740068
France,FRA,6/27/2023,17.740068
France,FRA,6/28/2023,17.740068
France,FRA,6/29/2023,17.740068
France,FRA,6/30/2023,17.740068
France,FRA,7/1/2023,17.740068
France,FRA,7/2/2023,0
Germany,DEU,3/1/2020,0.23615214
Germany,DEU,3/2/2020,0.23615214
Germany,DEU,3/3/2020,0.23615214
Germany,DEU,3/4/2020,0.23615214
Germany,DEU,3/5/2020,0.23615214
Germany,DEU,3/6/2020,0.23615214
Germany,DEU,3/7/2020,0.23615214
Germany,DEU,3/8/2020,1.5375373
Germany,DEU,3/9/2020,1.5375373
Germany,DEU,3/10/2020,1.5375373
Germany,DEU,3/11/2020,1.5375373
Germany,DEU,3/12/2020,1.5375373
Germany,DEU,3/13/2020,1.5375373
Germany,DEU,3/14/2020,1.5375373
Germany,DEU,3/15/2020,10.942848
Germany,DEU,3/16/2020,10.942848
Germany,DEU,3/17/2020,10.942848
Germany,DEU,3/18/2020,10.942848
Germany,DEU,3/19/2020,10.942848
Germany,DEU,3/20/2020,10.942848
Germany,DEU,3/21/2020,10.942848
Germany,DEU,3/22/2020,38.068066
Germany,DEU,3/23/2020,38.068066
Germany,DEU,3/24/2020,38.068066
Germany,DEU,3/25/2020,38.068066
Germany,DEU,3/26/2020,38.068066
Germany,DEU,3/27/2020,38.068066
Germany,DEU,3/28/2020,38.068066
Germany,DEU,3/29/2020,57.731556
Germany,DEU,3/30/2020,57.731556
Germany,DEU,3/31/2020,57.731556
Germany,DEU,4/1/2020,57.731556
Germany,DEU,4/2/2020,57.731556
Germany,DEU,4/3/2020,57.731556
Germany,DEU,4/4/2020,57.731556
Germany,DEU,4/5/2020,61.275536
Germany,DEU,4/6/2020,61.275536
Germany,DEU,4/7/2020,61.275536
Germany,DEU,4/8/2020,61.275536
Germany,DEU,4/9/2020,61.275536
Germany,DEU,4/10/2020,61.275536
Germany,DEU,4/11/2020,61.275536
Germany,DEU,4/12/2020,46.117626
Germany,DEU,4/13/2020,46.117626
Germany,DEU,4/14/2020,46.117626
Germany,DEU,4/15/2020,46.117626
Germany,DEU,4/16/2020,46.117626
Germany,DEU,4/17/2020,46.117626
Germany,DEU,4/18/2020,46.117626
Germany,DEU,4/19/2020,29.46805
Germany,DEU,4/20/2020,29.46805
Germany,DEU,4/21/2020,29.46805
Germany,DEU,4/22/2020,29.46805
Germany,DEU,4/23/2020,29.46805
Germany,DEU,4/24/2020,29.46805
Germany,DEU,4/25/2020,29.46805
Germany,DEU,4/26/2020,20.983562
Germany,DEU,4/27/2020,20.983562
Germany,DEU,4/28/2020,20.983562
Germany,DEU,4/29/2020,20.983562
Germany,DEU,4/30/2020,20.983562
Germany,DEU,5/1/2020,20.983562
Germany,DEU,5/2/2020,20.983562
Germany,DEU,5/3/2020,12.643484
Germany,DEU,5/4/2020,12.643484
Germany,DEU,5/5/2020,12.643484
Germany,DEU,5/6/2020,12.643484
Germany,DEU,5/7/2020,12.643484
Germany,DEU,5/8/2020,12.643484
Germany,DEU,5/9/2020,12.643484
Germany,DEU,5/10/2020,10.60646
Germany,DEU,5/11/2020,10.60646
Germany,DEU,5/12/2020,10.60646
Germany,DEU,5/13/2020,10.60646
Germany,DEU,5/14/2020,10.60646
Germany,DEU,5/15/2020,10.60646
Germany,DEU,5/16/2020,10.60646
Germany,DEU,5/17/2020,8.112421
Germany,DEU,5/18/2020,8.112421
Germany,DEU,5/19/2020,8.112421
Germany,DEU,5/20/2020,8.112421
Germany,DEU,5/21/2020,8.112421
Germany,DEU,5/22/2020,8.112421
Germany,DEU,5/23/2020,8.112421
Germany,DEU,5/24/2020,6.1229663
Germany,DEU,5/25/2020,6.1229663
Germany,DEU,5/26/2020,6.1229663
Germany,DEU,5/27/2020,6.1229663
Germany,DEU,5/28/2020,6.1229663
Germany,DEU,5/29/2020,6.1229663
Germany,DEU,5/30/2020,6.1229663
Germany,DEU,5/31/2020,5.4467897
Germany,DEU,6/1/2020,5.4467897
Germany,DEU,6/2/2020,5.4467897
Germany,DEU,6/3/2020,5.4467897
Germany,DEU,6/4/2020,5.4467897
Germany,DEU,6/5/2020,5.4467897
Germany,DEU,6/6/2020,5.4467897
Germany,DEU,6/7/2020,3.999296
Germany,DEU,6/8/2020,3.999296
Germany,DEU,6/9/2020,3.999296
Germany,DEU,6/10/2020,3.999296
Germany,DEU,6/11/2020,3.999296
Germany,DEU,6/12/2020,3.999296
Germany,DEU,6/13/2020,3.999296
Germany,DEU,6/14/2020,3.9891024
Germany,DEU,6/15/2020,3.9891024
Germany,DEU,6/16/2020,3.9891024
Germany,DEU,6/17/2020,3.9891024
Germany,DEU,6/18/2020,3.9891024
Germany,DEU,6/19/2020,3.9891024
Germany,DEU,6/20/2020,3.9891024
Germany,DEU,6/21/2020,7.121941
Germany,DEU,6/22/2020,7.121941
Germany,DEU,6/23/2020,7.121941
Germany,DEU,6/24/2020,7.121941
Germany,DEU,6/25/2020,7.121941
Germany,DEU,6/26/2020,7.121941
Germany,DEU,6/27/2020,7.121941
Germany,DEU,6/28/2020,5.3805313
Germany,DEU,6/29/2020,5.3805313
Germany,DEU,6/30/2020,5.3805313
Germany,DEU,7/1/2020,5.3805313
Germany,DEU,7/2/2020,5.3805313
Germany,DEU,7/3/2020,5.3805313
Germany,DEU,7/4/2020,5.3805313
Germany,DEU,7/5/2020,4.5718374
Germany,DEU,7/6/2020,4.5718374
Germany,DEU,7/7/2020,4.5718374
Germany,DEU,7/8/2020,4.5718374
Germany,DEU,7/9/2020,4.5718374
Germany,DEU,7/10/2020,4.5718374
Germany,DEU,7/11/2020,4.5718374
Germany,DEU,7/12/2020,4.126716
Germany,DEU,7/13/2020,4.126716
Germany,DEU,7/14/2020,4.126716
Germany,DEU,7/15/2020,4.126716
Germany,DEU,7/16/2020,4.126716
Germany,DEU,7/17/2020,4.126716
Germany,DEU,7/18/2020,4.126716
Germany,DEU,7/19/2020,5.171562
Germany,DEU,7/20/2020,5.171562
Germany,DEU,7/21/2020,5.171562
Germany,DEU,7/22/2020,5.171562
Germany,DEU,7/23/2020,5.171562
Germany,DEU,7/24/2020,5.171562
Germany,DEU,7/25/2020,5.171562
Germany,DEU,7/26/2020,6.687013
Germany,DEU,7/27/2020,6.687013
Germany,DEU,7/28/2020,6.687013
Germany,DEU,7/29/2020,6.687013
Germany,DEU,7/30/2020,6.687013
Germany,DEU,7/31/2020,6.687013
Germany,DEU,8/1/2020,6.687013
Germany,DEU,8/2/2020,8.227948
Germany,DEU,8/3/2020,8.227948
Germany,DEU,8/4/2020,8.227948
Germany,DEU,8/5/2020,8.227948
Germany,DEU,8/6/2020,8.227948
Germany,DEU,8/7/2020,8.227948
Germany,DEU,8/8/2020,8.227948
Germany,DEU,8/9/2020,10.3074465
Germany,DEU,8/10/2020,10.3074465
Germany,DEU,8/11/2020,10.3074465
Germany,DEU,8/12/2020,10.3074465
Germany,DEU,8/13/2020,10.3074465
Germany,DEU,8/14/2020,10.3074465
Germany,DEU,8/15/2020,10.3074465
Germany,DEU,8/16/2020,13.542221
Germany,DEU,8/17/2020,13.542221
Germany,DEU,8/18/2020,13.542221
Germany,DEU,8/19/2020,13.542221
Germany,DEU,8/20/2020,13.542221
Germany,DEU,8/21/2020,13.542221
Germany,DEU,8/22/2020,13.542221
Germany,DEU,8/23/2020,16.27581
Germany,DEU,8/24/2020,16.27581
Germany,DEU,8/25/2020,16.27581
Germany,DEU,8/26/2020,16.27581
Germany,DEU,8/27/2020,16.27581
Germany,DEU,8/28/2020,16.27581
Germany,DEU,8/29/2020,16.27581
Germany,DEU,8/30/2020,15.025393
Germany,DEU,8/31/2020,15.025393
Germany,DEU,9/1/2020,15.025393
Germany,DEU,9/2/2020,15.025393
Germany,DEU,9/3/2020,15.025393
Germany,DEU,9/4/2020,15.025393
Germany,DEU,9/5/2020,15.025393
Germany,DEU,9/6/2020,14.6261425
Germany,DEU,9/7/2020,14.6261425
Germany,DEU,9/8/2020,14.6261425
Germany,DEU,9/9/2020,14.6261425
Germany,DEU,9/10/2020,14.6261425
Germany,DEU,9/11/2020,14.6261425
Germany,DEU,9/12/2020,14.6261425
Germany,DEU,9/13/2020,16.624092
Germany,DEU,9/14/2020,16.624092
Germany,DEU,9/15/2020,16.624092
Germany,DEU,9/16/2020,16.624092
Germany,DEU,9/17/2020,16.624092
Germany,DEU,9/18/2020,16.624092
Germany,DEU,9/19/2020,16.624092
Germany,DEU,9/20/2020,20.871433
Germany,DEU,9/21/2020,20.871433
Germany,DEU,9/22/2020,20.871433
Germany,DEU,9/23/2020,20.871433
Germany,DEU,9/24/2020,20.871433
Germany,DEU,9/25/2020,20.871433
Germany,DEU,9/26/2020,20.871433
Germany,DEU,9/27/2020,22.194904
Germany,DEU,9/28/2020,22.194904
Germany,DEU,9/29/2020,22.194904
Germany,DEU,9/30/2020,22.194904
Germany,DEU,10/1/2020,22.194904
Germany,DEU,10/2/2020,22.194904
Germany,DEU,10/3/2020,22.194904
Germany,DEU,10/4/2020,27.091238
Germany,DEU,10/5/2020,27.091238
Germany,DEU,10/6/2020,27.091238
Germany,DEU,10/7/2020,27.091238
Germany,DEU,10/8/2020,27.091238
Germany,DEU,10/9/2020,27.091238
Germany,DEU,10/10/2020,27.091238
Germany,DEU,10/11/2020,44.41869
Germany,DEU,10/12/2020,44.41869
Germany,DEU,10/13/2020,44.41869
Germany,DEU,10/14/2020,44.41869
Germany,DEU,10/15/2020,44.41869
Germany,DEU,10/16/2020,44.41869
Germany,DEU,10/17/2020,44.41869
Germany,DEU,10/18/2020,71.40799
Germany,DEU,10/19/2020,71.40799
Germany,DEU,10/20/2020,71.40799
Germany,DEU,10/21/2020,71.40799
Germany,DEU,10/22/2020,71.40799
Germany,DEU,10/23/2020,71.40799
Germany,DEU,10/24/2020,71.40799
Germany,DEU,10/25/2020,127.06684
Germany,DEU,10/26/2020,127.06684
Germany,DEU,10/27/2020,127.06684
Germany,DEU,10/28/2020,127.06684
Germany,DEU,10/29/2020,127.06684
Germany,DEU,10/30/2020,127.06684
Germany,DEU,10/31/2020,127.06684
Germany,DEU,11/1/2020,188.59721
Germany,DEU,11/2/2020,188.59721
Germany,DEU,11/3/2020,188.59721
Germany,DEU,11/4/2020,188.59721
Germany,DEU,11/5/2020,188.59721
Germany,DEU,11/6/2020,188.59721
Germany,DEU,11/7/2020,188.59721
Germany,DEU,11/8/2020,213.5427
Germany,DEU,11/9/2020,213.5427
Germany,DEU,11/10/2020,213.5427
Germany,DEU,11/11/2020,213.5427
Germany,DEU,11/12/2020,213.5427
Germany,DEU,11/13/2020,213.5427
Germany,DEU,11/14/2020,213.5427
Germany,DEU,11/15/2020,217.22939
Germany,DEU,11/16/2020,217.22939
Germany,DEU,11/17/2020,217.22939
Germany,DEU,11/18/2020,217.22939
Germany,DEU,11/19/2020,217.22939
Germany,DEU,11/20/2020,217.22939
Germany,DEU,11/21/2020,217.22939
Germany,DEU,11/22/2020,218.14342
Germany,DEU,11/23/2020,218.14342
Germany,DEU,11/24/2020,218.14342
Germany,DEU,11/25/2020,218.14342
Germany,DEU,11/26/2020,218.14342
Germany,DEU,11/27/2020,218.14342
Germany,DEU,11/28/2020,218.14342
Germany,DEU,11/29/2020,209.17644
Germany,DEU,11/30/2020,209.17644
Germany,DEU,12/1/2020,209.17644
Germany,DEU,12/2/2020,209.17644
Germany,DEU,12/3/2020,209.17644
Germany,DEU,12/4/2020,209.17644
Germany,DEU,12/5/2020,209.17644
Germany,DEU,12/6/2020,217.90218
Germany,DEU,12/7/2020,217.90218
Germany,DEU,12/8/2020,217.90218
Germany,DEU,12/9/2020,217.90218
Germany,DEU,12/10/2020,217.90218
Germany,DEU,12/11/2020,217.90218
Germany,DEU,12/12/2020,217.90218
Germany,DEU,12/13/2020,265.39594
Germany,DEU,12/14/2020,265.39594
Germany,DEU,12/15/2020,265.39594
Germany,DEU,12/16/2020,265.39594
Germany,DEU,12/17/2020,265.39594
Germany,DEU,12/18/2020,265.39594
Germany,DEU,12/19/2020,265.39594
Germany,DEU,12/20/2020,296.6156
Germany,DEU,12/21/2020,296.6156
Germany,DEU,12/22/2020,296.6156
Germany,DEU,12/23/2020,296.6156
Germany,DEU,12/24/2020,296.6156
Germany,DEU,12/25/2020,296.6156
Germany,DEU,12/26/2020,296.6156
Germany,DEU,12/27/2020,235.85992
Germany,DEU,12/28/2020,235.85992
Germany,DEU,12/29/2020,235.85992
Germany,DEU,12/30/2020,235.85992
Germany,DEU,12/31/2020,235.85992
Germany,DEU,1/1/2021,235.85992
Germany,DEU,1/2/2021,235.85992
Germany,DEU,1/3/2021,208.88931
Germany,DEU,1/4/2021,208.88931
Germany,DEU,1/5/2021,208.88931
Germany,DEU,1/6/2021,208.88931
Germany,DEU,1/7/2021,208.88931
Germany,DEU,1/8/2021,208.88931
Germany,DEU,1/9/2021,208.88931
Germany,DEU,1/10/2021,247.20372
Germany,DEU,1/11/2021,247.20372
Germany,DEU,1/12/2021,247.20372
Germany,DEU,1/13/2021,247.20372
Germany,DEU,1/14/2021,247.20372
Germany,DEU,1/15/2021,247.20372
Germany,DEU,1/16/2021,247.20372
Germany,DEU,1/17/2021,202.0528
Germany,DEU,1/18/2021,202.0528
Germany,DEU,1/19/2021,202.0528
Germany,DEU,1/20/2021,202.0528
Germany,DEU,1/21/2021,202.0528
Germany,DEU,1/22/2021,202.0528
Germany,DEU,1/23/2021,202.0528
Germany,DEU,1/24/2021,162.33846
Germany,DEU,1/25/2021,162.33846
Germany,DEU,1/26/2021,162.33846
Germany,DEU,1/27/2021,162.33846
Germany,DEU,1/28/2021,162.33846
Germany,DEU,1/29/2021,162.33846
Germany,DEU,1/30/2021,162.33846
Germany,DEU,1/31/2021,132.80925
Germany,DEU,2/1/2021,132.80925
Germany,DEU,2/2/2021,132.80925
Germany,DEU,2/3/2021,132.80925
Germany,DEU,2/4/2021,132.80925
Germany,DEU,2/5/2021,132.80925
Germany,DEU,2/6/2021,132.80925
Germany,DEU,2/7/2021,109.74449
Germany,DEU,2/8/2021,109.74449
Germany,DEU,2/9/2021,109.74449
Germany,DEU,2/10/2021,109.74449
Germany,DEU,2/11/2021,109.74449
Germany,DEU,2/12/2021,109.74449
Germany,DEU,2/13/2021,109.74449
Germany,DEU,2/14/2021,86.35184
Germany,DEU,2/15/2021,86.35184
Germany,DEU,2/16/2021,86.35184
Germany,DEU,2/17/2021,86.35184
Germany,DEU,2/18/2021,86.35184
Germany,DEU,2/19/2021,86.35184
Germany,DEU,2/20/2021,86.35184
Germany,DEU,2/21/2021,88.90364
Germany,DEU,2/22/2021,88.90364
Germany,DEU,2/23/2021,88.90364
Germany,DEU,2/24/2021,88.90364
Germany,DEU,2/25/2021,88.90364
Germany,DEU,2/26/2021,88.90364
Germany,DEU,2/27/2021,88.90364
Germany,DEU,2/28/2021,95.745255
Germany,DEU,3/1/2021,95.745255
Germany,DEU,3/2/2021,95.745255
Germany,DEU,3/3/2021,95.745255
Germany,DEU,3/4/2021,95.745255
Germany,DEU,3/5/2021,95.745255
Germany,DEU,3/6/2021,95.745255
Germany,DEU,3/7/2021,99.26035
Germany,DEU,3/8/2021,99.26035
Germany,DEU,3/9/2021,99.26035
Germany,DEU,3/10/2021,99.26035
Germany,DEU,3/11/2021,99.26035
Germany,DEU,3/12/2021,99.26035
Germany,DEU,3/13/2021,99.26035
Germany,DEU,3/14/2021,121.28876
Germany,DEU,3/15/2021,121.28876
Germany,DEU,3/16/2021,121.28876
Germany,DEU,3/17/2021,121.28876
Germany,DEU,3/18/2021,121.28876
Germany,DEU,3/19/2021,121.28876
Germany,DEU,3/20/2021,121.28876
Germany,DEU,3/21/2021,157.33849
Germany,DEU,3/22/2021,157.33849
Germany,DEU,3/23/2021,157.33849
Germany,DEU,3/24/2021,157.33849
Germany,DEU,3/25/2021,157.33849
Germany,DEU,3/26/2021,157.33849
Germany,DEU,3/27/2021,157.33849
Germany,DEU,3/28/2021,197.60158
Germany,DEU,3/29/2021,197.60158
Germany,DEU,3/30/2021,197.60158
Germany,DEU,3/31/2021,197.60158
Germany,DEU,4/1/2021,197.60158
Germany,DEU,4/2/2021,197.60158
Germany,DEU,4/3/2021,197.60158
Germany,DEU,4/4/2021,186.89488
Germany,DEU,4/5/2021,186.89488
Germany,DEU,4/6/2021,186.89488
Germany,DEU,4/7/2021,186.89488
Germany,DEU,4/8/2021,186.89488
Germany,DEU,4/9/2021,186.89488
Germany,DEU,4/10/2021,186.89488
Germany,DEU,4/11/2021,200.79388
Germany,DEU,4/12/2021,200.79388
Germany,DEU,4/13/2021,200.79388
Germany,DEU,4/14/2021,200.79388
Germany,DEU,4/15/2021,200.79388
Germany,DEU,4/16/2021,200.79388
Germany,DEU,4/17/2021,200.79388
Germany,DEU,4/18/2021,241.28464
Germany,DEU,4/19/2021,241.28464
Germany,DEU,4/20/2021,241.28464
Germany,DEU,4/21/2021,241.28464
Germany,DEU,4/22/2021,241.28464
Germany,DEU,4/23/2021,241.28464
Germany,DEU,4/24/2021,241.28464
Germany,DEU,4/25/2021,245.7987
Germany,DEU,4/26/2021,245.7987
Germany,DEU,4/27/2021,245.7987
Germany,DEU,4/28/2021,245.7987
Germany,DEU,4/29/2021,245.7987
Germany,DEU,4/30/2021,245.7987
Germany,DEU,5/1/2021,245.7987
Germany,DEU,5/2/2021,211.83017
Germany,DEU,5/3/2021,211.83017
Germany,DEU,5/4/2021,211.83017
Germany,DEU,5/5/2021,211.83017
Germany,DEU,5/6/2021,211.83017
Germany,DEU,5/7/2021,211.83017
Germany,DEU,5/8/2021,211.83017
Germany,DEU,5/9/2021,171.33263
Germany,DEU,5/10/2021,171.33263
Germany,DEU,5/11/2021,171.33263
Germany,DEU,5/12/2021,171.33263
Germany,DEU,5/13/2021,171.33263
Germany,DEU,5/14/2021,171.33263
Germany,DEU,5/15/2021,171.33263
Germany,DEU,5/16/2021,120.19295
Germany,DEU,5/17/2021,120.19295
Germany,DEU,5/18/2021,120.19295
Germany,DEU,5/19/2021,120.19295
Germany,DEU,5/20/2021,120.19295
Germany,DEU,5/21/2021,120.19295
Germany,DEU,5/22/2021,120.19295
Germany,DEU,5/23/2021,89.48297
Germany,DEU,5/24/2021,89.48297
Germany,DEU,5/25/2021,89.48297
Germany,DEU,5/26/2021,89.48297
Germany,DEU,5/27/2021,89.48297
Germany,DEU,5/28/2021,89.48297
Germany,DEU,5/29/2021,89.48297
Germany,DEU,5/30/2021,50.74213
Germany,DEU,5/31/2021,50.74213
Germany,DEU,6/1/2021,50.74213
Germany,DEU,6/2/2021,50.74213
Germany,DEU,6/3/2021,50.74213
Germany,DEU,6/4/2021,50.74213
Germany,DEU,6/5/2021,50.74213
Germany,DEU,6/6/2021,35.134003
Germany,DEU,6/7/2021,35.134003
Germany,DEU,6/8/2021,35.134003
Germany,DEU,6/9/2021,35.134003
Germany,DEU,6/10/2021,35.134003
Germany,DEU,6/11/2021,35.134003
Germany,DEU,6/12/2021,35.134003
Germany,DEU,6/13/2021,23.890442
Germany,DEU,6/14/2021,23.890442
Germany,DEU,6/15/2021,23.890442
Germany,DEU,6/16/2021,23.890442
Germany,DEU,6/17/2021,23.890442
Germany,DEU,6/18/2021,23.890442
Germany,DEU,6/19/2021,23.890442
Germany,DEU,6/20/2021,12.376751
Germany,DEU,6/21/2021,12.376751
Germany,DEU,6/22/2021,12.376751
Germany,DEU,6/23/2021,12.376751
Germany,DEU,6/24/2021,12.376751
Germany,DEU,6/25/2021,12.376751
Germany,DEU,6/26/2021,12.376751
Germany,DEU,6/27/2021,8.255132
Germany,DEU,6/28/2021,8.255132
Germany,DEU,6/29/2021,8.255132
Germany,DEU,6/30/2021,8.255132
Germany,DEU,7/1/2021,8.255132
Germany,DEU,7/2/2021,8.255132
Germany,DEU,7/3/2021,8.255132
Germany,DEU,7/4/2021,7.4549327
Germany,DEU,7/5/2021,7.4549327
Germany,DEU,7/6/2021,7.4549327
Germany,DEU,7/7/2021,7.4549327
Germany,DEU,7/8/2021,7.4549327
Germany,DEU,7/9/2021,7.4549327
Germany,DEU,7/10/2021,7.4549327
Germany,DEU,7/11/2021,9.508946
Germany,DEU,7/12/2021,9.508946
Germany,DEU,7/13/2021,9.508946
Germany,DEU,7/14/2021,9.508946
Germany,DEU,7/15/2021,9.508946
Germany,DEU,7/16/2021,9.508946
Germany,DEU,7/17/2021,9.508946
Germany,DEU,7/18/2021,15.482407
Germany,DEU,7/19/2021,15.482407
Germany,DEU,7/20/2021,15.482407
Germany,DEU,7/21/2021,15.482407
Germany,DEU,7/22/2021,15.482407
Germany,DEU,7/23/2021,15.482407
Germany,DEU,7/24/2021,15.482407
Germany,DEU,7/25/2021,21.484749
Germany,DEU,7/26/2021,21.484749
Germany,DEU,7/27/2021,21.484749
Germany,DEU,7/28/2021,21.484749
Germany,DEU,7/29/2021,21.484749
Germany,DEU,7/30/2021,21.484749
Germany,DEU,7/31/2021,21.484749
Germany,DEU,8/1/2021,26.37089
Germany,DEU,8/2/2021,26.37089
Germany,DEU,8/3/2021,26.37089
Germany,DEU,8/4/2021,26.37089
Germany,DEU,8/5/2021,26.37089
Germany,DEU,8/6/2021,26.37089
Germany,DEU,8/7/2021,26.37089
Germany,DEU,8/8/2021,34.697376
Germany,DEU,8/9/2021,34.697376
Germany,DEU,8/10/2021,34.697376
Germany,DEU,8/11/2021,34.697376
Germany,DEU,8/12/2021,34.697376
Germany,DEU,8/13/2021,34.697376
Germany,DEU,8/14/2021,34.697376
Germany,DEU,8/15/2021,54.49678
Germany,DEU,8/16/2021,54.49678
Germany,DEU,8/17/2021,54.49678
Germany,DEU,8/18/2021,54.49678
Germany,DEU,8/19/2021,54.49678
Germany,DEU,8/20/2021,54.49678
Germany,DEU,8/21/2021,54.49678
Germany,DEU,8/22/2021,84.35558
Germany,DEU,8/23/2021,84.35558
Germany,DEU,8/24/2021,84.35558
Germany,DEU,8/25/2021,84.35558
Germany,DEU,8/26/2021,84.35558
Germany,DEU,8/27/2021,84.35558
Germany,DEU,8/28/2021,84.35558
Germany,DEU,8/29/2021,112.7601
Germany,DEU,8/30/2021,112.7601
Germany,DEU,8/31/2021,112.7601
Germany,DEU,9/1/2021,112.7601
Germany,DEU,9/2/2021,112.7601
Germany,DEU,9/3/2021,112.7601
Germany,DEU,9/4/2021,112.7601
Germany,DEU,9/5/2021,126.973404
Germany,DEU,9/6/2021,126.973404
Germany,DEU,9/7/2021,126.973404
Germany,DEU,9/8/2021,126.973404
Germany,DEU,9/9/2021,126.973404
Germany,DEU,9/10/2021,126.973404
Germany,DEU,9/11/2021,126.973404
Germany,DEU,9/12/2021,121.738976
Germany,DEU,9/13/2021,121.738976
Germany,DEU,9/14/2021,121.738976
Germany,DEU,9/15/2021,121.738976
Germany,DEU,9/16/2021,121.738976
Germany,DEU,9/17/2021,121.738976
Germany,DEU,9/18/2021,121.738976
Germany,DEU,9/19/2021,104.43531
Germany,DEU,9/20/2021,104.43531
Germany,DEU,9/21/2021,104.43531
Germany,DEU,9/22/2021,104.43531
Germany,DEU,9/23/2021,104.43531
Germany,DEU,9/24/2021,104.43531
Germany,DEU,9/25/2021,104.43531
Germany,DEU,9/26/2021,91.10206
Germany,DEU,9/27/2021,91.10206
Germany,DEU,9/28/2021,91.10206
Germany,DEU,9/29/2021,91.10206
Germany,DEU,9/30/2021,91.10206
Germany,DEU,10/1/2021,91.10206
Germany,DEU,10/2/2021,91.10206
Germany,DEU,10/3/2021,95.95762
Germany,DEU,10/4/2021,95.95762
Germany,DEU,10/5/2021,95.95762
Germany,DEU,10/6/2021,95.95762
Germany,DEU,10/7/2021,95.95762
Germany,DEU,10/8/2021,95.95762
Germany,DEU,10/9/2021,95.95762
Germany,DEU,10/10/2021,98.58078
Germany,DEU,10/11/2021,98.58078
Germany,DEU,10/12/2021,98.58078
Germany,DEU,10/13/2021,98.58078
Germany,DEU,10/14/2021,98.58078
Germany,DEU,10/15/2021,98.58078
Germany,DEU,10/16/2021,98.58078
Germany,DEU,10/17/2021,111.04078
Germany,DEU,10/18/2021,111.04078
Germany,DEU,10/19/2021,111.04078
Germany,DEU,10/20/2021,111.04078
Germany,DEU,10/21/2021,111.04078
Germany,DEU,10/22/2021,111.04078
Germany,DEU,10/23/2021,111.04078
Germany,DEU,10/24/2021,166.02515
Germany,DEU,10/25/2021,166.02515
Germany,DEU,10/26/2021,166.02515
Germany,DEU,10/27/2021,166.02515
Germany,DEU,10/28/2021,166.02515
Germany,DEU,10/29/2021,166.02515
Germany,DEU,10/30/2021,166.02515
Germany,DEU,10/31/2021,232.77296
Germany,DEU,11/1/2021,232.77296
Germany,DEU,11/2/2021,232.77296
Germany,DEU,11/3/2021,232.77296
Germany,DEU,11/4/2021,232.77296
Germany,DEU,11/5/2021,232.77296
Germany,DEU,11/6/2021,232.77296
Germany,DEU,11/7/2021,302.1864
Germany,DEU,11/8/2021,302.1864
Germany,DEU,11/9/2021,302.1864
Germany,DEU,11/10/2021,302.1864
Germany,DEU,11/11/2021,302.1864
Germany,DEU,11/12/2021,302.1864
Germany,DEU,11/13/2021,302.1864
Germany,DEU,11/14/2021,460.70734
Germany,DEU,11/15/2021,460.70734
Germany,DEU,11/16/2021,460.70734
Germany,DEU,11/17/2021,460.70734
Germany,DEU,11/18/2021,460.70734
Germany,DEU,11/19/2021,460.70734
Germany,DEU,11/20/2021,460.70734
Germany,DEU,11/21/2021,597.43774
Germany,DEU,11/22/2021,597.43774
Germany,DEU,11/23/2021,597.43774
Germany,DEU,11/24/2021,597.43774
Germany,DEU,11/25/2021,597.43774
Germany,DEU,11/26/2021,597.43774
Germany,DEU,11/27/2021,597.43774
Germany,DEU,11/28/2021,685.2626
Germany,DEU,11/29/2021,685.2626
Germany,DEU,11/30/2021,685.2626
Germany,DEU,12/1/2021,685.2626
Germany,DEU,12/2/2021,685.2626
Germany,DEU,12/3/2021,685.2626
Germany,DEU,12/4/2021,685.2626
Germany,DEU,12/5/2021,659.27905
Germany,DEU,12/6/2021,659.27905
Germany,DEU,12/7/2021,659.27905
Germany,DEU,12/8/2021,659.27905
Germany,DEU,12/9/2021,659.27905
Germany,DEU,12/10/2021,659.27905
Germany,DEU,12/11/2021,659.27905
Germany,DEU,12/12/2021,574.254
Germany,DEU,12/13/2021,574.254
Germany,DEU,12/14/2021,574.254
Germany,DEU,12/15/2021,574.254
Germany,DEU,12/16/2021,574.254
Germany,DEU,12/17/2021,574.254
Germany,DEU,12/18/2021,574.254
Germany,DEU,12/19/2021,464.66418
Germany,DEU,12/20/2021,464.66418
Germany,DEU,12/21/2021,464.66418
Germany,DEU,12/22/2021,464.66418
Germany,DEU,12/23/2021,464.66418
Germany,DEU,12/24/2021,464.66418
Germany,DEU,12/25/2021,464.66418
Germany,DEU,12/26/2021,329.30823
Germany,DEU,12/27/2021,329.30823
Germany,DEU,12/28/2021,329.30823
Germany,DEU,12/29/2021,329.30823
Germany,DEU,12/30/2021,329.30823
Germany,DEU,12/31/2021,329.30823
Germany,DEU,1/1/2022,329.30823
Germany,DEU,1/2/2022,354.56122
Germany,DEU,1/3/2022,354.56122
Germany,DEU,1/4/2022,354.56122
Germany,DEU,1/5/2022,354.56122
Germany,DEU,1/6/2022,354.56122
Germany,DEU,1/7/2022,354.56122
Germany,DEU,1/8/2022,354.56122
Germany,DEU,1/9/2022,574.04
Germany,DEU,1/10/2022,574.04
Germany,DEU,1/11/2022,574.04
Germany,DEU,1/12/2022,574.04
Germany,DEU,1/13/2022,574.04
Germany,DEU,1/14/2022,574.04
Germany,DEU,1/15/2022,574.04
Germany,DEU,1/16/2022,825.8937
Germany,DEU,1/17/2022,825.8937
Germany,DEU,1/18/2022,825.8937
Germany,DEU,1/19/2022,825.8937
Germany,DEU,1/20/2022,825.8937
Germany,DEU,1/21/2022,825.8937
Germany,DEU,1/22/2022,825.8937
Germany,DEU,1/23/2022,1353.7379
Germany,DEU,1/24/2022,1353.7379
Germany,DEU,1/25/2022,1353.7379
Germany,DEU,1/26/2022,1353.7379
Germany,DEU,1/27/2022,1353.7379
Germany,DEU,1/28/2022,1353.7379
Germany,DEU,1/29/2022,1353.7379
Germany,DEU,1/30/2022,1893.213
Germany,DEU,1/31/2022,1893.213
Germany,DEU,2/1/2022,1893.213
Germany,DEU,2/2/2022,1893.213
Germany,DEU,2/3/2022,1893.213
Germany,DEU,2/4/2022,1893.213
Germany,DEU,2/5/2022,1893.213
Germany,DEU,2/6/2022,2196.283
Germany,DEU,2/7/2022,2196.283
Germany,DEU,2/8/2022,2196.283
Germany,DEU,2/9/2022,2196.283
Germany,DEU,2/10/2022,2196.283
Germany,DEU,2/11/2022,2196.283
Germany,DEU,2/12/2022,2196.283
Germany,DEU,2/13/2022,2225.3433
Germany,DEU,2/14/2022,2225.3433
Germany,DEU,2/15/2022,2225.3433
Germany,DEU,2/16/2022,2225.3433
Germany,DEU,2/17/2022,2225.3433
Germany,DEU,2/18/2022,2225.3433
Germany,DEU,2/19/2022,2225.3433
Germany,DEU,2/20/2022,2027.2914
Germany,DEU,2/21/2022,2027.2914
Germany,DEU,2/22/2022,2027.2914
Germany,DEU,2/23/2022,2027.2914
Germany,DEU,2/24/2022,2027.2914
Germany,DEU,2/25/2022,2027.2914
Germany,DEU,2/26/2022,2027.2914
Germany,DEU,2/27/2022,1857.0953
Germany,DEU,2/28/2022,1857.0953
Germany,DEU,3/1/2022,1857.0953
Germany,DEU,3/2/2022,1857.0953
Germany,DEU,3/3/2022,1857.0953
Germany,DEU,3/4/2022,1857.0953
Germany,DEU,3/5/2022,1857.0953
Germany,DEU,3/6/2022,1926.609
Germany,DEU,3/7/2022,1926.609
Germany,DEU,3/8/2022,1926.609
Germany,DEU,3/9/2022,1926.609
Germany,DEU,3/10/2022,1926.609
Germany,DEU,3/11/2022,1926.609
Germany,DEU,3/12/2022,1926.609
Germany,DEU,3/13/2022,2402.0342
Germany,DEU,3/14/2022,2402.0342
Germany,DEU,3/15/2022,2402.0342
Germany,DEU,3/16/2022,2402.0342
Germany,DEU,3/17/2022,2402.0342
Germany,DEU,3/18/2022,2402.0342
Germany,DEU,3/19/2022,2402.0342
Germany,DEU,3/20/2022,2688.5735
Germany,DEU,3/21/2022,2688.5735
Germany,DEU,3/22/2022,2688.5735
Germany,DEU,3/23/2022,2688.5735
Germany,DEU,3/24/2022,2688.5735
Germany,DEU,3/25/2022,2688.5735
Germany,DEU,3/26/2022,2688.5735
Germany,DEU,3/27/2022,2699.4246
Germany,DEU,3/28/2022,2699.4246
Germany,DEU,3/29/2022,2699.4246
Germany,DEU,3/30/2022,2699.4246
Germany,DEU,3/31/2022,2699.4246
Germany,DEU,4/1/2022,2699.4246
Germany,DEU,4/2/2022,2699.4246
Germany,DEU,4/3/2022,2200.335
Germany,DEU,4/4/2022,2200.335
Germany,DEU,4/5/2022,2200.335
Germany,DEU,4/6/2022,2200.335
Germany,DEU,4/7/2022,2200.335
Germany,DEU,4/8/2022,2200.335
Germany,DEU,4/9/2022,2200.335
Germany,DEU,4/10/2022,1672.7727
Germany,DEU,4/11/2022,1672.7727
Germany,DEU,4/12/2022,1672.7727
Germany,DEU,4/13/2022,1672.7727
Germany,DEU,4/14/2022,1672.7727
Germany,DEU,4/15/2022,1672.7727
Germany,DEU,4/16/2022,1672.7727
Germany,DEU,4/17/2022,1323.383
Germany,DEU,4/18/2022,1323.383
Germany,DEU,4/19/2022,1323.383
Germany,DEU,4/20/2022,1323.383
Germany,DEU,4/21/2022,1323.383
Germany,DEU,4/22/2022,1323.383
Germany,DEU,4/23/2022,1323.383
Germany,DEU,4/24/2022,1242.7701
Germany,DEU,4/25/2022,1242.7701
Germany,DEU,4/26/2022,1242.7701
Germany,DEU,4/27/2022,1242.7701
Germany,DEU,4/28/2022,1242.7701
Germany,DEU,4/29/2022,1242.7701
Germany,DEU,4/30/2022,1242.7701
Germany,DEU,5/1/2022,1014.12396
Germany,DEU,5/2/2022,1014.12396
Germany,DEU,5/3/2022,1014.12396
Germany,DEU,5/4/2022,1014.12396
Germany,DEU,5/5/2022,1014.12396
Germany,DEU,5/6/2022,1014.12396
Germany,DEU,5/7/2022,1014.12396
Germany,DEU,5/8/2022,800.94653
Germany,DEU,5/9/2022,800.94653
Germany,DEU,5/10/2022,800.94653
Germany,DEU,5/11/2022,800.94653
Germany,DEU,5/12/2022,800.94653
Germany,DEU,5/13/2022,800.94653
Germany,DEU,5/14/2022,800.94653
Germany,DEU,5/15/2022,694.4317
Germany,DEU,5/16/2022,694.4317
Germany,DEU,5/17/2022,694.4317
Germany,DEU,5/18/2022,694.4317
Germany,DEU,5/19/2022,694.4317
Germany,DEU,5/20/2022,694.4317
Germany,DEU,5/21/2022,694.4317
Germany,DEU,5/22/2022,496.94736
Germany,DEU,5/23/2022,496.94736
Germany,DEU,5/24/2022,496.94736
Germany,DEU,5/25/2022,496.94736
Germany,DEU,5/26/2022,496.94736
Germany,DEU,5/27/2022,496.94736
Germany,DEU,5/28/2022,496.94736
Germany,DEU,5/29/2022,317.97122
Germany,DEU,5/30/2022,317.97122
Germany,DEU,5/31/2022,317.97122
Germany,DEU,6/1/2022,317.97122
Germany,DEU,6/2/2022,317.97122
Germany,DEU,6/3/2022,317.97122
Germany,DEU,6/4/2022,317.97122
Germany,DEU,6/5/2022,416.47894
Germany,DEU,6/6/2022,416.47894
Germany,DEU,6/7/2022,416.47894
Germany,DEU,6/8/2022,416.47894
Germany,DEU,6/9/2022,416.47894
Germany,DEU,6/10/2022,416.47894
Germany,DEU,6/11/2022,416.47894
Germany,DEU,6/12/2022,563.08527
Germany,DEU,6/13/2022,563.08527
Germany,DEU,6/14/2022,563.08527
Germany,DEU,6/15/2022,563.08527
Germany,DEU,6/16/2022,563.08527
Germany,DEU,6/17/2022,563.08527
Germany,DEU,6/18/2022,563.08527
Germany,DEU,6/19/2022,703.0046
Germany,DEU,6/20/2022,703.0046
Germany,DEU,6/21/2022,703.0046
Germany,DEU,6/22/2022,703.0046
Germany,DEU,6/23/2022,703.0046
Germany,DEU,6/24/2022,703.0046
Germany,DEU,6/25/2022,703.0046
Germany,DEU,6/26/2022,975.5717
Germany,DEU,6/27/2022,975.5717
Germany,DEU,6/28/2022,975.5717
Germany,DEU,6/29/2022,975.5717
Germany,DEU,6/30/2022,975.5717
Germany,DEU,7/1/2022,975.5717
Germany,DEU,7/2/2022,975.5717
Germany,DEU,7/3/2022,1058.0568
Germany,DEU,7/4/2022,1058.0568
Germany,DEU,7/5/2022,1058.0568
Germany,DEU,7/6/2022,1058.0568
Germany,DEU,7/7/2022,1058.0568
Germany,DEU,7/8/2022,1058.0568
Germany,DEU,7/9/2022,1058.0568
Germany,DEU,7/10/2022,1069.2239
Germany,DEU,7/11/2022,1069.2239
Germany,DEU,7/12/2022,1069.2239
Germany,DEU,7/13/2022,1069.2239
Germany,DEU,7/14/2022,1069.2239
Germany,DEU,7/15/2022,1069.2239
Germany,DEU,7/16/2022,1069.2239
Germany,DEU,7/17/2022,1147.0028
Germany,DEU,7/18/2022,1147.0028
Germany,DEU,7/19/2022,1147.0028
Germany,DEU,7/20/2022,1147.0028
Germany,DEU,7/21/2022,1147.0028
Germany,DEU,7/22/2022,1147.0028
Germany,DEU,7/23/2022,1147.0028
Germany,DEU,7/24/2022,1065.5371
Germany,DEU,7/25/2022,1065.5371
Germany,DEU,7/26/2022,1065.5371
Germany,DEU,7/27/2022,1065.5371
Germany,DEU,7/28/2022,1065.5371
Germany,DEU,7/29/2022,1065.5371
Germany,DEU,7/30/2022,1065.5371
Germany,DEU,7/31/2022,842.212
Germany,DEU,8/1/2022,842.212
Germany,DEU,8/2/2022,842.212
Germany,DEU,8/3/2022,842.212
Germany,DEU,8/4/2022,842.212
Germany,DEU,8/5/2022,842.212
Germany,DEU,8/6/2022,842.212
Germany,DEU,8/7/2022,616.60516
Germany,DEU,8/8/2022,616.60516
Germany,DEU,8/9/2022,616.60516
Germany,DEU,8/10/2022,616.60516
Germany,DEU,8/11/2022,616.60516
Germany,DEU,8/12/2022,616.60516
Germany,DEU,8/13/2022,616.60516
Germany,DEU,8/14/2022,506.7791
Germany,DEU,8/15/2022,506.7791
Germany,DEU,8/16/2022,506.7791
Germany,DEU,8/17/2022,506.7791
Germany,DEU,8/18/2022,506.7791
Germany,DEU,8/19/2022,506.7791
Germany,DEU,8/20/2022,506.7791
Germany,DEU,8/21/2022,447.37918
Germany,DEU,8/22/2022,447.37918
Germany,DEU,8/23/2022,447.37918
Germany,DEU,8/24/2022,447.37918
Germany,DEU,8/25/2022,447.37918
Germany,DEU,8/26/2022,447.37918
Germany,DEU,8/27/2022,447.37918
Germany,DEU,8/28/2022,387.3218
Germany,DEU,8/29/2022,387.3218
Germany,DEU,8/30/2022,387.3218
Germany,DEU,8/31/2022,387.3218
Germany,DEU,9/1/2022,387.3218
Germany,DEU,9/2/2022,387.3218
Germany,DEU,9/3/2022,387.3218
Germany,DEU,9/4/2022,342.77228
Germany,DEU,9/5/2022,342.77228
Germany,DEU,9/6/2022,342.77228
Germany,DEU,9/7/2022,342.77228
Germany,DEU,9/8/2022,342.77228
Germany,DEU,9/9/2022,342.77228
Germany,DEU,9/10/2022,342.77228
Germany,DEU,9/11/2022,346.7257
Germany,DEU,9/12/2022,346.7257
Germany,DEU,9/13/2022,346.7257
Germany,DEU,9/14/2022,346.7257
Germany,DEU,9/15/2022,346.7257
Germany,DEU,9/16/2022,346.7257
Germany,DEU,9/17/2022,346.7257
Germany,DEU,9/18/2022,388.9086
Germany,DEU,9/19/2022,388.9086
Germany,DEU,9/20/2022,388.9086
Germany,DEU,9/21/2022,388.9086
Germany,DEU,9/22/2022,388.9086
Germany,DEU,9/23/2022,388.9086
Germany,DEU,9/24/2022,388.9086
Germany,DEU,9/25/2022,486.80472
Germany,DEU,9/26/2022,486.80472
Germany,DEU,9/27/2022,486.80472
Germany,DEU,9/28/2022,486.80472
Germany,DEU,9/29/2022,486.80472
Germany,DEU,9/30/2022,486.80472
Germany,DEU,10/1/2022,486.80472
Germany,DEU,10/2/2022,779.5603
Germany,DEU,10/3/2022,779.5603
Germany,DEU,10/4/2022,779.5603
Germany,DEU,10/5/2022,779.5603
Germany,DEU,10/6/2022,779.5603
Germany,DEU,10/7/2022,779.5603
Germany,DEU,10/8/2022,779.5603
Germany,DEU,10/9/2022,1009.2922
Germany,DEU,10/10/2022,1009.2922
Germany,DEU,10/11/2022,1009.2922
Germany,DEU,10/12/2022,1009.2922
Germany,DEU,10/13/2022,1009.2922
Germany,DEU,10/14/2022,1009.2922
Germany,DEU,10/15/2022,1009.2922
Germany,DEU,10/16/2022,1095.7902
Germany,DEU,10/17/2022,1095.7902
Germany,DEU,10/18/2022,1095.7902
Germany,DEU,10/19/2022,1095.7902
Germany,DEU,10/20/2022,1095.7902
Germany,DEU,10/21/2022,1095.7902
Germany,DEU,10/22/2022,1095.7902
Germany,DEU,10/23/2022,925.2679
Germany,DEU,10/24/2022,925.2679
Germany,DEU,10/25/2022,925.2679
Germany,DEU,10/26/2022,925.2679
Germany,DEU,10/27/2022,925.2679
Germany,DEU,10/28/2022,925.2679
Germany,DEU,10/29/2022,925.2679
Germany,DEU,10/30/2022,635.23737
Germany,DEU,10/31/2022,635.23737
Germany,DEU,11/1/2022,635.23737
Germany,DEU,11/2/2022,635.23737
Germany,DEU,11/3/2022,635.23737
Germany,DEU,11/4/2022,635.23737
Germany,DEU,11/5/2022,635.23737
Germany,DEU,11/6/2022,413.82352
Germany,DEU,11/7/2022,413.82352
Germany,DEU,11/8/2022,413.82352
Germany,DEU,11/9/2022,413.82352
Germany,DEU,11/10/2022,413.82352
Germany,DEU,11/11/2022,413.82352
Germany,DEU,11/12/2022,413.82352
Germany,DEU,11/13/2022,343.2106
Germany,DEU,11/14/2022,343.2106
Germany,DEU,11/15/2022,343.2106
Germany,DEU,11/16/2022,343.2106
Germany,DEU,11/17/2022,343.2106
Germany,DEU,11/18/2022,343.2106
Germany,DEU,11/19/2022,343.2106
Germany,DEU,11/20/2022,288.25342
Germany,DEU,11/21/2022,288.25342
Germany,DEU,11/22/2022,288.25342
Germany,DEU,11/23/2022,288.25342
Germany,DEU,11/24/2022,288.25342
Germany,DEU,11/25/2022,288.25342
Germany,DEU,11/26/2022,288.25342
Germany,DEU,11/27/2022,289.81985
Germany,DEU,11/28/2022,289.81985
Germany,DEU,11/29/2022,289.81985
Germany,DEU,11/30/2022,289.81985
Germany,DEU,12/1/2022,289.81985
Germany,DEU,12/2/2022,289.81985
Germany,DEU,12/3/2022,289.81985
Germany,DEU,12/4/2022,314.0059
Germany,DEU,12/5/2022,314.0059
Germany,DEU,12/6/2022,314.0059
Germany,DEU,12/7/2022,314.0059
Germany,DEU,12/8/2022,314.0059
Germany,DEU,12/9/2022,314.0059
Germany,DEU,12/10/2022,314.0059
Germany,DEU,12/11/2022,338.9463
Germany,DEU,12/12/2022,338.9463
Germany,DEU,12/13/2022,338.9463
Germany,DEU,12/14/2022,338.9463
Germany,DEU,12/15/2022,338.9463
Germany,DEU,12/16/2022,338.9463
Germany,DEU,12/17/2022,338.9463
Germany,DEU,12/18/2022,378.78293
Germany,DEU,12/19/2022,378.78293
Germany,DEU,12/20/2022,378.78293
Germany,DEU,12/21/2022,378.78293
Germany,DEU,12/22/2022,378.78293
Germany,DEU,12/23/2022,378.78293
Germany,DEU,12/24/2022,378.78293
Germany,DEU,12/25/2022,392.02277
Germany,DEU,12/26/2022,392.02277
Germany,DEU,12/27/2022,392.02277
Germany,DEU,12/28/2022,392.02277
Germany,DEU,12/29/2022,392.02277
Germany,DEU,12/30/2022,392.02277
Germany,DEU,12/31/2022,392.02277
Germany,DEU,1/1/2023,257.5027
Germany,DEU,1/2/2023,257.5027
Germany,DEU,1/3/2023,257.5027
Germany,DEU,1/4/2023,257.5027
Germany,DEU,1/5/2023,257.5027
Germany,DEU,1/6/2023,257.5027
Germany,DEU,1/7/2023,257.5027
Germany,DEU,1/8/2023,221.39857
Germany,DEU,1/9/2023,221.39857
Germany,DEU,1/10/2023,221.39857
Germany,DEU,1/11/2023,221.39857
Germany,DEU,1/12/2023,221.39857
Germany,DEU,1/13/2023,221.39857
Germany,DEU,1/14/2023,221.39857
Germany,DEU,1/15/2023,151.35654
Germany,DEU,1/16/2023,151.35654
Germany,DEU,1/17/2023,151.35654
Germany,DEU,1/18/2023,151.35654
Germany,DEU,1/19/2023,151.35654
Germany,DEU,1/20/2023,151.35654
Germany,DEU,1/21/2023,151.35654
Germany,DEU,1/22/2023,106.80703
Germany,DEU,1/23/2023,106.80703
Germany,DEU,1/24/2023,106.80703
Germany,DEU,1/25/2023,106.80703
Germany,DEU,1/26/2023,106.80703
Germany,DEU,1/27/2023,106.80703
Germany,DEU,1/28/2023,106.80703
Germany,DEU,1/29/2023,124.52863
Germany,DEU,1/30/2023,124.52863
Germany,DEU,1/31/2023,124.52863
Germany,DEU,2/1/2023,124.52863
Germany,DEU,2/2/2023,124.52863
Germany,DEU,2/3/2023,124.52863
Germany,DEU,2/4/2023,124.52863
Germany,DEU,2/5/2023,143.12349
Germany,DEU,2/6/2023,143.12349
Germany,DEU,2/7/2023,143.12349
Germany,DEU,2/8/2023,143.12349
Germany,DEU,2/9/2023,143.12349
Germany,DEU,2/10/2023,143.12349
Germany,DEU,2/11/2023,143.12349
Germany,DEU,2/12/2023,147.11938
Germany,DEU,2/13/2023,147.11938
Germany,DEU,2/14/2023,147.11938
Germany,DEU,2/15/2023,147.11938
Germany,DEU,2/16/2023,147.11938
Germany,DEU,2/17/2023,147.11938
Germany,DEU,2/18/2023,147.11938
Germany,DEU,2/19/2023,166.24092
Germany,DEU,2/20/2023,166.24092
Germany,DEU,2/21/2023,166.24092
Germany,DEU,2/22/2023,166.24092
Germany,DEU,2/23/2023,166.24092
Germany,DEU,2/24/2023,166.24092
Germany,DEU,2/25/2023,166.24092
Germany,DEU,2/26/2023,192.71713
Germany,DEU,2/27/2023,192.71713
Germany,DEU,2/28/2023,192.71713
Germany,DEU,3/1/2023,192.71713
Germany,DEU,3/2/2023,192.71713
Germany,DEU,3/3/2023,192.71713
Germany,DEU,3/4/2023,192.71713
Germany,DEU,3/5/2023,146.65388
Germany,DEU,3/6/2023,146.65388
Germany,DEU,3/7/2023,146.65388
Germany,DEU,3/8/2023,146.65388
Germany,DEU,3/9/2023,146.65388
Germany,DEU,3/10/2023,146.65388
Germany,DEU,3/11/2023,146.65388
Germany,DEU,3/12/2023,74.34206
Germany,DEU,3/13/2023,74.34206
Germany,DEU,3/14/2023,74.34206
Germany,DEU,3/15/2023,74.34206
Germany,DEU,3/16/2023,74.34206
Germany,DEU,3/17/2023,74.34206
Germany,DEU,3/18/2023,74.34206
Germany,DEU,3/19/2023,68.47903
Germany,DEU,3/20/2023,68.47903
Germany,DEU,3/21/2023,68.47903
Germany,DEU,3/22/2023,68.47903
Germany,DEU,3/23/2023,68.47903
Germany,DEU,3/24/2023,68.47903
Germany,DEU,3/25/2023,68.47903
Germany,DEU,3/26/2023,55.45158
Germany,DEU,3/27/2023,55.45158
Germany,DEU,3/28/2023,55.45158
Germany,DEU,3/29/2023,55.45158
Germany,DEU,3/30/2023,55.45158
Germany,DEU,3/31/2023,55.45158
Germany,DEU,4/1/2023,55.45158
Germany,DEU,4/2/2023,38.484306
Germany,DEU,4/3/2023,38.484306
Germany,DEU,4/4/2023,38.484306
Germany,DEU,4/5/2023,38.484306
Germany,DEU,4/6/2023,38.484306
Germany,DEU,4/7/2023,38.484306
Germany,DEU,4/8/2023,38.484306
Germany,DEU,4/9/2023,24.938686
Germany,DEU,4/10/2023,24.938686
Germany,DEU,4/11/2023,24.938686
Germany,DEU,4/12/2023,24.938686
Germany,DEU,4/13/2023,24.938686
Germany,DEU,4/14/2023,24.938686
Germany,DEU,4/15/2023,24.938686
Germany,DEU,4/16/2023,22.162624
Germany,DEU,4/17/2023,22.162624
Germany,DEU,4/18/2023,22.162624
Germany,DEU,4/19/2023,22.162624
Germany,DEU,4/20/2023,22.162624
Germany,DEU,4/21/2023,22.162624
Germany,DEU,4/22/2023,22.162624
Germany,DEU,4/23/2023,19.483402
Germany,DEU,4/24/2023,19.483402
Germany,DEU,4/25/2023,19.483402
Germany,DEU,4/26/2023,19.483402
Germany,DEU,4/27/2023,19.483402
Germany,DEU,4/28/2023,19.483402
Germany,DEU,4/29/2023,19.483402
Germany,DEU,4/30/2023,15.618321
Germany,DEU,5/1/2023,15.618321
Germany,DEU,5/2/2023,15.618321
Germany,DEU,5/3/2023,15.618321
Germany,DEU,5/4/2023,15.618321
Germany,DEU,5/5/2023,15.618321
Germany,DEU,5/6/2023,15.618321
Germany,DEU,5/7/2023,12.504171
Germany,DEU,5/8/2023,12.504171
Germany,DEU,5/9/2023,12.504171
Germany,DEU,5/10/2023,12.504171
Germany,DEU,5/11/2023,12.504171
Germany,DEU,5/12/2023,12.504171
Germany,DEU,5/13/2023,12.504171
Germany,DEU,5/14/2023,11.396464
Germany,DEU,5/15/2023,11.396464
Germany,DEU,5/16/2023,11.396464
Germany,DEU,5/17/2023,11.396464
Germany,DEU,5/18/2023,11.396464
Germany,DEU,5/19/2023,11.396464
Germany,DEU,5/20/2023,11.396464
Germany,DEU,5/21/2023,7.4056635
Germany,DEU,5/22/2023,7.4056635
Germany,DEU,5/23/2023,7.4056635
Germany,DEU,5/24/2023,7.4056635
Germany,DEU,5/25/2023,7.4056635
Germany,DEU,5/26/2023,7.4056635
Germany,DEU,5/27/2023,7.4056635
Germany,DEU,5/28/2023,7.257856
Germany,DEU,5/29/2023,7.257856
Germany,DEU,5/30/2023,7.257856
Germany,DEU,5/31/2023,7.257856
Germany,DEU,6/1/2023,7.257856
Germany,DEU,6/2/2023,7.257856
Germany,DEU,6/3/2023,7.257856
Germany,DEU,6/4/2023,4.700957
Germany,DEU,6/5/2023,4.700957
Germany,DEU,6/6/2023,4.700957
Germany,DEU,6/7/2023,4.700957
Germany,DEU,6/8/2023,4.700957
Germany,DEU,6/9/2023,4.700957
Germany,DEU,6/10/2023,4.700957
Germany,DEU,6/11/2023,4.0638556
Germany,DEU,6/12/2023,4.0638556
Germany,DEU,6/13/2023,4.0638556
Germany,DEU,6/14/2023,4.0638556
Germany,DEU,6/15/2023,4.0638556
Germany,DEU,6/16/2023,4.0638556
Germany,DEU,6/17/2023,4.0638556
Germany,DEU,6/18/2023,3.4216578
Germany,DEU,6/19/2023,3.4216578
Germany,DEU,6/20/2023,3.4216578
Germany,DEU,6/21/2023,3.4216578
Germany,DEU,6/22/2023,3.4216578
Germany,DEU,6/23/2023,3.4216578
Germany,DEU,6/24/2023,3.4216578
Germany,DEU,6/25/2023,2.5959747
Germany,DEU,6/26/2023,2.5959747
Germany,DEU,6/27/2023,2.5959747
Germany,DEU,6/28/2023,2.5959747
Germany,DEU,6/29/2023,2.5959747
Germany,DEU,6/30/2023,2.5959747
Germany,DEU,7/1/2023,2.5959747
Germany,DEU,7/2/2023,1.867131
Germany,DEU,7/3/2023,1.867131
Germany,DEU,7/4/2023,1.867131
Germany,DEU,7/5/2023,1.867131
Germany,DEU,7/6/2023,1.867131
Germany,DEU,7/7/2023,1.867131
Germany,DEU,7/8/2023,1.867131
Germany,DEU,7/9/2023,0
Germany,DEU,7/10/2023,0
India,IND,3/1/2020,0
India,IND,3/2/2020,0.000200442
India,IND,3/3/2020,0.000200442
India,IND,3/4/2020,0.002505522
India,IND,3/5/2020,0.002605742
India,IND,3/6/2020,0.002806184
India,IND,3/7/2020,0.003106847
India,IND,3/8/2020,0.003607951
India,IND,3/9/2020,0.003908614
India,IND,3/10/2020,0.004509939
India,IND,3/11/2020,0.003207068
India,IND,3/12/2020,0.004409718
India,IND,3/13/2020,0.005011043
India,IND,3/14/2020,0.005011043
India,IND,3/15/2020,0.006815019
India,IND,3/16/2020,0.00701546
India,IND,3/17/2020,0.008719215
India,IND,3/18/2020,0.009120098
India,IND,3/19/2020,0.010022086
India,IND,3/20/2020,0.014231362
India,IND,3/21/2020,0.01994395
India,IND,3/22/2020,0.025355877
India,IND,3/23/2020,0.032070678
India,IND,3/24/2020,0.03828437
India,IND,3/25/2020,0.045600493
India,IND,3/26/2020,0.04770513
India,IND,3/27/2020,0.05021065
India,IND,3/28/2020,0.06273826
India,IND,3/29/2020,0.062036715
India,IND,3/30/2020,0.06384069
India,IND,3/31/2020,0.07336167
India,IND,4/1/2020,0.10332771
India,IND,4/2/2020,0.13189065
India,IND,4/3/2020,0.1580483
India,IND,4/4/2020,0.19974017
India,IND,4/5/2020,0.24002896
India,IND,4/6/2020,0.3002617
India,IND,4/7/2020,0.31770015
India,IND,4/8/2020,0.36450326
India,IND,4/9/2020,0.39086136
India,IND,4/10/2020,0.41200796
India,IND,4/11/2020,0.45550382
India,IND,4/12/2020,0.49930033
India,IND,4/13/2020,0.5096231
India,IND,4/14/2020,0.5955124
India,IND,4/15/2020,0.6178616
India,IND,4/16/2020,0.6529389
India,IND,4/17/2020,0.69904053
India,IND,4/18/2020,0.6946308
India,IND,4/19/2020,0.73722464
India,IND,4/20/2020,0.8130919
India,IND,4/21/2020,0.82561946
India,IND,4/22/2020,0.85638726
India,IND,4/23/2020,0.9032906
India,IND,4/24/2020,0.97114015
India,IND,4/25/2020,1.015037
India,IND,4/26/2020,1.0807818
India,IND,4/27/2020,1.0650471
India,IND,4/28/2020,1.0857928
India,IND,4/29/2020,1.1373063
India,IND,4/30/2020,1.1682746
India,IND,5/1/2020,1.1992428
India,IND,5/2/2020,1.2858337
India,IND,5/3/2020,1.3513781
India,IND,5/4/2020,1.4673337
India,IND,5/5/2020,1.7035543
India,IND,5/6/2020,1.8098886
India,IND,5/7/2020,1.9945956
India,IND,5/8/2020,2.1346042
India,IND,5/9/2020,2.237531
India,IND,5/10/2020,2.3009708
India,IND,5/11/2020,2.4673374
India,IND,5/12/2020,2.4376721
India,IND,5/13/2020,2.4944973
India,IND,5/14/2020,2.5106328
India,IND,5/15/2020,2.5684602
India,IND,5/16/2020,2.6336038
India,IND,5/17/2020,2.8049815
India,IND,5/18/2020,2.9081087
India,IND,5/19/2020,3.0450106
India,IND,5/20/2020,3.2540712
India,IND,5/21/2020,3.443188
India,IND,5/22/2020,3.6557565
India,IND,5/23/2020,3.9247491
India,IND,5/24/2020,4.1031423
India,IND,5/25/2020,4.2770257
India,IND,5/26/2020,4.4338713
India,IND,5/27/2020,4.5116425
India,IND,5/28/2020,4.607554
India,IND,5/29/2020,4.7456584
India,IND,5/30/2020,4.8769474
India,IND,5/31/2020,5.038604
India,IND,6/1/2020,5.1804166
India,IND,6/2/2020,5.3443775
India,IND,6/3/2020,5.5971346
India,IND,6/4/2020,5.8715396
India,IND,6/5/2020,6.110566
India,IND,6/6/2020,6.303291
India,IND,6/7/2020,6.4627423
India,IND,6/8/2020,6.622194
India,IND,6/9/2020,6.804195
India,IND,6/10/2020,6.9120326
India,IND,6/11/2020,6.981385
India,IND,6/12/2020,7.092129
India,IND,6/13/2020,7.249576
India,IND,6/14/2020,7.445809
India,IND,6/15/2020,7.5980444
India,IND,6/16/2020,7.6661944
India,IND,6/17/2020,7.7653127
India,IND,6/18/2020,8.05445
India,IND,6/19/2020,8.318031
India,IND,6/20/2020,8.624506
India,IND,6/21/2020,8.973676
India,IND,6/22/2020,9.306309
India,IND,6/23/2020,9.733851
India,IND,6/24/2020,10.234354
India,IND,6/25/2020,10.639346
India,IND,6/26/2020,11.011166
India,IND,6/27/2020,11.415657
India,IND,6/28/2020,11.86595
India,IND,6/29/2020,12.330774
India,IND,6/30/2020,12.690467
India,IND,7/1/2020,12.959559
India,IND,7/2/2020,13.1826515
India,IND,7/3/2020,13.5441475
India,IND,7/4/2020,13.96698
India,IND,7/5/2020,14.462472
India,IND,7/6/2020,14.94243
India,IND,7/7/2020,15.316254
India,IND,7/8/2020,15.727058
India,IND,7/9/2020,16.301424
India,IND,7/10/2020,16.862963
India,IND,7/11/2020,17.298222
India,IND,7/12/2020,17.677757
India,IND,7/13/2020,18.12404
India,IND,7/14/2020,18.750021
India,IND,7/15/2020,19.419195
India,IND,7/16/2020,20.202522
India,IND,7/17/2020,21.049387
India,IND,7/18/2020,21.828104
India,IND,7/19/2020,22.85687
India,IND,7/20/2020,24.03186
India,IND,7/21/2020,24.898771
India,IND,7/22/2020,25.730103
India,IND,7/23/2020,27.035479
India,IND,7/24/2020,28.47405
India,IND,7/25/2020,29.880348
India,IND,7/26/2020,30.858404
India,IND,7/27/2020,31.811104
India,IND,7/28/2020,32.868935
India,IND,7/29/2020,33.95022
India,IND,7/30/2020,34.59193
India,IND,7/31/2020,35.170006
India,IND,8/1/2020,35.992016
India,IND,8/2/2020,36.600758
India,IND,8/3/2020,36.90553
India,IND,8/4/2020,37.34119
India,IND,8/5/2020,37.741673
India,IND,8/6/2020,38.158493
India,IND,8/7/2020,38.90614
India,IND,8/8/2020,39.349014
India,IND,8/9/2020,40.31755
India,IND,8/10/2020,41.22876
India,IND,8/11/2020,41.3842
India,IND,8/12/2020,42.23147
India,IND,8/13/2020,43.305534
India,IND,8/14/2020,43.50748
India,IND,8/15/2020,43.854744
India,IND,8/16/2020,43.763645
India,IND,8/17/2020,43.354443
India,IND,8/18/2020,43.502567
India,IND,8/19/2020,43.860157
India,IND,8/20/2020,44.12604
India,IND,8/21/2020,44.561504
India,IND,8/22/2020,45.05018
India,IND,8/23/2020,45.62635
India,IND,8/24/2020,45.969807
India,IND,8/25/2020,46.560707
India,IND,8/26/2020,46.823288
India,IND,8/27/2020,47.435436
India,IND,8/28/2020,48.274086
India,IND,8/29/2020,48.93494
India,IND,8/30/2020,49.889244
India,IND,8/31/2020,51.60342
India,IND,9/1/2020,52.499996
India,IND,9/2/2020,53.623074
India,IND,9/3/2020,54.437164
India,IND,9/4/2020,55.04601
India,IND,9/5/2020,56.04421
India,IND,9/6/2020,57.23393
India,IND,9/7/2020,58.465645
India,IND,9/8/2020,59.055744
India,IND,9/9/2020,60.19315
India,IND,9/10/2020,61.38097
India,IND,9/11/2020,62.704887
India,IND,9/12/2020,63.821148
India,IND,9/13/2020,64.19597
India,IND,9/14/2020,64.32315
India,IND,9/15/2020,65.124916
India,IND,9/16/2020,65.16671
India,IND,9/17/2020,65.38309
India,IND,9/18/2020,65.37036
India,IND,9/19/2020,64.94613
India,IND,9/20/2020,64.769035
India,IND,9/21/2020,64.256905
India,IND,9/22/2020,63.382378
India,IND,9/23/2020,62.70328
India,IND,9/24/2020,61.56217
India,IND,9/25/2020,60.52268
India,IND,9/26/2020,59.723415
India,IND,9/27/2020,59.322033
India,IND,9/28/2020,58.841873
India,IND,9/29/2020,58.39148
India,IND,9/30/2020,58.103344
India,IND,10/1/2020,58.134716
India,IND,10/2/2020,57.676907
India,IND,10/3/2020,57.087006
India,IND,10/4/2020,55.807087
India,IND,10/5/2020,55.032578
India,IND,10/6/2020,54.09832
India,IND,10/7/2020,53.254158
India,IND,10/8/2020,52.422626
India,IND,10/9/2020,51.3214
India,IND,10/10/2020,50.69963
India,IND,10/11/2020,50.55471
India,IND,10/12/2020,49.78201
India,IND,10/13/2020,49.188198
India,IND,10/14/2020,48.332314
India,IND,10/15/2020,47.248325
India,IND,10/16/2020,46.53425
India,IND,10/17/2020,45.425808
India,IND,10/18/2020,44.171844
India,IND,10/19/2020,43.068413
India,IND,10/20/2020,42.211323
India,IND,10/21/2020,41.262733
India,IND,10/22/2020,40.07321
India,IND,10/23/2020,39.170723
India,IND,10/24/2020,38.28457
India,IND,10/25/2020,37.107777
India,IND,10/26/2020,36.048042
India,IND,10/27/2020,35.013763
India,IND,10/28/2020,33.996418
India,IND,10/29/2020,33.399303
India,IND,10/30/2020,32.82624
India,IND,10/31/2020,32.314915
India,IND,11/1/2020,31.997616
India,IND,11/2/2020,32.00593
India,IND,11/3/2020,32.19034
India,IND,11/4/2020,32.42686
India,IND,11/5/2020,32.459835
India,IND,11/6/2020,32.358612
India,IND,11/7/2020,32.56787
India,IND,11/8/2020,32.438686
India,IND,11/9/2020,32.506035
India,IND,11/10/2020,32.482285
India,IND,11/11/2020,32.28465
India,IND,11/12/2020,32.05364
India,IND,11/13/2020,31.777128
India,IND,11/14/2020,31.208675
India,IND,11/15/2020,30.750265
India,IND,11/16/2020,29.211374
India,IND,11/17/2020,28.318407
India,IND,11/18/2020,27.750755
India,IND,11/19/2020,27.517342
India,IND,11/20/2020,27.617863
India,IND,11/21/2020,27.773005
India,IND,11/22/2020,28.184813
India,IND,11/23/2020,29.538897
India,IND,11/24/2020,30.422043
India,IND,11/25/2020,30.999214
India,IND,11/26/2020,30.890274
India,IND,11/27/2020,30.609655
India,IND,11/28/2020,30.11757
India,IND,11/29/2020,29.77692
India,IND,11/30/2020,29.247053
India,IND,12/1/2020,28.55984
India,IND,12/2/2020,27.780922
India,IND,12/3/2020,26.885149
India,IND,12/4/2020,26.235016
India,IND,12/5/2020,25.766985
India,IND,12/6/2020,25.185802
India,IND,12/7/2020,24.605425
India,IND,12/8/2020,24.149319
India,IND,12/9/2020,23.695919
India,IND,12/10/2020,23.29203
India,IND,12/11/2020,22.57074
India,IND,12/12/2020,21.904673
India,IND,12/13/2020,21.327702
India,IND,12/14/2020,20.735395
India,IND,12/15/2020,20.2842
India,IND,12/16/2020,19.713142
India,IND,12/17/2020,18.960384
India,IND,12/18/2020,18.308147
India,IND,12/19/2020,17.821674
India,IND,12/20/2020,17.457872
India,IND,12/21/2020,17.183868
India,IND,12/22/2020,16.932415
India,IND,12/23/2020,16.688677
India,IND,12/24/2020,16.759033
India,IND,12/25/2020,16.776772
India,IND,12/26/2020,16.488235
India,IND,12/27/2020,15.697293
India,IND,12/28/2020,15.26474
India,IND,12/29/2020,14.95165
India,IND,12/30/2020,14.610799
India,IND,12/31/2020,14.32116
India,IND,1/1/2021,14.017291
India,IND,1/2/2021,13.6971855
India,IND,1/3/2021,13.641562
India,IND,1/4/2021,13.289086
India,IND,1/5/2021,13.283373
India,IND,1/6/2021,13.03673
India,IND,1/7/2021,12.8888035
India,IND,1/8/2021,12.698785
India,IND,1/9/2021,12.612896
India,IND,1/10/2021,12.659799
India,IND,1/11/2021,12.640456
India,IND,1/12/2021,12.260519
India,IND,1/13/2021,12.048051
India,IND,1/14/2021,11.7073
India,IND,1/15/2021,11.451837
India,IND,1/16/2021,11.14476
India,IND,1/17/2021,10.793887
India,IND,1/18/2021,10.54103
India,IND,1/19/2021,10.288473
India,IND,1/20/2021,10.0735
India,IND,1/21/2021,9.900819
India,IND,1/22/2021,9.796088
India,IND,1/23/2021,9.705688
India,IND,1/24/2021,9.676124
India,IND,1/25/2021,9.617495
India,IND,1/26/2021,9.521082
India,IND,1/27/2021,9.407432
India,IND,1/28/2021,9.050946
India,IND,1/29/2021,9.482898
India,IND,1/30/2021,9.365339
India,IND,1/31/2021,9.185242
India,IND,2/1/2021,9.00725
India,IND,2/2/2021,8.960446
India,IND,2/3/2021,8.795082
India,IND,2/4/2021,8.918654
India,IND,2/5/2021,8.272531
India,IND,2/6/2021,8.135228
India,IND,2/7/2021,8.035708
India,IND,2/8/2021,8.076198
India,IND,2/9/2021,8.123803
India,IND,2/10/2021,8.126609
India,IND,2/11/2021,8.129014
India,IND,2/12/2021,7.81843
India,IND,2/13/2021,7.861525
India,IND,2/14/2021,7.875055
India,IND,2/15/2021,7.8568144
India,IND,2/16/2021,7.857917
India,IND,2/17/2021,7.912337
India,IND,2/18/2021,7.908128
India,IND,2/19/2021,8.297385
India,IND,2/20/2021,8.482794
India,IND,2/21/2021,8.690251
India,IND,2/22/2021,8.945814
India,IND,2/23/2021,9.092438
India,IND,2/24/2021,9.306108
India,IND,2/25/2021,9.69266
India,IND,2/26/2021,10.031808
India,IND,2/27/2021,10.281858
India,IND,2/28/2021,10.531208
India,IND,3/1/2021,10.662598
India,IND,3/2/2021,10.833174
India,IND,3/3/2021,10.958149
India,IND,3/4/2021,11.025197
India,IND,3/5/2021,11.051354
India,IND,3/6/2021,11.235661
India,IND,3/7/2021,11.4319935
India,IND,3/8/2021,11.741575
India,IND,3/9/2021,12.052461
India,IND,3/10/2021,12.346308
India,IND,3/11/2021,12.892211
India,IND,3/12/2021,13.538335
India,IND,3/13/2021,14.195283
India,IND,3/14/2021,14.857642
India,IND,3/15/2021,15.628541
India,IND,3/16/2021,16.540953
India,IND,3/17/2021,17.641577
India,IND,3/18/2021,18.946152
India,IND,3/19/2021,20.593884
India,IND,3/20/2021,22.204533
India,IND,3/21/2021,24.061226
India,IND,3/22/2021,26.131788
India,IND,3/23/2021,27.757671
India,IND,3/24/2021,29.597626
India,IND,3/25/2021,31.362015
India,IND,3/26/2021,33.305496
India,IND,3/27/2021,35.440704
India,IND,3/28/2021,37.33167
India,IND,3/29/2021,39.443222
India,IND,3/30/2021,40.996246
India,IND,3/31/2021,41.61942
India,IND,4/1/2021,43.508984
India,IND,4/2/2021,45.74872
India,IND,4/3/2021,48.441753
India,IND,4/4/2021,51.502
India,IND,4/5/2021,55.06365
India,IND,4/6/2021,59.14975
India,IND,4/7/2021,65.3891
India,IND,4/8/2021,70.84703
India,IND,4/9/2021,75.90839
India,IND,4/10/2021,81.54631
India,IND,4/11/2021,87.52248
India,IND,4/12/2021,94.07231
India,IND,4/13/2021,100.56201
India,IND,4/14/2021,107.44077
India,IND,4/15/2021,114.852104
India,IND,4/16/2021,123.40946
India,IND,4/17/2021,132.35999
India,IND,4/18/2021,143.24608
India,IND,4/19/2021,153.75905
India,IND,4/20/2021,163.52397
India,IND,4/21/2021,174.61531
India,IND,4/22/2021,186.05011
India,IND,4/23/2021,197.6133
India,IND,4/24/2021,208.84744
India,IND,4/25/2021,217.68602
India,IND,4/26/2021,225.62161
India,IND,4/27/2021,232.03314
India,IND,4/28/2021,238.6396
India,IND,4/29/2021,245.09604
India,IND,4/30/2021,250.4801
India,IND,5/1/2021,256.013
India,IND,5/2/2021,260.30215
India,IND,5/3/2021,261.82108
India,IND,5/4/2021,265.23712
India,IND,5/5/2021,267.37732
India,IND,5/6/2021,270.68512
India,IND,5/7/2021,273.46484
India,IND,5/8/2021,273.37314
India,IND,5/9/2021,274.50064
India,IND,5/10/2021,274.3016
India,IND,5/11/2021,271.56686
India,IND,5/12/2021,268.16998
India,IND,5/13/2021,263.20554
India,IND,5/14/2021,256.08545
India,IND,5/15/2021,248.57089
India,IND,5/16/2021,239.29364
India,IND,5/17/2021,230.79742
India,IND,5/18/2021,224.14186
India,IND,5/19/2021,216.01524
India,IND,5/20/2021,207.33441
India,IND,5/21/2021,198.95665
India,IND,5/22/2021,192.06155
India,IND,5/23/2021,185.01323
India,IND,5/24/2021,179.09308
India,IND,5/25/2021,172.36766
India,IND,5/26/2021,166.51346
India,IND,5/27/2021,160.01794
India,IND,5/28/2021,152.68307
India,IND,5/29/2021,144.31374
India,IND,5/30/2021,136.7682
India,IND,5/31/2021,129.79474
India,IND,6/1/2021,122.88782
India,IND,6/2/2021,115.2577
India,IND,6/3/2021,107.52626
India,IND,6/4/2021,102.114334
India,IND,6/5/2021,96.776474
India,IND,6/6/2021,91.65588
India,IND,6/7/2021,86.43458
India,IND,6/8/2021,82.324326
India,IND,6/9/2021,78.29625
India,IND,6/10/2021,74.27719
India,IND,6/11/2021,70.20201
India,IND,6/12/2021,66.57431
India,IND,6/13/2021,63.20429
India,IND,6/14/2021,60.176113
India,IND,6/15/2021,57.567665
India,IND,6/16/2021,54.523758
India,IND,6/17/2021,51.833427
India,IND,6/18/2021,48.904774
India,IND,6/19/2021,46.541668
India,IND,6/20/2021,44.295216
India,IND,6/21/2021,42.574924
India,IND,6/22/2021,40.787888
India,IND,6/23/2021,39.647774
India,IND,6/24/2021,38.33097
India,IND,6/25/2021,37.247284
India,IND,6/26/2021,36.03912
India,IND,6/27/2021,35.19937
India,IND,6/28/2021,34.487
India,IND,6/29/2021,33.97848
India,IND,6/30/2021,33.487698
India,IND,7/1/2021,32.958233
India,IND,7/2/2021,32.452118
India,IND,7/3/2021,31.992403
India,IND,7/4/2021,31.293964
India,IND,7/5/2021,30.657362
India,IND,7/6/2021,30.370428
India,IND,7/7/2021,30.14814
India,IND,7/8/2021,29.858099
India,IND,7/9/2021,29.534988
India,IND,7/10/2021,29.40019
India,IND,7/11/2021,29.243345
India,IND,7/12/2021,28.978561
India,IND,7/13/2021,28.798464
India,IND,7/14/2021,28.303274
India,IND,7/15/2021,27.89377
India,IND,7/16/2021,27.44839
India,IND,7/17/2021,26.978655
India,IND,7/18/2021,26.943678
India,IND,7/19/2021,27.0449
India,IND,7/20/2021,26.76298
India,IND,7/21/2021,27.08599
India,IND,7/22/2021,27.043598
India,IND,7/23/2021,26.6821
India,IND,7/24/2021,26.784126
India,IND,7/25/2021,26.642313
India,IND,7/26/2021,26.762278
India,IND,7/27/2021,26.721788
India,IND,7/28/2021,26.886051
India,IND,7/29/2021,27.09912
India,IND,7/30/2021,27.989883
India,IND,7/31/2021,28.245646
India,IND,8/1/2021,28.455008
India,IND,8/2/2021,28.532478
India,IND,8/3/2021,28.618668
India,IND,8/4/2021,28.515541
India,IND,8/5/2021,28.462725
India,IND,8/6/2021,28.504116
India,IND,8/7/2021,28.20135
India,IND,8/8/2021,27.924639
India,IND,8/9/2021,27.460115
India,IND,8/10/2021,27.225098
India,IND,8/11/2021,26.796953
India,IND,8/12/2021,26.617859
India,IND,8/13/2021,26.16456
India,IND,8/14/2021,26.168468
India,IND,8/15/2021,25.869108
India,IND,8/16/2021,25.612343
India,IND,8/17/2021,25.307873
India,IND,8/18/2021,24.989672
India,IND,8/19/2021,24.509212
India,IND,8/20/2021,24.153528
India,IND,8/21/2021,23.731598
India,IND,8/22/2021,23.216965
India,IND,8/23/2021,22.428728
India,IND,8/24/2021,22.458895
India,IND,8/25/2021,22.700928
India,IND,8/26/2021,23.679384
India,IND,8/27/2021,24.48987
India,IND,8/28/2021,25.722786
India,IND,8/29/2021,27.139408
India,IND,8/30/2021,28.927048
India,IND,8/31/2021,29.475657
India,IND,9/1/2021,29.913822
India,IND,9/2/2021,30.006828
India,IND,9/3/2021,30.076382
India,IND,9/4/2021,29.661366
India,IND,9/5/2021,29.429155
India,IND,9/6/2021,29.032179
India,IND,9/7/2021,29.060343
India,IND,9/8/2021,28.650438
India,IND,9/9/2021,28.266693
India,IND,9/10/2021,27.2265
India,IND,9/11/2021,26.300259
India,IND,9/12/2021,24.87963
India,IND,9/13/2021,23.707645
India,IND,9/14/2021,23.124561
India,IND,9/15/2021,22.052298
India,IND,9/16/2021,20.780195
India,IND,9/17/2021,20.723068
India,IND,9/18/2021,20.952173
India,IND,9/19/2021,21.170855
India,IND,9/20/2021,21.471718
India,IND,9/21/2021,21.542974
India,IND,9/22/2021,21.521729
India,IND,9/23/2021,21.657328
India,IND,9/24/2021,21.35456
India,IND,9/25/2021,20.748625
India,IND,9/26/2021,20.503384
India,IND,9/27/2021,20.080954
India,IND,9/28/2021,19.347336
India,IND,9/29/2021,18.53615
India,IND,9/30/2021,17.694895
India,IND,10/1/2021,17.228367
India,IND,10/2/2021,16.701004
India,IND,10/3/2021,16.151394
India,IND,10/4/2021,15.626036
India,IND,10/5/2021,15.581037
India,IND,10/6/2021,15.577329
India,IND,10/7/2021,15.467286
India,IND,10/8/2021,14.919078
India,IND,10/9/2021,14.456659
India,IND,10/10/2021,13.988027
India,IND,10/11/2021,13.720737
India,IND,10/12/2021,13.316546
India,IND,10/13/2021,13.014881
India,IND,10/14/2021,12.669721
India,IND,10/15/2021,12.22925
India,IND,10/16/2021,11.85252
India,IND,10/17/2021,11.449633
India,IND,10/18/2021,10.99503
India,IND,10/19/2021,10.869253
India,IND,10/20/2021,10.748988
India,IND,10/21/2021,10.69557
India,IND,10/22/2021,10.587732
India,IND,10/23/2021,10.622309
India,IND,10/24/2021,10.798697
India,IND,10/25/2021,10.869855
India,IND,10/26/2021,10.806715
India,IND,10/27/2021,10.689257
India,IND,10/28/2021,10.458949
India,IND,10/29/2021,10.314832
India,IND,10/30/2021,10.113087
India,IND,10/31/2021,9.804808
India,IND,11/1/2021,9.625212
India,IND,11/2/2021,9.424269
India,IND,11/3/2021,9.269127
India,IND,11/4/2021,8.941304
India,IND,11/5/2021,8.779047
India,IND,11/6/2021,8.439899
India,IND,11/7/2021,8.241763
India,IND,11/8/2021,8.135228
India,IND,11/9/2021,8.105462
India,IND,11/10/2021,8.061666
India,IND,11/11/2021,8.082312
India,IND,11/12/2021,8.060965
India,IND,11/13/2021,8.153268
India,IND,11/14/2021,8.19516
India,IND,11/15/2021,8.07269
India,IND,11/16/2021,7.946312
India,IND,11/17/2021,7.8191314
India,IND,11/18/2021,7.7016726
India,IND,11/19/2021,7.5603614
India,IND,11/20/2021,7.405219
India,IND,11/21/2021,7.3267465
India,IND,11/22/2021,7.1522617
India,IND,11/23/2021,7.023378
India,IND,11/24/2021,6.931776
India,IND,11/25/2021,6.6511574
India,IND,11/26/2021,6.5953345
India,IND,11/27/2021,6.3964963
India,IND,11/28/2021,6.2247176
India,IND,11/29/2021,6.206778
India,IND,11/30/2021,6.147748
India,IND,12/1/2021,6.1147757
India,IND,12/2/2021,6.179518
India,IND,12/3/2021,6.0459237
India,IND,12/4/2021,6.0744867
India,IND,12/5/2021,6.086613
India,IND,12/6/2021,6.086313
India,IND,12/7/2021,6.0694757
India,IND,12/8/2021,6.017862
India,IND,12/9/2021,5.9831853
India,IND,12/10/2021,5.911728
India,IND,12/11/2021,5.850493
India,IND,12/12/2021,5.7381454
India,IND,12/13/2021,5.6423345
India,IND,12/14/2021,5.5383053
India,IND,12/15/2021,5.3924837
India,IND,12/16/2021,5.2476645
India,IND,12/17/2021,5.1418314
India,IND,12/18/2021,5.0569444
India,IND,12/19/2021,4.987491
India,IND,12/20/2021,4.9086175
India,IND,12/21/2021,4.862716
India,IND,12/22/2021,4.795869
India,IND,12/23/2021,4.7478633
India,IND,12/24/2021,4.667987
India,IND,12/25/2021,4.6723967
India,IND,12/26/2021,4.6629763
India,IND,12/27/2021,4.659769
India,IND,12/28/2021,4.763197
India,IND,12/29/2021,5.0516324
India,IND,12/30/2021,5.6187825
India,IND,12/31/2021,6.6324162
India,IND,1/1/2022,8.194459
India,IND,1/2/2022,10.255601
India,IND,1/3/2022,12.983513
India,IND,1/4/2022,16.092464
India,IND,1/5/2022,20.993464
India,IND,1/6/2022,28.788042
India,IND,1/7/2022,38.843803
India,IND,1/8/2022,50.791233
India,IND,1/9/2022,64.028305
India,IND,1/10/2022,78.657845
India,IND,1/11/2022,91.755104
India,IND,1/12/2022,105.44758
India,IND,1/13/2022,121.13104
India,IND,1/14/2022,135.87373
India,IND,1/15/2022,148.58644
India,IND,1/16/2022,159.7681
India,IND,1/17/2022,167.622
India,IND,1/18/2022,174.63295
India,IND,1/19/2022,183.47743
India,IND,1/20/2022,190.50443
India,IND,1/21/2022,198.82797
India,IND,1/22/2022,205.73029
India,IND,1/23/2022,211.97714
India,IND,1/24/2022,216.78525
India,IND,1/25/2022,218.57478
India,IND,1/26/2022,218.86984
India,IND,1/27/2022,215.74815
India,IND,1/28/2022,206.12244
India,IND,1/29/2022,195.88268
India,IND,1/30/2022,185.93556
India,IND,1/31/2022,176.29973
India,IND,2/1/2022,167.3986
India,IND,2/2/2022,154.9183
India,IND,2/3/2022,143.49803
India,IND,2/4/2022,133.29405
India,IND,2/5/2022,122.51228
India,IND,2/6/2022,109.80358
India,IND,2/7/2022,97.17154
India,IND,2/8/2022,87.20338
India,IND,2/9/2022,78.18139
India,IND,2/10/2022,67.62322
India,IND,2/11/2022,58.471355
India,IND,2/12/2022,50.69973
India,IND,2/13/2022,44.426205
India,IND,2/14/2022,39.438915
India,IND,2/15/2022,35.411236
India,IND,2/16/2022,31.327238
India,IND,2/17/2022,27.686514
India,IND,2/18/2022,24.463713
India,IND,2/19/2022,21.643797
India,IND,2/20/2022,19.147396
India,IND,2/21/2022,17.337208
India,IND,2/22/2022,15.933714
India,IND,2/23/2022,14.378987
India,IND,2/24/2022,12.714419
India,IND,2/25/2022,11.436203
India,IND,2/26/2022,10.356724
India,IND,2/27/2022,9.385082
India,IND,2/28/2022,8.579507
India,IND,3/1/2022,7.929074
India,IND,3/2/2022,7.1726065
India,IND,3/3/2022,6.412231
India,IND,3/4/2022,5.7337356
India,IND,3/5/2022,5.1747036
India,IND,3/6/2022,4.6939445
India,IND,3/7/2022,4.3280377
India,IND,3/8/2022,4.0351925
India,IND,3/9/2022,3.7366347
India,IND,3/10/2022,3.4984097
India,IND,3/11/2022,3.2777233
India,IND,3/12/2022,3.0465138
India,IND,3/13/2022,2.8099926
India,IND,3/14/2022,2.623682
India,IND,3/15/2022,2.4808671
India,IND,3/16/2022,2.310592
India,IND,3/17/2022,2.1457286
India,IND,3/18/2022,1.9787607
India,IND,3/19/2022,1.8245208
India,IND,3/20/2022,1.6887215
India,IND,3/21/2022,1.5931108
India,IND,3/22/2022,1.4941928
India,IND,3/23/2022,1.3841504
India,IND,3/24/2022,1.3239176
India,IND,3/25/2022,1.2394314
India,IND,3/26/2022,1.1978397
India,IND,3/27/2022,1.1637646
India,IND,3/28/2022,1.135803
India,IND,3/29/2022,1.103532
India,IND,3/30/2022,1.0489116
India,IND,3/31/2022,0.97745407
India,IND,4/1/2022,0.9423768
India,IND,4/2/2022,0.90228844
India,IND,4/3/2022,0.86971664
India,IND,4/4/2022,0.83393776
India,IND,4/5/2022,0.7874353
India,IND,4/6/2022,0.7727029
India,IND,4/7/2022,0.75346047
India,IND,4/8/2022,0.7308105
India,IND,4/9/2022,0.7197862
India,IND,4/10/2022,0.71557695
India,IND,4/11/2022,0.7103655
India,IND,4/12/2022,0.71046567
India,IND,4/13/2022,0.7106661
India,IND,4/14/2022,0.7080604
India,IND,4/15/2022,0.69202507
India,IND,4/16/2022,0.6744864
India,IND,4/17/2022,0.6841076
India,IND,4/18/2022,0.8165996
India,IND,4/19/2022,0.8617992
India,IND,4/20/2022,0.9599154
India,IND,4/21/2022,1.0975187
India,IND,4/22/2022,1.2480505
India,IND,4/23/2022,1.4035932
India,IND,4/24/2022,1.5482119
India,IND,4/25/2022,1.584091
India,IND,4/26/2022,1.707964
India,IND,4/27/2022,1.7941539
India,IND,4/28/2022,1.8866577
India,IND,4/29/2022,1.9794623
India,IND,4/30/2022,2.0958188
India,IND,5/1/2022,2.16908
India,IND,5/2/2022,2.2308161
India,IND,5/3/2022,2.239335
India,IND,5/4/2022,2.2671964
India,IND,5/5/2022,2.2643902
India,IND,5/6/2022,2.2812274
India,IND,5/7/2022,2.292953
India,IND,5/8/2022,2.3056812
India,IND,5/9/2022,2.3106923
India,IND,5/10/2022,2.2826304
India,IND,5/11/2022,2.2517624
India,IND,5/12/2022,2.2068634
India,IND,5/13/2022,2.136308
India,IND,5/14/2022,2.0413988
India,IND,5/15/2022,1.9447858
India,IND,5/16/2022,1.8440639
India,IND,5/17/2022,1.7720051
India,IND,5/18/2022,1.6649692
India,IND,5/19/2022,1.6185669
India,IND,5/20/2022,1.5602384
India,IND,5/21/2022,1.5066202
India,IND,5/22/2022,1.4804626
India,IND,5/23/2022,1.4624228
India,IND,5/24/2022,1.4730462
India,IND,5/25/2022,1.5026114
India,IND,5/26/2022,1.5290697
India,IND,5/27/2022,1.5742693
India,IND,5/28/2022,1.6105492
India,IND,5/29/2022,1.6708822
India,IND,5/30/2022,1.7394333
India,IND,5/31/2022,1.8058797
India,IND,6/1/2022,1.8681169
India,IND,6/2/2022,1.9767563
India,IND,6/3/2022,2.1101503
India,IND,6/4/2022,2.2381322
India,IND,6/5/2022,2.3826509
India,IND,6/6/2022,2.564251
India,IND,6/7/2022,2.7021549
India,IND,6/8/2022,2.9515045
India,IND,6/9/2022,3.3050835
India,IND,6/10/2022,3.660166
India,IND,6/11/2022,4.097831
India,IND,6/12/2022,4.529983
India,IND,6/13/2022,4.8873706
India,IND,6/14/2022,5.176007
India,IND,6/15/2022,5.5356994
India,IND,6/16/2022,6.0340977
India,IND,6/17/2022,6.56156
India,IND,6/18/2022,7.0513396
India,IND,6/19/2022,7.483993
India,IND,6/20/2022,7.95473
India,IND,6/21/2022,8.288365
India,IND,6/22/2022,8.631823
India,IND,6/23/2022,8.742065
India,IND,6/24/2022,9.1919565
India,IND,6/25/2022,9.464958
India,IND,6/26/2022,9.348702
India,IND,6/27/2022,9.778851
India,IND,6/28/2022,9.966263
India,IND,6/29/2022,10.192462
India,IND,6/30/2022,10.744278
India,IND,7/1/2022,10.717619
India,IND,7/2/2022,10.833074
India,IND,7/3/2022,11.270437
India,IND,7/4/2022,11.17643
India,IND,7/5/2022,11.306016
India,IND,7/6/2022,11.471681
India,IND,7/7/2022,11.482805
India,IND,7/8/2022,11.657691
India,IND,7/9/2022,11.832877
India,IND,7/10/2022,12.048753
India,IND,7/11/2022,12.103172
India,IND,7/12/2022,12.156189
India,IND,7/13/2022,12.231054
India,IND,7/14/2022,12.3522215
India,IND,7/15/2022,12.474792
India,IND,7/16/2022,12.595457
India,IND,7/17/2022,12.823059
India,IND,7/18/2022,12.848816
India,IND,7/19/2022,13.040538
India,IND,7/20/2022,13.406445
India,IND,7/21/2022,13.549459
India,IND,7/22/2022,13.734067
India,IND,7/23/2022,13.871068
India,IND,7/24/2022,13.846113
India,IND,7/25/2022,13.839198
India,IND,7/26/2022,13.769244
India,IND,7/27/2022,13.544349
India,IND,7/28/2022,13.443226
India,IND,7/29/2022,13.2958
India,IND,7/30/2022,13.195279
India,IND,7/31/2022,13.134545
India,IND,8/1/2022,13.094256
India,IND,8/2/2022,12.984414
India,IND,8/3/2022,12.866354
India,IND,8/4/2022,12.799808
India,IND,8/5/2022,12.814039
India,IND,8/6/2022,12.713617
India,IND,8/7/2022,12.619911
India,IND,8/8/2022,12.590145
India,IND,8/9/2022,12.491629
India,IND,8/10/2022,12.382588
India,IND,8/11/2022,12.022394
India,IND,8/12/2022,11.622513
India,IND,8/13/2022,11.26262
India,IND,8/14/2022,10.796994
India,IND,8/15/2022,10.671718
India,IND,8/16/2022,10.277048
India,IND,8/17/2022,9.577005
India,IND,8/18/2022,9.20709
India,IND,8/19/2022,9.126212
India,IND,8/20/2022,8.87135
India,IND,8/21/2022,8.615486
India,IND,8/22/2022,8.075697
India,IND,8/23/2022,8.052947
India,IND,8/24/2022,8.211997
India,IND,8/25/2022,8.023281
India,IND,8/26/2022,7.472267
India,IND,8/27/2022,7.096238
India,IND,8/28/2022,6.8854737
India,IND,8/29/2022,6.6910453
India,IND,8/30/2022,6.3756504
India,IND,8/31/2022,6.0330954
India,IND,9/1/2022,5.7545815
India,IND,9/2/2022,5.3448787
India,IND,9/3/2022,5.1134686
India,IND,9/4/2022,4.8509903
India,IND,9/5/2022,4.682519
India,IND,9/6/2022,4.5800934
India,IND,9/7/2022,4.3944845
India,IND,9/8/2022,4.239042
India,IND,9/9/2022,4.2315254
India,IND,9/10/2022,4.0654593
India,IND,9/11/2022,3.8909748
India,IND,9/12/2022,3.8219225
India,IND,9/13/2022,3.817112
India,IND,9/14/2022,3.789952
India,IND,9/15/2022,3.792658
India,IND,9/16/2022,3.8132033
India,IND,9/17/2022,3.832546
India,IND,9/18/2022,3.891476
India,IND,9/19/2022,3.8550956
India,IND,9/20/2022,3.8224237
India,IND,9/21/2022,3.7624917
India,IND,9/22/2022,3.6643753
India,IND,9/23/2022,3.5726733
India,IND,9/24/2022,3.4889889
India,IND,9/25/2022,3.400093
India,IND,9/26/2022,3.3270319
India,IND,9/27/2022,3.2455523
India,IND,9/28/2022,3.1558547
India,IND,9/29/2022,3.038496
India,IND,9/30/2022,2.894579
India,IND,10/1/2022,2.7836344
India,IND,10/2/2022,2.6431248
India,IND,10/3/2022,2.5310779
India,IND,10/4/2022,2.4045992
India,IND,10/5/2022,2.289646
India,IND,10/6/2022,2.114961
India,IND,10/7/2022,1.9195302
India,IND,10/8/2022,1.8185076
India,IND,10/9/2022,1.7564708
India,IND,10/10/2022,1.6976411
India,IND,10/11/2022,1.6965388
India,IND,10/12/2022,1.6635661
India,IND,10/13/2022,1.6893228
India,IND,10/14/2022,1.7575732
India,IND,10/15/2022,1.7207922
India,IND,10/16/2022,1.6852138
India,IND,10/17/2022,1.6487334
India,IND,10/18/2022,1.6071417
India,IND,10/19/2022,1.5877991
India,IND,10/20/2022,1.5231566
India,IND,10/21/2022,1.4671332
India,IND,10/22/2022,1.4352629
India,IND,10/23/2022,1.3944731
India,IND,10/24/2022,1.3217127
India,IND,10/25/2022,1.2535626
India,IND,10/26/2022,1.141716
India,IND,10/27/2022,1.0385888
India,IND,10/28/2022,1.0475085
India,IND,10/29/2022,0.99358964
India,IND,10/30/2022,0.9545035
India,IND,10/31/2022,0.95370173
India,IND,11/1/2022,0.97214234
India,IND,11/2/2022,1.0082219
India,IND,11/3/2022,1.029168
India,IND,11/4/2022,0.92974895
India,IND,11/5/2022,0.8804403
India,IND,11/6/2022,0.833136
India,IND,11/7/2022,0.7941501
India,IND,11/8/2022,0.7519571
India,IND,11/9/2022,0.7139734
India,IND,11/10/2022,0.68340605
India,IND,11/11/2022,0.64592344
India,IND,11/12/2022,0.62096846
India,IND,11/13/2022,0.58108056
India,IND,11/14/2022,0.5419944
India,IND,11/15/2022,0.5592491
India,IND,11/16/2022,0.52300256
India,IND,11/17/2022,0.47845438
India,IND,11/18/2022,0.45670646
India,IND,11/19/2022,0.42431843
India,IND,11/20/2022,0.39602274
India,IND,11/21/2022,0.3795364
India,IND,11/22/2022,0.35478187
India,IND,11/23/2022,0.3406507
India,IND,11/24/2022,0.31790057
India,IND,11/25/2022,0.28693232
India,IND,11/26/2022,0.27019545
India,IND,11/27/2022,0.25526252
India,IND,11/28/2022,0.24373713
India,IND,11/29/2022,0.23581968
India,IND,11/30/2022,0.2277018
India,IND,12/1/2022,0.21597596
India,IND,12/2/2022,0.20876005
India,IND,12/3/2022,0.19513002
India,IND,12/4/2022,0.18340418
India,IND,12/5/2022,0.17688982
India,IND,12/6/2022,0.17187878
India,IND,12/7/2022,0.16055383
India,IND,12/8/2022,0.15554278
India,IND,12/9/2022,0.15293704
India,IND,12/10/2022,0.14862753
India,IND,12/11/2022,0.14331584
India,IND,12/12/2022,0.13660103
India,IND,12/13/2022,0.13148977
India,IND,12/14/2022,0.13008668
India,IND,12/15/2022,0.12597762
India,IND,12/16/2022,0.11725841
India,IND,12/17/2022,0.11294891
India,IND,12/18/2022,0.11324958
India,IND,12/19/2022,0.11084428
India,IND,12/20/2022,0.110643834
India,IND,12/21/2022,0.108539194
India,IND,12/22/2022,0.10703588
India,IND,12/23/2022,0.1071361
India,IND,12/24/2022,0.11054361
India,IND,12/25/2022,0.11565488
India,IND,12/26/2022,0.12176835
India,IND,12/27/2022,0.12627828
India,IND,12/28/2022,0.13199088
India,IND,12/29/2022,0.1403092
India,IND,12/30/2022,0.14832687
India,IND,12/31/2022,0.1508324
India,IND,1/1/2023,0.1546408
India,IND,1/2/2023,0.1523357
India,IND,1/3/2023,0.15003063
India,IND,1/4/2023,0.14872776
India,IND,1/5/2023,0.14071009
India,IND,1/6/2023,0.13920678
India,IND,1/7/2023,0.13800412
India,IND,1/8/2023,0.1277816
India,IND,1/9/2023,0.12748094
India,IND,1/10/2023,0.12617807
India,IND,1/11/2023,0.12577718
India,IND,1/12/2023,0.12667917
India,IND,1/13/2023,0.121267244
India,IND,1/14/2023,0.11775951
India,IND,1/15/2023,0.111846484
India,IND,1/16/2023,0.10623411
India,IND,1/17/2023,0.10202484
India,IND,1/18/2023,0.09871755
India,IND,1/19/2023,0.092403635
India,IND,1/20/2023,0.08949723
India,IND,1/21/2023,0.08468663
India,IND,1/22/2023,0.08829458
India,IND,1/23/2023,0.086290166
India,IND,1/24/2023,0.08729237
India,IND,1/25/2023,0.08368442
India,IND,1/26/2023,0.08348398
India,IND,1/27/2023,0.07887382
India,IND,1/28/2023,0.07506543
India,IND,1/29/2023,0.07195858
India,IND,1/30/2023,0.070555486
India,IND,1/31/2023,0.068150185
India,IND,2/1/2023,0.069052175
India,IND,2/2/2023,0.06865129
India,IND,2/3/2023,0.06865129
India,IND,2/4/2023,0.07215902
India,IND,2/5/2023,0.0725599
India,IND,2/6/2023,0.07366233
India,IND,2/7/2023,0.076067634
India,IND,2/8/2023,0.07456432
India,IND,2/9/2023,0.072660126
India,IND,2/10/2023,0.07416344
India,IND,2/11/2023,0.07456432
India,IND,2/12/2023,0.07566675
India,IND,2/13/2023,0.0744641
India,IND,2/14/2023,0.07326145
India,IND,2/15/2023,0.073862776
India,IND,2/16/2023,0.07556653
India,IND,2/17/2023,0.0797758
India,IND,2/18/2023,0.07827249
India,IND,2/19/2023,0.08007647
India,IND,2/20/2023,0.084185526
India,IND,2/21/2023,0.0859895
India,IND,2/22/2023,0.08829458
India,IND,2/23/2023,0.09500938
India,IND,2/24/2023,0.09631225
India,IND,2/25/2023,0.10262616
India,IND,2/26/2023,0.11024295
India,IND,2/27/2023,0.1167573
India,IND,2/28/2023,0.12417365
India,IND,3/1/2023,0.13569905
India,IND,3/2/2023,0.14321561
India,IND,3/3/2023,0.1546408
India,IND,3/4/2023,0.1700748
India,IND,3/5/2023,0.18069822
India,IND,3/6/2023,0.19031942
India,IND,3/7/2023,0.20004085
India,IND,3/8/2023,0.20865983
India,IND,3/9/2023,0.21978435
India,IND,3/10/2023,0.23551902
India,IND,3/11/2023,0.24774598
India,IND,3/12/2023,0.26779014
India,IND,3/13/2023,0.28412613
India,IND,3/14/2023,0.2977562
India,IND,3/15/2023,0.32702067
India,IND,3/16/2023,0.3646035
India,IND,3/17/2023,0.4002821
India,IND,3/18/2023,0.4390676
India,IND,3/19/2023,0.4938884
India,IND,3/20/2023,0.5413931
India,IND,3/21/2023,0.565847
India,IND,3/22/2023,0.6175609
India,IND,3/23/2023,0.67228156
India,IND,3/24/2023,0.7176816
India,IND,3/25/2023,0.7925466
India,IND,3/26/2023,0.8746275
India,IND,3/27/2023,0.9635234
India,IND,3/28/2023,1.0564281
India,IND,3/29/2023,1.1583527
India,IND,3/30/2023,1.3303317
India,IND,3/31/2023,1.5152392
India,IND,4/1/2023,1.6560495
India,IND,4/2/2023,1.8498766
India,IND,4/3/2023,2.0338821
India,IND,4/4/2023,2.1807058
India,IND,4/5/2023,2.4096103
India,IND,4/6/2023,2.6420224
India,IND,4/7/2023,2.9382753
India,IND,4/8/2023,3.2549732
India,IND,4/9/2023,3.4086118
India,IND,4/10/2023,3.6330063
India,IND,4/11/2023,3.897389
India,IND,4/12/2023,4.237639
India,IND,4/13/2023,4.721004
India,IND,4/14/2023,5.228021
India,IND,4/15/2023,5.6888366
India,IND,4/16/2023,6.1634827
India,IND,4/17/2023,6.4872966
India,IND,4/18/2023,6.683429
India,IND,4/19/2023,6.9552274
India,IND,4/20/2023,7.1990647
India,IND,4/21/2023,7.2574935
India,IND,4/22/2023,7.4018116
India,IND,4/23/2023,7.403716
India,IND,4/24/2023,7.1825285
India,IND,4/25/2023,7.112474
India,IND,4/26/2023,7.0209727
India,IND,4/27/2023,6.6966577
India,IND,4/28/2023,6.279839
India,IND,4/29/2023,5.7765303
India,IND,4/30/2023,5.3517942
India,IND,5/1/2023,5.089015
India,IND,5/2/2023,4.727318
India,IND,5/3/2023,4.135113
India,IND,5/4/2023,3.5946217
India,IND,5/5/2023,3.2015555
India,IND,5/6/2023,2.7796257
India,IND,5/7/2023,2.4294538
India,IND,5/8/2023,2.1846144
India,IND,5/9/2023,1.984774
India,IND,5/10/2023,1.8233181
India,IND,5/11/2023,1.5956163
India,IND,5/12/2023,1.3920678
India,IND,5/13/2023,1.217884
India,IND,5/14/2023,1.1068392
India,IND,5/15/2023,1.00281
India,IND,5/16/2023,0.9351609
India,IND,5/17/2023,0.82612056
India,IND,5/18/2023,0.7475474
India,IND,5/19/2023,0.6758895
India,IND,5/20/2023,0.6316921
India,IND,5/21/2023,0.5799781
India,IND,5/22/2023,0.54710567
India,IND,5/23/2023,0.52195024
India,IND,5/24/2023,0.47494668
India,IND,5/25/2023,0.43776473
India,IND,5/26/2023,0.4001819
India,IND,5/27/2023,0.36440307
India,IND,5/28/2023,0.3290251
India,IND,5/29/2023,0.3126891
India,IND,5/30/2023,0.2945491
India,IND,5/31/2023,0.27029568
India,IND,6/1/2023,0.24554111
India,IND,6/2/2023,0.22319186
India,IND,6/3/2023,0.20435034
India,IND,6/4/2023,0.18420595
India,IND,6/5/2023,0.1705759
India,IND,6/6/2023,0.16055383
India,IND,6/7/2023,0.15093262
India,IND,6/8/2023,0.14201297
India,IND,6/9/2023,0.13219132
India,IND,6/10/2023,0.12708005
India,IND,6/11/2023,0.12086636
India,IND,6/12/2023,0.11264825
India,IND,6/13/2023,0.10823853
India,IND,6/14/2023,0.09881777
India,IND,6/15/2023,0.08949723
India,IND,6/16/2023,0.0821811
India,IND,6/17/2023,0.07436388
India,IND,6/18/2023,0.069352835
India,IND,6/19/2023,0.06644643
India,IND,6/20/2023,0.062036715
India,IND,6/21/2023,0.05923053
India,IND,6/22/2023,0.0581281
India,IND,6/23/2023,0.053618163
India,IND,6/24/2023,0.048306454
India,IND,6/25/2023,0.047304247
India,IND,6/26/2023,0.045700714
India,IND,6/27/2023,0.04540005
India,IND,6/28/2023,0.042694088
India,IND,6/29/2023,0.037883487
India,IND,6/30/2023,0.03718194
India,IND,7/1/2023,0.035678625
India,IND,7/2/2023,0.032972664
India,IND,7/3/2023,0.032672
India,IND,7/4/2023,0.031970456
India,IND,7/5/2023,0.031068467
India,IND,7/6/2023,0.030567363
India,IND,7/7/2023,0.030667584
India,IND,7/8/2023,0.03156957
India,IND,7/9/2023,0.029464934
India,IND,7/10/2023,0.027460515
India,IND,7/11/2023,0.02685919
India,IND,7/12/2023,0.025856983
India,IND,7/13/2023,0.026458308
India,IND,7/14/2023,0.027159853
India,IND,7/15/2023,0.027660958
India,IND,7/16/2023,0.030366922
India,IND,7/17/2023,0.032271117
India,IND,7/18/2023,0.03367421
India,IND,7/19/2023,0.03397487
India,IND,7/20/2023,0.034275535
India,IND,7/21/2023,0.039988123
India,IND,7/22/2023,0.040589448
India,IND,7/23/2023,0.03868525
India,IND,7/24/2023,0.039086137
India,IND,7/25/2023,0.037783265
India,IND,7/26/2023,0.038885694
India,IND,7/27/2023,0.037983708
India,IND,7/28/2023,0.032271117
India,IND,7/29/2023,0.03126891
India,IND,7/30/2023,0.03247156
India,IND,7/31/2023,0.031870235
India,IND,8/1/2023,0.033373546
India,IND,8/2/2023,0.033373546
India,IND,8/3/2023,0.036881275
India,IND,8/4/2023,0.03708172
India,IND,8/5/2023,0.039787684
India,IND,8/6/2023,0.039286576
India,IND,8/7/2023,0.040589448
India,IND,8/8/2023,0.03948702
India,IND,8/9/2023,0.038785473
India,IND,8/10/2023,0.034977082
India,IND,8/11/2023,0.034275535
India,IND,8/12/2023,0.030366922
India,IND,8/13/2023,0.029464934
India,IND,8/14/2023,0.027961621
India,IND,8/15/2023,0.027660958
India,IND,8/16/2023,0.028162062
India,IND,8/17/2023,0.027560737
India,IND,8/18/2023,0.0278614
India,IND,8/19/2023,0.03126891
India,IND,8/20/2023,0.03257178
India,IND,8/21/2023,0.034075093
India,IND,8/22/2023,0.034175314
India,IND,8/23/2023,0.03397487
India,IND,8/24/2023,0.03607951
India,IND,8/25/2023,0.03838459
India,IND,8/26/2023,0.03718194
India,IND,8/27/2023,0.036480393
India,IND,8/28/2023,0.038083926
India,IND,8/29/2023,0.038083926
India,IND,8/30/2023,0.038585033
India,IND,8/31/2023,0.038184147
India,IND,9/1/2023,0.035778847
India,IND,9/2/2023,0.03477664
India,IND,9/3/2023,0.03638017
India,IND,9/4/2023,0.03397487
India,IND,9/5/2023,0.034475975
India,IND,9/6/2023,0.034977082
India,IND,9/7/2023,0.03708172
India,IND,9/8/2023,0.036781058
India,IND,9/9/2023,0.037683044
India,IND,9/10/2023,0.03848481
India,IND,9/11/2023,0.040890113
India,IND,9/12/2023,0.042092763
India,IND,9/13/2023,0.04519961
India,IND,9/14/2023,0.04389674
India,IND,9/15/2023,0.045299828
India,IND,9/16/2023,0.0466027
India,IND,9/17/2023,0.045299828
India,IND,9/18/2023,0.043796517
India,IND,9/19/2023,0.042393424
India,IND,9/20/2023,0.037783265
India,IND,9/21/2023,0.03638017
India,IND,9/22/2023,0.035879068
India,IND,9/23/2023,0.035678625
India,IND,9/24/2023,0.03638017
India,IND,9/25/2023,0.03487686
India,IND,9/26/2023,0.03607951
India,IND,9/27/2023,0.035678625
India,IND,9/28/2023,0.03638017
India,IND,9/29/2023,0.03487686
India,IND,9/30/2023,0.031970456
India,IND,10/1/2023,0.03136913
India,IND,10/2/2023,0.030968247
India,IND,10/3/2023,0.03136913
India,IND,10/4/2023,0.030467141
India,IND,10/5/2023,0.050411094
India,IND,10/6/2023,0.050310872
India,IND,10/7/2023,0.050411094
India,IND,10/8/2023,0.049108222
India,IND,10/9/2023,0.049308665
India,IND,10/10/2023,0.04770513
India,IND,10/11/2023,0.048506897
India,IND,10/12/2023,0.026959412
India,IND,10/13/2023,0.02675897
India,IND,10/14/2023,0.027660958
India,IND,10/15/2023,0.026057424
India,IND,10/16/2023,0.02555632
India,IND,10/17/2023,0.025055215
India,IND,10/18/2023,0.024253448
India,IND,10/19/2023,0.02555632
India,IND,10/20/2023,0.02555632
India,IND,10/21/2023,0.14822665
India,IND,10/22/2023,0.14672334
India,IND,10/23/2023,0.14431804
India,IND,10/24/2023,0.1436165
India,IND,10/25/2023,0.14491937
India,IND,10/26/2023,0.14251406
India,IND,10/27/2023,0.14141163
India,IND,10/28/2023,0.017137768
India,IND,10/29/2023,0.019342626
India,IND,10/30/2023,0.020745719
India,IND,10/31/2023,0.021547485
India,IND,11/1/2023,0.020244613
India,IND,11/2/2023,0.019342626
India,IND,11/3/2023,0.01864108
India,IND,11/4/2023,0.016536443
India,IND,11/5/2023,0.0139307
India,IND,11/6/2023,0.012427387
India,IND,11/7/2023,0.010723632
India,IND,11/8/2023,0.008017669
India,IND,11/9/2023,0.007616785
India,IND,11/10/2023,0.007115681
India,IND,11/11/2023,0.006313914
India,IND,11/12/2023,0.007215902
India,IND,11/13/2023,0.007215902
India,IND,11/14/2023,0.008518773
India,IND,11/15/2023,0.008418553
India,IND,11/16/2023,0.009120098
India,IND,11/17/2023,0.010322749
India,IND,11/18/2023,0.011525399
India,IND,11/19/2023,0.011926282
India,IND,11/20/2023,0.012928491
India,IND,11/21/2023,0.012427387
India,IND,11/22/2023,0.013730258
India,IND,11/23/2023,0.014532025
India,IND,11/24/2023,0.015534233
India,IND,11/25/2023,0.017939534
India,IND,11/26/2023,0.018941743
India,IND,11/27/2023,0.019242406
India,IND,11/28/2023,0.020144394
India,IND,11/29/2023,0.025756761
India,IND,11/30/2023,0.028963828
India,IND,12/1/2023,0.03247156
India,IND,12/2/2023,0.03708172
India,IND,12/3/2023,0.04159166
India,IND,12/4/2023,0.04540005
India,IND,12/5/2023,0.051513523
India,IND,12/6/2023,0.055522356
India,IND,12/7/2023,0.061836272
India,IND,12/8/2023,0.07276034
India,IND,12/9/2023,0.078773595
India,IND,12/10/2023,0.08779348
India,IND,12/11/2023,0.09410739
India,IND,12/12/2023,0.10222528
India,IND,12/13/2023,0.11555465
India,IND,12/14/2023,0.12718028
India,IND,12/15/2023,0.14040942
India,IND,12/16/2023,0.1595516
India,IND,12/17/2023,0.17648894
India,IND,12/18/2023,0.19031942
India,IND,12/19/2023,0.20274681
India,IND,12/20/2023,0.23902676
India,IND,12/21/2023,0.2748056
India,IND,12/22/2023,0.30767804
India,IND,12/23/2023,0.34906927
India,IND,12/24/2023,0.38124016
India,IND,12/25/2023,0.41812143
India,IND,12/26/2023,0.43054882
India,IND,12/27/2023,0.42203006
India,IND,12/28/2023,0.4328539
India,IND,12/29/2023,0.44858858
India,IND,12/30/2023,0.44768658
India,IND,12/31/2023,0.45620537
India,IND,1/1/2024,0.4670292
India,IND,1/2/2024,0.4831648
India,IND,1/3/2024,0.4904809
India,IND,1/4/2024,0.49629372
India,IND,1/5/2024,0.49268577
India,IND,1/6/2024,0.4957926
India,IND,1/7/2024,0.49729592
India,IND,1/8/2024,0.48416698
India,IND,1/9/2024,0.47434533
India,IND,1/10/2024,0.474646
India,IND,1/11/2024,0.44999167
India,IND,1/12/2024,0.4347581
India,IND,1/13/2024,0.40138456
India,IND,1/14/2024,0.3632004
India,IND,1/15/2024,0.32982686
India,IND,1/16/2024,0.3011637
India,IND,1/17/2024,0.2674895
India,IND,1/18/2024,0.24654332
India,IND,1/19/2024,0.22108722
India,IND,1/20/2024,0.20825896
India,IND,1/21/2024,0.19974017
India,IND,1/22/2024,0.19282494
India,IND,1/23/2024,0.19753532
India,IND,1/24/2024,0.18661125
India,IND,1/25/2024,0.17588761
India,IND,1/26/2024,0.15905051
India,IND,1/27/2024,0.1436165
India,IND,1/28/2024,0.13279264
India,IND,1/29/2024,0.123672545
India,IND,1/30/2024,0.112447806
India,IND,1/31/2024,0.109741844
India,IND,2/1/2024,0.10593345
India,IND,2/2/2024,0.10593345
India,IND,2/3/2024,0.10593345
India,IND,2/4/2024,0.10653478
India,IND,2/5/2024,0.10753699
India,IND,2/6/2024,0.10753699
India,IND,2/7/2024,0.10994229
India,IND,2/8/2024,0.100922406
India,IND,2/9/2024,0.0821811
India,IND,2/10/2024,0.08258199
India,IND,2/11/2024,0.10142351
India,IND,2/12/2024,0.09661291
India,IND,2/13/2024,0.09651269
India,IND,2/14/2024,0.09280452
India,IND,2/15/2024,0.09781556
India,IND,2/16/2024,0.11445223
India,IND,2/17/2024,0.11254803
India,IND,2/18/2024,0.09039922
India,IND,2/19/2024,0.09400717
India,IND,2/20/2024,0.09220319
India,IND,2/21/2024,0.09631225
India,IND,2/22/2024,0.09791578
India,IND,2/23/2024,0.098016
India,IND,2/24/2024,0.099118434
India,IND,2/25/2024,0.09841689
India,IND,2/26/2024,0.09881777
India,IND,2/27/2024,0.10082219
India,IND,2/28/2024,0.1028266
India,IND,2/29/2024,0.108539194
India,IND,3/1/2024,0.11224736
India,IND,3/2/2024,0.11495333
India,IND,3/3/2024,0.117959954
India,IND,3/4/2024,0.11856128
India,IND,3/5/2024,0.11956349
India,IND,3/6/2024,0.12317144
India,IND,3/7/2024,0.12407343
India,IND,3/8/2024,0.12738071
India,IND,3/9/2024,0.12708005
India,IND,3/10/2024,0.12046548
India,IND,3/11/2024,0.12327166
India,IND,3/12/2024,0.12357232
India,IND,3/13/2024,0.121567905
India,IND,3/14/2024,0.121267244
India,IND,3/15/2024,0.0975149
India,IND,3/16/2024,0.121868566
India,IND,3/17/2024,0.12437409
India,IND,3/18/2024,0.122469895
India,IND,3/19/2024,0.11725841
India,IND,3/20/2024,0.11345001
India,IND,3/21/2024,0.11074405
India,IND,3/22/2024,0.12387299
India,IND,3/23/2024,0.09961954
India,IND,3/24/2024,0.099118434
India,IND,3/25/2024,0.09831666
India,IND,3/26/2024,0.09541026
India,IND,3/27/2024,0.08659083
India,IND,3/28/2024,0.08228133
India,IND,3/29/2024,0.080577575
India,IND,3/30/2024,0.07466454
India,IND,3/31/2024,0.071758136
India,IND,4/1/2024,0.06584511
India,IND,4/2/2024,0.068450846
India,IND,4/3/2024,0.071758136
India,IND,4/4/2024,0.070254825
India,IND,4/5/2024,0.069653496
India,IND,4/6/2024,0.06985394
India,IND,4/7/2024,0.069653496
India,IND,4/8/2024,0.07045527
India,IND,4/9/2024,0.06794974
India,IND,4/10/2024,0.06464246
India,IND,4/11/2024,0.060332958
India,IND,4/12/2024,0.056324124
India,IND,4/13/2024,0.054219488
India,IND,4/14/2024,0.051914405
India,IND,4/15/2024,0.051513523
India,IND,4/16/2024,0.051914405
India,IND,4/17/2024,0.053818602
India,IND,4/18/2024,0.053918824
India,IND,4/19/2024,0.057526775
India,IND,4/20/2024,0.058629204
India,IND,4/21/2024,0.06253782
India,IND,4/22/2024,0.06343981
India,IND,4/23/2024,0.06464246
India,IND,4/24/2024,0.06855107
India,IND,4/25/2024,0.0725599
India,IND,4/26/2024,0.07416344
India,IND,4/27/2024,0.07506543
India,IND,4/28/2024,0.07576697
India,IND,4/29/2024,0.076067634
India,IND,4/30/2024,0.082080886
India,IND,5/1/2024,0.08248177
India,IND,5/2/2024,0.08248177
India,IND,5/3/2024,0.084185526
India,IND,5/4/2024,0.08127912
India,IND,5/5/2024,0.08248177
India,IND,5/6/2024,0.08368442
India,IND,5/7/2024,0.078472935
India,IND,5/8/2024,0.07696962
India,IND,5/9/2024,0.07907426
India,IND,5/10/2024,0.07767117
India,IND,5/11/2024,0.078172274
India,IND,5/12/2024,0.07436388
India,IND,5/13/2024,0.07125703
India,IND,5/14/2024,0.071156815
India,IND,5/15/2024,0.069653496
India,IND,5/16/2024,0.06514356
India,IND,5/17/2024,0.06374047
India,IND,5/18/2024,0.06333958
India,IND,5/19/2024,0.062337376
India,IND,5/20/2024,0.06133517
India,IND,5/21/2024,0.060032297
India,IND,5/22/2024,0.055221695
India,IND,5/23/2024,0.051713966
India,IND,5/24/2024,0.047404468
India,IND,5/25/2024,0.042593867
India,IND,5/26/2024,0.03708172
India,IND,5/27/2024,0.035879068
India,IND,5/28/2024,0.03387465
India,IND,5/29/2024,0.03708172
India,IND,5/30/2024,0.037983708
India,IND,5/31/2024,0.035277743
India,IND,6/1/2024,0.03638017
India,IND,6/2/2024,0.03627995
India,IND,6/3/2024,0.034075093
India,IND,6/4/2024,0.032170895
India,IND,6/5/2024,0.026057424
India,IND,6/6/2024,0.023451682
India,IND,6/7/2024,0.022750136
India,IND,6/8/2024,0.019643288
India,IND,6/9/2024,0.016436221
India,IND,6/10/2024,0.0187413
India,IND,6/11/2024,0.015834896
India,IND,6/12/2024,0.013229154
India,IND,6/13/2024,0.009621203
India,IND,6/14/2024,0.006414135
India,IND,6/15/2024,0.003808393
India,IND,6/16/2024,0.003808393
India,IND,6/17/2024,0.021046381
India,IND,6/18/2024,0.021046381
India,IND,6/19/2024,0.021046381
India,IND,6/20/2024,0.021046381
India,IND,6/21/2024,0.021046381
India,IND,6/22/2024,0.021046381
India,IND,6/23/2024,0.021046381
India,IND,6/24/2024,0.033473767
India,IND,6/25/2024,0.033473767
India,IND,6/26/2024,0.033473767
India,IND,6/27/2024,0.033473767
India,IND,6/28/2024,0.033473767
India,IND,6/29/2024,0.033473767
India,IND,6/30/2024,0.033473767
India,IND,7/1/2024,0.013429595
India,IND,7/2/2024,0.013429595
India,IND,7/3/2024,0.013429595
India,IND,7/4/2024,0.013429595
India,IND,7/5/2024,0.013429595
India,IND,7/6/2024,0.013429595
India,IND,7/7/2024,0.013429595
India,IND,7/8/2024,0
India,IND,7/9/2024,0
India,IND,7/10/2024,0
India,IND,7/11/2024,0
India,IND,7/12/2024,0
India,IND,7/13/2024,0
India,IND,7/14/2024,0
India,IND,7/15/2024,0
India,IND,7/16/2024,0
India,IND,7/17/2024,0
India,IND,7/18/2024,0.044097178
India,IND,7/19/2024,0.044097178
India,IND,7/20/2024,0.044097178
India,IND,7/21/2024,0.044097178
India,IND,7/22/2024,0.068450846
India,IND,7/23/2024,0.068450846
India,IND,7/24/2024,0.068450846
India,IND,7/25/2024,0.02435367
India,IND,7/26/2024,0.02435367
India,IND,7/27/2024,0.02435367
India,IND,7/28/2024,0.02435367
India,IND,7/29/2024,0.03136913
India,IND,7/30/2024,0.03136913
India,IND,7/31/2024,0.03136913
India,IND,8/1/2024,0.03136913
India,IND,8/2/2024,0.03136913
India,IND,8/3/2024,0.03136913
India,IND,8/4/2024,0.03136913
India,IND,8/5/2024,0.030667584
India,IND,8/6/2024,0.030667584
India,IND,8/7/2024,0.030667584
India,IND,8/8/2024,0.030667584
India,IND,8/9/2024,0.030667584
India,IND,8/10/2024,0.030667584
India,IND,8/11/2024,0.030667584
India,IND,8/12/2024,0.02665875
India,IND,8/13/2024,0.02665875
India,IND,8/14/2024,0.02665875
India,IND,8/15/2024,0.02665875
India,IND,8/16/2024,0.02665875
India,IND,8/17/2024,0.02665875
India,IND,8/18/2024,0.02665875
India,IND,8/19/2024,0.020044172
India,IND,8/20/2024,0.020044172
India,IND,8/21/2024,0.020044172
India,IND,8/22/2024,0.020044172
India,IND,8/23/2024,0.020044172
India,IND,8/24/2024,0.020044172
India,IND,8/25/2024,0.020044172
India,IND,8/26/2024,0.028262284
India,IND,8/27/2024,0.028262284
India,IND,8/28/2024,0.028262284
India,IND,8/29/2024,0.028262284
India,IND,8/30/2024,0.028262284
India,IND,8/31/2024,0.028262284
India,IND,9/1/2024,0.028262284
India,IND,9/2/2024,0.023551902
India,IND,9/3/2024,0.023551902
India,IND,9/4/2024,0.023551902
India,IND,9/5/2024,0.023551902
India,IND,9/6/2024,0.023551902
India,IND,9/7/2024,0.023551902
India,IND,9/8/2024,0.023551902
India,IND,9/9/2024,0.019041963
India,IND,9/10/2024,0.019041963
India,IND,9/11/2024,0.019041963
India,IND,9/12/2024,0.019041963
India,IND,9/13/2024,0.019041963
India,IND,9/14/2024,0.019041963
India,IND,9/15/2024,0.019041963
India,IND,9/16/2024,0.018841522
India,IND,9/17/2024,0.018841522
India,IND,9/18/2024,0.018841522
India,IND,9/19/2024,0.018841522
India,IND,9/20/2024,0.018841522
India,IND,9/21/2024,0.018841522
India,IND,9/22/2024,0.018841522
India,IND,9/23/2024,0.019041963
India,IND,9/24/2024,0.019041963
India,IND,9/25/2024,0.019041963
India,IND,9/26/2024,0.019041963
India,IND,9/27/2024,0.019041963
India,IND,9/28/2024,0.019041963
India,IND,9/29/2024,0.019041963
India,IND,9/30/2024,0.0187413
India,IND,10/1/2024,0.0187413
India,IND,10/2/2024,0.0187413
India,IND,10/3/2024,0.0187413
India,IND,10/4/2024,0.0187413
India,IND,10/5/2024,0.0187413
India,IND,10/6/2024,0.0187413
India,IND,10/7/2024,0.015634455
India,IND,10/8/2024,0.015634455
India,IND,10/9/2024,0.015634455
India,IND,10/10/2024,0.015634455
India,IND,10/11/2024,0.015634455
India,IND,10/12/2024,0.015634455
India,IND,10/13/2024,0.015634455
India,IND,10/14/2024,0.013329375
India,IND,10/15/2024,0.013329375
India,IND,10/16/2024,0.013329375
India,IND,10/17/2024,0.013329375
India,IND,10/18/2024,0.013329375
India,IND,10/19/2024,0.013329375
India,IND,10/20/2024,0.013329375
India,IND,10/21/2024,0.011525399
India,IND,10/22/2024,0.011525399
India,IND,10/23/2024,0.011525399
India,IND,10/24/2024,0.011525399
India,IND,10/25/2024,0.011525399
India,IND,10/26/2024,0.011525399
India,IND,10/27/2024,0.011525399
India,IND,10/28/2024,0.008518773
India,IND,10/29/2024,0.008518773
India,IND,10/30/2024,0.008518773
India,IND,10/31/2024,0.008518773
India,IND,11/1/2024,0.008518773
India,IND,11/2/2024,0.008518773
India,IND,11/3/2024,0.008518773
India,IND,11/4/2024,0.006514356
India,IND,11/5/2024,0.006514356
India,IND,11/6/2024,0.006514356
India,IND,11/7/2024,0.006514356
India,IND,11/8/2024,0.006514356
India,IND,11/9/2024,0.006514356
India,IND,11/10/2024,0.006514356
India,IND,11/11/2024,0.006213693
India,IND,11/12/2024,0.006213693
India,IND,11/13/2024,0.006213693
India,IND,11/14/2024,0.006213693
India,IND,11/15/2024,0.006213693
India,IND,11/16/2024,0.006213693
India,IND,11/17/2024,0.006213693
India,IND,11/18/2024,0.004810602
India,IND,11/19/2024,0.004810602
India,IND,11/20/2024,0.004810602
India,IND,11/21/2024,0.004810602
India,IND,11/22/2024,0.004810602
India,IND,11/23/2024,0.004810602
India,IND,11/24/2024,0.004810602
India,IND,11/25/2024,0.002906405
India,IND,11/26/2024,0.002906405
India,IND,11/27/2024,0.002906405
India,IND,11/28/2024,0.002906405
India,IND,11/29/2024,0.002906405
India,IND,11/30/2024,0.002906405
India,IND,12/1/2024,0.002906405
India,IND,12/2/2024,0.003607951
India,IND,12/3/2024,0.003607951
India,IND,12/4/2024,0.003607951
India,IND,12/5/2024,0.003607951
India,IND,12/6/2024,0.003607951
India,IND,12/7/2024,0.003607951
India,IND,12/8/2024,0.003607951
India,IND,12/9/2024,0.00110243
India,IND,12/10/2024,0.00110243
India,IND,12/11/2024,0.00110243
India,IND,12/12/2024,0.00110243
India,IND,12/13/2024,0.00110243
India,IND,12/14/2024,0.00110243
India,IND,12/15/2024,0.00110243
India,IND,12/16/2024,0.001703755
India,IND,12/17/2024,0.001703755
India,IND,12/18/2024,0.001703755
India,IND,12/19/2024,0.001703755
India,IND,12/20/2024,0.001703755
India,IND,12/21/2024,0.001703755
India,IND,12/22/2024,0.001703755
India,IND,12/23/2024,0
India,IND,12/24/2024,0
India,IND,12/25/2024,0
India,IND,12/26/2024,0
India,IND,12/27/2024,0
India,IND,12/28/2024,0
India,IND,12/29/2024,0
India,IND,12/30/2024,0.002405301
India,IND,12/31/2024,0.002405301
India,IND,1/1/2025,0.002405301
India,IND,1/2/2025,0.002405301
India,IND,1/3/2025,0.002405301
India,IND,1/4/2025,0.002405301
India,IND,1/5/2025,0.002405301
India,IND,1/6/2025,0
India,IND,1/7/2025,0.000601325
India,IND,1/8/2025,0.000601325
India,IND,1/9/2025,0.000601325
India,IND,1/10/2025,0.000601325
India,IND,1/11/2025,0.000601325
India,IND,1/12/2025,0.000601325
India,IND,1/13/2025,0.000601325
India,IND,1/14/2025,0.000701546
India,IND,1/15/2025,0.000701546
India,IND,1/16/2025,0.000701546
India,IND,1/17/2025,0.000701546
India,IND,1/18/2025,0.000701546
India,IND,1/19/2025,0.000701546
India,IND,1/20/2025,0.000701546
India,IND,1/21/2025,0.001302871
India,IND,1/22/2025,0.001302871
India,IND,1/23/2025,0.001302871
India,IND,1/24/2025,0.001302871
India,IND,1/25/2025,0.001302871
India,IND,1/26/2025,0.001302871
India,IND,1/27/2025,0.001302871
India,IND,1/28/2025,0.000300663
India,IND,1/29/2025,0.000300663
India,IND,1/30/2025,0.000300663
India,IND,1/31/2025,0.000300663
India,IND,2/1/2025,0.000300663
India,IND,2/2/2025,0.000300663
India,IND,2/3/2025,0.000300663
India,IND,2/4/2025,0.000501104
India,IND,2/5/2025,0.000501104
India,IND,2/6/2025,0.000501104
India,IND,2/7/2025,0.000501104
India,IND,2/8/2025,0.000501104
India,IND,2/9/2025,0.000501104
India,IND,2/10/2025,0.000501104
India,IND,2/11/2025,0
India,IND,2/12/2025,0
India,IND,2/13/2025,0
India,IND,2/14/2025,0
India,IND,2/15/2025,0
India,IND,2/16/2025,0
India,IND,2/17/2025,0
India,IND,2/18/2025,0.000701546
India,IND,2/19/2025,0.000701546
India,IND,2/20/2025,0.000701546
India,IND,2/21/2025,0.000701546
India,IND,2/22/2025,0.000701546
India,IND,2/23/2025,0.000701546
India,IND,2/24/2025,0.000701546
India,IND,2/25/2025,0
India,IND,2/26/2025,0
India,IND,2/27/2025,0
India,IND,2/28/2025,0
India,IND,3/1/2025,0
India,IND,3/2/2025,0
India,IND,3/3/2025,0
India,IND,3/4/2025,0.000701546
India,IND,3/5/2025,0.000701546
India,IND,3/6/2025,0.000701546
India,IND,3/7/2025,0.000701546
India,IND,3/8/2025,0.000701546
India,IND,3/9/2025,0.000701546
India,IND,3/10/2025,0.000701546
India,IND,3/11/2025,0.000701546
India,IND,3/12/2025,0.000701546
India,IND,3/13/2025,0.000701546
India,IND,3/14/2025,0.000701546
India,IND,3/15/2025,0.000701546
India,IND,3/16/2025,0.000701546
India,IND,3/17/2025,0.000701546
India,IND,3/18/2025,0.000601325
India,IND,3/19/2025,0.000601325
India,IND,3/20/2025,0.000601325
India,IND,3/21/2025,0.000601325
India,IND,3/22/2025,0.000601325
India,IND,3/23/2025,0.000601325
India,IND,3/24/2025,0.000601325
India,IND,3/25/2025,0.000200442
India,IND,3/26/2025,0.000200442
India,IND,3/27/2025,0.000200442
India,IND,3/28/2025,0.000200442
India,IND,3/29/2025,0.000200442
India,IND,3/30/2025,0.000200442
India,IND,3/31/2025,0.000200442
India,IND,4/1/2025,0.000701546
India,IND,4/2/2025,0.000701546
India,IND,4/3/2025,0.000701546
India,IND,4/4/2025,0.000701546
India,IND,4/5/2025,0.000701546
India,IND,4/6/2025,0.000701546
India,IND,4/7/2025,0.000701546
India,IND,4/8/2025,0.000801767
India,IND,4/9/2025,0.000801767
India,IND,4/10/2025,0.000801767
India,IND,4/11/2025,0.000801767
India,IND,4/12/2025,0.000801767
India,IND,4/13/2025,0.000801767
India,IND,4/14/2025,0.000801767
India,IND,4/15/2025,0.00110243
India,IND,4/16/2025,0.00110243
India,IND,4/17/2025,0.00110243
India,IND,4/18/2025,0.00110243
India,IND,4/19/2025,0.00110243
India,IND,4/20/2025,0.00110243
India,IND,4/21/2025,0.00110243
India,IND,4/22/2025,0.000601325
India,IND,4/23/2025,0.000601325
India,IND,4/24/2025,0.000601325
India,IND,4/25/2025,0.000601325
India,IND,4/26/2025,0.000601325
India,IND,4/27/2025,0.000601325
India,IND,4/28/2025,0.000601325
India,IND,4/29/2025,0.008318331
India,IND,4/30/2025,0.008318331
India,IND,5/1/2025,0.008318331
India,IND,5/2/2025,0.008318331
India,IND,5/3/2025,0.008318331
India,IND,5/4/2025,0.008318331
India,IND,5/5/2025,0.008318331
India,IND,5/6/2025,0.00350773
India,IND,5/7/2025,0.00350773
India,IND,5/8/2025,0.00350773
India,IND,5/9/2025,0.00350773
India,IND,5/10/2025,0.00350773
India,IND,5/11/2025,0.00350773
India,IND,5/12/2025,0.00350773
India,IND,5/13/2025,0.010022086
India,IND,5/14/2025,0.010022086
India,IND,5/15/2025,0.010022086
India,IND,5/16/2025,0.010022086
India,IND,5/17/2025,0.010022086
India,IND,5/18/2025,0.010022086
India,IND,5/19/2025,0.010022086
India,IND,5/20/2025,0.027761178
India,IND,5/21/2025,0.027761178
India,IND,5/22/2025,0.027761178
India,IND,5/23/2025,0.027761178
India,IND,5/24/2025,0.027761178
India,IND,5/25/2025,0.027761178
India,IND,5/26/2025,0.027761178
India,IND,5/27/2025,0.50360984
India,IND,5/28/2025,0.50360984
India,IND,5/29/2025,0.50360984
India,IND,5/30/2025,0.50360984
India,IND,5/31/2025,0.50360984
India,IND,6/1/2025,0.50360984
India,IND,6/2/2025,0.50360984
India,IND,6/3/2025,0.28983873
India,IND,6/4/2025,0.28983873
India,IND,6/5/2025,0.28983873
India,IND,6/6/2025,0.28983873
India,IND,6/7/2025,0.28983873
India,IND,6/8/2025,0.28983873
India,IND,6/9/2025,0.28983873
India,IND,6/10/2025,0.16085449
India,IND,6/11/2025,0.16085449
India,IND,6/12/2025,0.16085449
India,IND,6/13/2025,0.16085449
India,IND,6/14/2025,0.16085449
India,IND,6/15/2025,0.16085449
India,IND,6/16/2025,0.16085449
India,IND,6/17/2025,0.061936494
India,IND,6/18/2025,0.061936494
India,IND,6/19/2025,0.061936494
India,IND,6/20/2025,0.061936494
India,IND,6/21/2025,0.061936494
India,IND,6/22/2025,0.061936494
India,IND,6/23/2025,0.061936494
India,IND,6/24/2025,0.007817227
India,IND,6/25/2025,0.007817227
India,IND,6/26/2025,0.007817227
India,IND,6/27/2025,0.007817227
India,IND,6/28/2025,0.007817227
India,IND,6/29/2025,0.007817227
India,IND,6/30/2025,0.007817227
India,IND,7/1/2025,0.011124516
India,IND,7/2/2025,0.011124516
India,IND,7/3/2025,0.011124516
India,IND,7/4/2025,0.011124516
India,IND,7/5/2025,0.011124516
India,IND,7/6/2025,0.011124516
India,IND,7/7/2025,0.011124516
India,IND,7/8/2025,0.010523191
India,IND,7/9/2025,0.010523191
India,IND,7/10/2025,0.010523191
India,IND,7/11/2025,0.010523191
India,IND,7/12/2025,0.010523191
India,IND,7/13/2025,0.010523191
India,IND,7/14/2025,0.010523191
India,IND,7/15/2025,0.01162562
India,IND,7/16/2025,0.01162562
India,IND,7/17/2025,0.01162562
India,IND,7/18/2025,0.01162562
India,IND,7/19/2025,0.01162562
India,IND,7/20/2025,0.01162562
India,IND,7/21/2025,0.01162562
India,IND,7/22/2025,0.011024294
India,IND,7/23/2025,0.011024294
India,IND,7/24/2025,0.011024294
India,IND,7/25/2025,0.011024294
India,IND,7/26/2025,0.011024294
India,IND,7/27/2025,0.011024294
India,IND,7/28/2025,0.011024294
India,IND,7/29/2025,0.008919656
India,IND,7/30/2025,0.008919656
India,IND,7/31/2025,0.008919656
India,IND,8/1/2025,0.008919656
India,IND,8/2/2025,0.008919656
India,IND,8/3/2025,0.008919656
India,IND,8/4/2025,0.008919656
India,IND,8/5/2025,0.004209276
India,IND,8/6/2025,0.004209276
India,IND,8/7/2025,0.004209276
India,IND,8/8/2025,0.004209276
India,IND,8/9/2025,0.004209276
India,IND,8/10/2025,0.004209276
India,IND,8/11/2025,0.004209276
India,IND,8/12/2025,0.003708172
India,IND,8/13/2025,0.003708172
India,IND,8/14/2025,0.003708172
India,IND,8/15/2025,0.003708172
India,IND,8/16/2025,0.003708172
India,IND,8/17/2025,0.003708172
India,IND,8/18/2025,0.003708172
India,IND,8/19/2025,0.004810602
India,IND,8/20/2025,0.004810602
India,IND,8/21/2025,0.004810602
India,IND,8/22/2025,0.004810602
India,IND,8/23/2025,0.004810602
India,IND,8/24/2025,0.004810602
India,IND,8/25/2025,0.004810602
India,IND,8/26/2025,0.003407509
India,IND,8/27/2025,0.003407509
India,IND,8/28/2025,0.003407509
India,IND,8/29/2025,0.003407509
India,IND,8/30/2025,0.003407509
India,IND,8/31/2025,0.003407509
India,IND,9/1/2025,0.003407509
India,IND,9/2/2025,0.001603534
India,IND,9/3/2025,0.001603534
India,IND,9/4/2025,0.001603534
India,IND,9/5/2025,0.001603534
India,IND,9/6/2025,0.001603534
India,IND,9/7/2025,0.001603534
India,IND,9/8/2025,0.001603534
India,IND,9/9/2025,0.001803976
India,IND,9/10/2025,0.001803976
India,IND,9/11/2025,0.001803976
India,IND,9/12/2025,0.001803976
India,IND,9/13/2025,0.001803976
India,IND,9/14/2025,0.001803976
India,IND,9/15/2025,0.001803976
India,IND,9/16/2025,0.001002209
India,IND,9/17/2025,0.001002209
India,IND,9/18/2025,0.001002209
India,IND,9/19/2025,0.001002209
India,IND,9/20/2025,0.001002209
India,IND,9/21/2025,0.001002209
India,IND,9/22/2025,0.001002209
India,IND,9/23/2025,0
India,IND,9/24/2025,0
India,IND,9/25/2025,0
India,IND,9/26/2025,0
India,IND,9/27/2025,0
India,IND,9/28/2025,0
India,IND,9/29/2025,0
India,IND,9/30/2025,0.000901988
India,IND,10/1/2025,0.000901988
India,IND,10/2/2025,0.000901988
India,IND,10/3/2025,0.000901988
India,IND,10/4/2025,0.000901988
India,IND,10/5/2025,0.000901988
India,IND,10/6/2025,0.000901988
India,IND,10/7/2025,0.000501104
India,IND,10/8/2025,0.000501104
India,IND,10/9/2025,0.000501104
India,IND,10/10/2025,0.000501104
India,IND,10/11/2025,0.000501104
India,IND,10/12/2025,0.000501104
India,IND,10/13/2025,0.000501104
India,IND,10/14/2025,0.000501104
India,IND,10/15/2025,0.000501104
India,IND,10/16/2025,0.000501104
India,IND,10/17/2025,0.000501104
India,IND,10/18/2025,0.000501104
India,IND,10/19/2025,0.000501104
India,IND,10/20/2025,0.000501104
India,IND,10/21/2025,0.005311706
India,IND,10/22/2025,0.005311706
India,IND,10/23/2025,0.005311706
India,IND,10/24/2025,0.005311706
India,IND,10/25/2025,0.005311706
India,IND,10/26/2025,0.005311706
India,IND,10/27/2025,0.005311706
India,IND,10/28/2025,0.000300663
India,IND,10/29/2025,0.000300663
India,IND,10/30/2025,0.000300663
India,IND,10/31/2025,0.000300663
India,IND,11/1/2025,0.000300663
India,IND,11/2/2025,0.000300663
India,IND,11/3/2025,0.000300663
India,IND,11/4/2025,0
India,IND,11/5/2025,0
India,IND,11/6/2025,0
India,IND,11/7/2025,0
India,IND,11/8/2025,0
India,IND,11/9/2025,0
India,IND,11/10/2025,0
India,IND,11/11/2025,0
India,IND,11/12/2025,0
India,IND,11/13/2025,0
India,IND,11/14/2025,0
India,IND,11/15/2025,0
India,IND,11/16/2025,0
India,IND,11/17/2025,0
India,IND,11/18/2025,0.000300663
India,IND,11/19/2025,0.000300663
India,IND,11/20/2025,0.000300663
India,IND,11/21/2025,0.000300663
India,IND,11/22/2025,0.000300663
India,IND,11/23/2025,0.000300663
India,IND,11/24/2025,0.000300663
India,IND,11/25/2025,0.000200442
India,IND,11/26/2025,0.000200442
India,IND,11/27/2025,0.000200442
India,IND,11/28/2025,0.000200442
India,IND,11/29/2025,0.000200442
India,IND,11/30/2025,0.000200442
India,IND,12/1/2025,0.000200442
India,IND,12/2/2025,0.000400883
India,IND,12/3/2025,0.000400883
India,IND,12/4/2025,0.000400883
India,IND,12/5/2025,0.000400883
India,IND,12/6/2025,0.000400883
India,IND,12/7/2025,0.000400883
India,IND,12/8/2025,0.000400883
India,IND,12/9/2025,0.000200442
India,IND,12/10/2025,0.000200442
India,IND,12/11/2025,0.000200442
India,IND,12/12/2025,0.000200442
India,IND,12/13/2025,0.000200442
India,IND,12/14/2025,0.000200442
India,IND,12/15/2025,0.000200442
India,IND,12/16/2025,0.000300663
India,IND,12/17/2025,0.000300663
India,IND,12/18/2025,0.000300663
India,IND,12/19/2025,0.000300663
India,IND,12/20/2025,0.000300663
India,IND,12/21/2025,0.000300663
India,IND,12/22/2025,0.000300663
India,IND,12/23/2025,0
India,IND,12/24/2025,0
India,IND,12/25/2025,0
India,IND,12/26/2025,0
India,IND,12/27/2025,0
India,IND,12/28/2025,0
India,IND,12/29/2025,0
India,IND,12/30/2025,0
India,IND,12/31/2025,0
India,IND,1/1/2026,0
India,IND,1/2/2026,0
India,IND,1/3/2026,0
India,IND,1/4/2026,0
India,IND,1/5/2026,0
India,IND,1/6/2026,0
India,IND,1/7/2026,0
India,IND,1/8/2026,0
India,IND,1/9/2026,0
India,IND,1/10/2026,0
India,IND,1/11/2026,0
India,IND,1/12/2026,0
India,IND,1/13/2026,0.000601325
India,IND,1/14/2026,0.000601325
India,IND,1/15/2026,0.000601325
India,IND,1/16/2026,0.000601325
India,IND,1/17/2026,0.000601325
India,IND,1/18/2026,0.000601325
India,IND,1/19/2026,0.000601325
India,IND,1/20/2026,0.000300663
India,IND,1/21/2026,0.000300663
India,IND,1/22/2026,0.000300663
India,IND,1/23/2026,0.000300663
India,IND,1/24/2026,0.000300663
India,IND,1/25/2026,0.000300663
India,IND,1/26/2026,0.000300663
India,IND,1/27/2026,0.000601325
India,IND,1/28/2026,0.000601325
India,IND,1/29/2026,0.000601325
India,IND,1/30/2026,0.000601325
India,IND,1/31/2026,0.000601325
India,IND,2/1/2026,0.000601325
India,IND,2/2/2026,0.000601325
India,IND,2/3/2026,0
India,IND,2/4/2026,0
India,IND,2/5/2026,0
India,IND,2/6/2026,0
India,IND,2/7/2026,0
India,IND,2/8/2026,0
India,IND,2/9/2026,0
India,IND,2/10/2026,0
India,IND,2/11/2026,0
India,IND,2/12/2026,0
India,IND,2/13/2026,0
India,IND,2/14/2026,0
India,IND,2/15/2026,0
India,IND,2/16/2026,0
India,IND,2/17/2026,0
India,IND,2/18/2026,0
India,IND,2/19/2026,0
India,IND,2/20/2026,0
India,IND,2/21/2026,0
India,IND,2/22/2026,0
India,IND,2/23/2026,0
India,IND,2/24/2026,0
India,IND,2/25/2026,0
India,IND,2/26/2026,0
India,IND,2/27/2026,0
India,IND,2/28/2026,0
India,IND,3/1/2026,0
India,IND,3/2/2026,0
India,IND,3/3/2026,0
India,IND,3/4/2026,0
India,IND,3/5/2026,0
India,IND,3/6/2026,0
India,IND,3/7/2026,0
India,IND,3/8/2026,0
India,IND,3/9/2026,0
India,IND,3/10/2026,0
India,IND,3/11/2026,0
India,IND,3/12/2026,0
India,IND,3/13/2026,0
India,IND,3/14/2026,0
India,IND,3/15/2026,0
India,IND,3/16/2026,0
India,IND,3/17/2026,0
India,IND,3/18/2026,0
India,IND,3/19/2026,0
India,IND,3/20/2026,0
India,IND,3/21/2026,0
India,IND,3/22/2026,0
India,IND,3/23/2026,0
India,IND,3/24/2026,0
India,IND,3/25/2026,0
India,IND,3/26/2026,0
India,IND,3/27/2026,0
India,IND,3/28/2026,0
India,IND,3/29/2026,0
India,IND,3/30/2026,0
India,IND,3/31/2026,0
India,IND,4/1/2026,0
India,IND,4/2/2026,0
India,IND,4/3/2026,0
India,IND,4/4/2026,0
India,IND,4/5/2026,0
India,IND,4/6/2026,0
India,IND,4/7/2026,0
India,IND,4/8/2026,0
India,IND,4/9/2026,0
India,IND,4/10/2026,0
India,IND,4/11/2026,0
India,IND,4/12/2026,0
India,IND,4/13/2026,0
India,IND,4/14/2026,0
India,IND,4/15/2026,0
India,IND,4/16/2026,0
India,IND,4/17/2026,0
India,IND,4/18/2026,0
India,IND,4/19/2026,0
India,IND,4/20/2026,0
India,IND,4/21/2026,0
India,IND,4/22/2026,0
India,IND,4/23/2026,0
India,IND,4/24/2026,0
India,IND,4/25/2026,0
India,IND,4/26/2026,0
United Kingdom,GBR,3/1/2020,0.0691454
United Kingdom,GBR,3/2/2020,0.07752666
United Kingdom,GBR,3/3/2020,0.10686107
United Kingdom,GBR,3/4/2020,0.18857835
United Kingdom,GBR,3/5/2020,0.30382067
United Kingdom,GBR,3/6/2020,0.4169677
United Kingdom,GBR,3/7/2020,0.5028756
United Kingdom,GBR,3/8/2020,0.651643
United Kingdom,GBR,3/9/2020,0.7857431
United Kingdom,GBR,3/10/2020,0.8590792
United Kingdom,GBR,3/11/2020,1.0832778
United Kingdom,GBR,3/12/2020,1.5170081
United Kingdom,GBR,3/13/2020,2.2440825
United Kingdom,GBR,3/14/2020,3.1555445
United Kingdom,GBR,3/15/2020,3.9831939
United Kingdom,GBR,3/16/2020,4.5782633
United Kingdom,GBR,3/17/2020,5.387055
United Kingdom,GBR,3/18/2020,6.338328
United Kingdom,GBR,3/19/2020,7.4237013
United Kingdom,GBR,3/20/2020,8.641079
United Kingdom,GBR,3/21/2020,9.806074
United Kingdom,GBR,3/22/2020,11.429943
United Kingdom,GBR,3/23/2020,13.17115
United Kingdom,GBR,3/24/2020,15.09884
United Kingdom,GBR,3/25/2020,18.633636
United Kingdom,GBR,3/26/2020,21.92328
United Kingdom,GBR,3/27/2020,25.447601
United Kingdom,GBR,3/28/2020,29.636135
United Kingdom,GBR,3/29/2020,33.621426
United Kingdom,GBR,3/30/2020,36.95507
United Kingdom,GBR,3/31/2020,40.007946
United Kingdom,GBR,4/1/2020,44.001614
United Kingdom,GBR,4/2/2020,48.42273
United Kingdom,GBR,4/3/2020,53.084805
United Kingdom,GBR,4/4/2020,56.824944
United Kingdom,GBR,4/5/2020,60.38279
United Kingdom,GBR,4/6/2020,62.901356
United Kingdom,GBR,4/7/2020,64.4477
United Kingdom,GBR,4/8/2020,66.70645
United Kingdom,GBR,4/9/2020,68.8311
United Kingdom,GBR,4/10/2020,69.3654
United Kingdom,GBR,4/11/2020,69.47227
United Kingdom,GBR,4/12/2020,68.37013
United Kingdom,GBR,4/13/2020,67.55086
United Kingdom,GBR,4/14/2020,67.44819
United Kingdom,GBR,4/15/2020,65.20621
United Kingdom,GBR,4/16/2020,62.813354
United Kingdom,GBR,4/17/2020,62.65411
United Kingdom,GBR,4/18/2020,63.527855
United Kingdom,GBR,4/19/2020,64.88981
United Kingdom,GBR,4/20/2020,67.31828
United Kingdom,GBR,4/21/2020,68.10193
United Kingdom,GBR,4/22/2020,68.60062
United Kingdom,GBR,4/23/2020,69.56655
United Kingdom,GBR,4/24/2020,70.50316
United Kingdom,GBR,4/25/2020,70.23915
United Kingdom,GBR,4/26/2020,70.20563
United Kingdom,GBR,4/27/2020,68.13755
United Kingdom,GBR,4/28/2020,67.28895
United Kingdom,GBR,4/29/2020,67.91335
United Kingdom,GBR,4/30/2020,67.752014
United Kingdom,GBR,5/1/2020,67.576004
United Kingdom,GBR,5/2/2020,67.14646
United Kingdom,GBR,5/3/2020,66.73788
United Kingdom,GBR,5/4/2020,65.692314
United Kingdom,GBR,5/5/2020,64.699135
United Kingdom,GBR,5/6/2020,61.88932
United Kingdom,GBR,5/7/2020,59.72486
United Kingdom,GBR,5/8/2020,56.37026
United Kingdom,GBR,5/9/2020,53.91036
United Kingdom,GBR,5/10/2020,50.344135
United Kingdom,GBR,5/11/2020,48.06443
United Kingdom,GBR,5/12/2020,46.671047
United Kingdom,GBR,5/13/2020,47.119446
United Kingdom,GBR,5/14/2020,46.541138
United Kingdom,GBR,5/15/2020,45.48929
United Kingdom,GBR,5/16/2020,43.06501
United Kingdom,GBR,5/17/2020,41.94611
United Kingdom,GBR,5/18/2020,41.761723
United Kingdom,GBR,5/19/2020,40.714066
United Kingdom,GBR,5/20/2020,38.553795
United Kingdom,GBR,5/21/2020,37.82672
United Kingdom,GBR,5/22/2020,36.546486
United Kingdom,GBR,5/23/2020,36.41448
United Kingdom,GBR,5/24/2020,35.423397
United Kingdom,GBR,5/25/2020,34.270973
United Kingdom,GBR,5/26/2020,33.298748
United Kingdom,GBR,5/27/2020,31.295626
United Kingdom,GBR,5/28/2020,29.214977
United Kingdom,GBR,5/29/2020,27.341766
United Kingdom,GBR,5/30/2020,25.64456
United Kingdom,GBR,5/31/2020,24.542425
United Kingdom,GBR,6/1/2020,23.704298
United Kingdom,GBR,6/2/2020,23.090372
United Kingdom,GBR,6/3/2020,22.700644
United Kingdom,GBR,6/4/2020,21.489552
United Kingdom,GBR,6/5/2020,20.534088
United Kingdom,GBR,6/6/2020,19.469667
United Kingdom,GBR,6/7/2020,18.614779
United Kingdom,GBR,6/8/2020,17.927515
United Kingdom,GBR,6/9/2020,17.177393
United Kingdom,GBR,6/10/2020,16.464985
United Kingdom,GBR,6/11/2020,15.779818
United Kingdom,GBR,6/12/2020,15.417328
United Kingdom,GBR,6/13/2020,14.922833
United Kingdom,GBR,6/14/2020,14.776161
United Kingdom,GBR,6/15/2020,14.947977
United Kingdom,GBR,6/16/2020,15.16589
United Kingdom,GBR,6/17/2020,15.052743
United Kingdom,GBR,6/18/2020,14.922833
United Kingdom,GBR,6/19/2020,14.547772
United Kingdom,GBR,6/20/2020,14.56663
United Kingdom,GBR,6/21/2020,14.440911
United Kingdom,GBR,6/22/2020,14.015562
United Kingdom,GBR,6/23/2020,13.617453
United Kingdom,GBR,6/24/2020,13.311537
United Kingdom,GBR,6/25/2020,12.850567
United Kingdom,GBR,6/26/2020,12.347692
United Kingdom,GBR,6/27/2020,11.727478
United Kingdom,GBR,6/28/2020,11.04231
United Kingdom,GBR,6/29/2020,10.979451
United Kingdom,GBR,6/30/2020,10.587626
United Kingdom,GBR,7/1/2020,10.220946
United Kingdom,GBR,7/2/2020,9.676165
United Kingdom,GBR,7/3/2020,9.41425
United Kingdom,GBR,7/4/2020,9.162812
United Kingdom,GBR,7/5/2020,8.957472
United Kingdom,GBR,7/6/2020,8.4252615
United Kingdom,GBR,7/7/2020,8.653651
United Kingdom,GBR,7/8/2020,8.632698
United Kingdom,GBR,7/9/2020,8.603363
United Kingdom,GBR,7/10/2020,8.731177
United Kingdom,GBR,7/11/2020,8.974235
United Kingdom,GBR,7/12/2020,8.974235
United Kingdom,GBR,7/13/2020,9.097857
United Kingdom,GBR,7/14/2020,8.695558
United Kingdom,GBR,7/15/2020,8.750035
United Kingdom,GBR,7/16/2020,8.951186
United Kingdom,GBR,7/17/2020,9.085286
United Kingdom,GBR,7/18/2020,9.064333
United Kingdom,GBR,7/19/2020,9.093667
United Kingdom,GBR,7/20/2020,9.192147
United Kingdom,GBR,7/21/2020,9.363963
United Kingdom,GBR,7/22/2020,9.552541
United Kingdom,GBR,7/23/2020,9.726452
United Kingdom,GBR,7/24/2020,9.808169
United Kingdom,GBR,7/25/2020,10.00932
United Kingdom,GBR,7/26/2020,10.41162
United Kingdom,GBR,7/27/2020,10.464004
United Kingdom,GBR,7/28/2020,10.704965
United Kingdom,GBR,7/29/2020,10.786682
United Kingdom,GBR,7/30/2020,10.929163
United Kingdom,GBR,7/31/2020,11.444611
United Kingdom,GBR,8/1/2020,11.733764
United Kingdom,GBR,8/2/2020,11.57452
United Kingdom,GBR,8/3/2020,11.635284
United Kingdom,GBR,8/4/2020,11.63738
United Kingdom,GBR,8/5/2020,12.037585
United Kingdom,GBR,8/6/2020,12.477601
United Kingdom,GBR,8/7/2020,12.538365
United Kingdom,GBR,8/8/2020,12.87152
United Kingdom,GBR,8/9/2020,13.447732
United Kingdom,GBR,8/10/2020,13.764124
United Kingdom,GBR,8/11/2020,13.89613
United Kingdom,GBR,8/12/2020,14.815972
United Kingdom,GBR,8/13/2020,15.46971
United Kingdom,GBR,8/14/2020,15.786103
United Kingdom,GBR,8/15/2020,15.892964
United Kingdom,GBR,8/16/2020,16.337172
United Kingdom,GBR,8/17/2020,16.345552
United Kingdom,GBR,8/18/2020,16.293169
United Kingdom,GBR,8/19/2020,15.872011
United Kingdom,GBR,8/20/2020,15.323039
United Kingdom,GBR,8/21/2020,15.406852
United Kingdom,GBR,8/22/2020,16.12345
United Kingdom,GBR,8/23/2020,16.192595
United Kingdom,GBR,8/24/2020,16.460794
United Kingdom,GBR,8/25/2020,16.940622
United Kingdom,GBR,8/26/2020,16.944813
United Kingdom,GBR,8/27/2020,17.26749
United Kingdom,GBR,8/28/2020,17.489595
United Kingdom,GBR,8/29/2020,17.68446
United Kingdom,GBR,8/30/2020,18.55192
United Kingdom,GBR,8/31/2020,19.3649
United Kingdom,GBR,9/1/2020,20.077309
United Kingdom,GBR,9/2/2020,20.523611
United Kingdom,GBR,9/3/2020,22.656641
United Kingdom,GBR,9/4/2020,26.19563
United Kingdom,GBR,9/5/2020,29.466415
United Kingdom,GBR,9/6/2020,32.525574
United Kingdom,GBR,9/7/2020,35.293488
United Kingdom,GBR,9/8/2020,38.004826
United Kingdom,GBR,9/9/2020,43.071297
United Kingdom,GBR,9/10/2020,45.338425
United Kingdom,GBR,9/11/2020,45.941875
United Kingdom,GBR,9/12/2020,46.939247
United Kingdom,GBR,9/13/2020,47.42536
United Kingdom,GBR,9/14/2020,47.6747
United Kingdom,GBR,9/15/2020,47.02306
United Kingdom,GBR,9/16/2020,45.969116
United Kingdom,GBR,9/17/2020,46.34837
United Kingdom,GBR,9/18/2020,48.514923
United Kingdom,GBR,9/19/2020,50.708717
United Kingdom,GBR,9/20/2020,54.163895
United Kingdom,GBR,9/21/2020,58.813396
United Kingdom,GBR,9/22/2020,65.489075
United Kingdom,GBR,9/23/2020,70.09667
United Kingdom,GBR,9/24/2020,76.15213
United Kingdom,GBR,9/25/2020,81.80319
United Kingdom,GBR,9/26/2020,88.103806
United Kingdom,GBR,9/27/2020,93.01732
United Kingdom,GBR,9/28/2020,97.04242
United Kingdom,GBR,9/29/2020,100.56883
United Kingdom,GBR,9/30/2020,109.69603
United Kingdom,GBR,10/1/2020,117.920135
United Kingdom,GBR,10/2/2020,129.6979
United Kingdom,GBR,10/3/2020,141.58882
United Kingdom,GBR,10/4/2020,155.2838
United Kingdom,GBR,10/5/2020,165.46074
United Kingdom,GBR,10/6/2020,175.79065
United Kingdom,GBR,10/7/2020,189.97592
United Kingdom,GBR,10/8/2020,204.40007
United Kingdom,GBR,10/9/2020,216.67024
United Kingdom,GBR,10/10/2020,227.28929
United Kingdom,GBR,10/11/2020,231.56165
United Kingdom,GBR,10/12/2020,233.61714
United Kingdom,GBR,10/13/2020,234.13889
United Kingdom,GBR,10/14/2020,240.253
United Kingdom,GBR,10/15/2020,244.16287
United Kingdom,GBR,10/16/2020,246.98526
United Kingdom,GBR,10/17/2020,247.36452
United Kingdom,GBR,10/18/2020,251.60124
United Kingdom,GBR,10/19/2020,256.28217
United Kingdom,GBR,10/20/2020,260.7012
United Kingdom,GBR,10/21/2020,273.69424
United Kingdom,GBR,10/22/2020,287.3075
United Kingdom,GBR,10/23/2020,299.44775
United Kingdom,GBR,10/24/2020,309.64984
United Kingdom,GBR,10/25/2020,317.56805
United Kingdom,GBR,10/26/2020,320.81998
United Kingdom,GBR,10/27/2020,324.13895
United Kingdom,GBR,10/28/2020,326.09805
United Kingdom,GBR,10/29/2020,323.45377
United Kingdom,GBR,10/30/2020,319.65497
United Kingdom,GBR,10/31/2020,319.94623
United Kingdom,GBR,11/1/2020,322.4522
United Kingdom,GBR,11/2/2020,322.953
United Kingdom,GBR,11/3/2020,323.11014
United Kingdom,GBR,11/4/2020,333.83398
United Kingdom,GBR,11/5/2020,337.1697
United Kingdom,GBR,11/6/2020,337.43372
United Kingdom,GBR,11/7/2020,338.3745
United Kingdom,GBR,11/8/2020,339.9858
United Kingdom,GBR,11/9/2020,344.3713
United Kingdom,GBR,11/10/2020,353.3267
United Kingdom,GBR,11/11/2020,352.45712
United Kingdom,GBR,11/12/2020,356.32507
United Kingdom,GBR,11/13/2020,364.1406
United Kingdom,GBR,11/14/2020,365.73932
United Kingdom,GBR,11/15/2020,367.2668
United Kingdom,GBR,11/16/2020,366.12906
United Kingdom,GBR,11/17/2020,357.72476
United Kingdom,GBR,11/18/2020,348.17432
United Kingdom,GBR,11/19/2020,339.16235
United Kingdom,GBR,11/20/2020,325.16354
United Kingdom,GBR,11/21/2020,310.94684
United Kingdom,GBR,11/22/2020,295.67618
United Kingdom,GBR,11/23/2020,283.75385
United Kingdom,GBR,11/24/2020,274.66437
United Kingdom,GBR,11/25/2020,258.0527
United Kingdom,GBR,11/26/2020,243.7857
United Kingdom,GBR,11/27/2020,234.85548
United Kingdom,GBR,11/28/2020,227.98285
United Kingdom,GBR,11/29/2020,222.64818
United Kingdom,GBR,11/30/2020,219.61626
United Kingdom,GBR,12/1/2020,217.43085
United Kingdom,GBR,12/2/2020,215.7001
United Kingdom,GBR,12/3/2020,215.71059
United Kingdom,GBR,12/4/2020,215.42143
United Kingdom,GBR,12/5/2020,217.72418
United Kingdom,GBR,12/6/2020,220.40619
United Kingdom,GBR,12/7/2020,224.19243
United Kingdom,GBR,12/8/2020,230.22484
United Kingdom,GBR,12/9/2020,237.31956
United Kingdom,GBR,12/10/2020,246.49915
United Kingdom,GBR,12/11/2020,257.46393
United Kingdom,GBR,12/12/2020,272.24847
United Kingdom,GBR,12/13/2020,290.176
United Kingdom,GBR,12/14/2020,304.20413
United Kingdom,GBR,12/15/2020,322.08765
United Kingdom,GBR,12/16/2020,350.61115
United Kingdom,GBR,12/17/2020,378.50607
United Kingdom,GBR,12/18/2020,406.83057
United Kingdom,GBR,12/19/2020,430.97067
United Kingdom,GBR,12/20/2020,456.17523
United Kingdom,GBR,12/21/2020,468.7492
United Kingdom,GBR,12/22/2020,491.3786
United Kingdom,GBR,12/23/2020,518.60724
United Kingdom,GBR,12/24/2020,543.9543
United Kingdom,GBR,12/25/2020,559.688
United Kingdom,GBR,12/26/2020,555.4031
United Kingdom,GBR,12/27/2020,509.30612
United Kingdom,GBR,12/28/2020,541.8275
United Kingdom,GBR,12/29/2020,574.2085
United Kingdom,GBR,12/30/2020,570.47046
United Kingdom,GBR,12/31/2020,647.1904
United Kingdom,GBR,1/1/2021,708.426
United Kingdom,GBR,1/2/2021,753.5905
United Kingdom,GBR,1/3/2021,791.4382
United Kingdom,GBR,1/4/2021,834.4844
United Kingdom,GBR,1/5/2021,850.85925
United Kingdom,GBR,1/6/2021,916.9958
United Kingdom,GBR,1/7/2021,882.5236
United Kingdom,GBR,1/8/2021,854.4946
United Kingdom,GBR,1/9/2021,852.90216
United Kingdom,GBR,1/10/2021,885.63727
United Kingdom,GBR,1/11/2021,840.3387
United Kingdom,GBR,1/12/2021,800.1903
United Kingdom,GBR,1/13/2021,759.5831
United Kingdom,GBR,1/14/2021,726.07697
United Kingdom,GBR,1/15/2021,700.35693
United Kingdom,GBR,1/16/2021,680.001
United Kingdom,GBR,1/17/2021,666.06085
United Kingdom,GBR,1/18/2021,647.6535
United Kingdom,GBR,1/19/2021,631.7668
United Kingdom,GBR,1/20/2021,605.2925
United Kingdom,GBR,1/21/2021,584.08374
United Kingdom,GBR,1/22/2021,562.0347
United Kingdom,GBR,1/23/2021,539.04913
United Kingdom,GBR,1/24/2021,515.74506
United Kingdom,GBR,1/25/2021,497.08417
United Kingdom,GBR,1/26/2021,471.86075
United Kingdom,GBR,1/27/2021,439.97006
United Kingdom,GBR,1/28/2021,413.1605
United Kingdom,GBR,1/29/2021,392.87155
United Kingdom,GBR,1/30/2021,376.67688
United Kingdom,GBR,1/31/2021,360.13226
United Kingdom,GBR,2/1/2021,349.28482
United Kingdom,GBR,2/2/2021,345.57404
United Kingdom,GBR,2/3/2021,329.3039
United Kingdom,GBR,2/4/2021,313.66238
United Kingdom,GBR,2/5/2021,300.2754
United Kingdom,GBR,2/6/2021,287.11682
United Kingdom,GBR,2/7/2021,274.27884
United Kingdom,GBR,2/8/2021,264.12283
United Kingdom,GBR,2/9/2021,255.49223
United Kingdom,GBR,2/10/2021,241.29019
United Kingdom,GBR,2/11/2021,228.63449
United Kingdom,GBR,2/12/2021,216.03117
United Kingdom,GBR,2/13/2021,204.81285
United Kingdom,GBR,2/14/2021,196.98895
United Kingdom,GBR,2/15/2021,190.10583
United Kingdom,GBR,2/16/2021,184.51344
United Kingdom,GBR,2/17/2021,181.45638
United Kingdom,GBR,2/18/2021,178.7618
United Kingdom,GBR,2/19/2021,174.66127
United Kingdom,GBR,2/20/2021,171.84097
United Kingdom,GBR,2/21/2021,167.97511
United Kingdom,GBR,2/22/2021,166.4623
United Kingdom,GBR,2/23/2021,164.58281
United Kingdom,GBR,2/24/2021,158.13342
United Kingdom,GBR,2/25/2021,151.4787
United Kingdom,GBR,2/26/2021,144.9937
United Kingdom,GBR,2/27/2021,137.09647
United Kingdom,GBR,2/28/2021,128.82835
United Kingdom,GBR,3/1/2021,121.77971
United Kingdom,GBR,3/2/2021,115.022316
United Kingdom,GBR,3/3/2021,105.66673
United Kingdom,GBR,3/4/2021,99.70557
United Kingdom,GBR,3/5/2021,94.1006
United Kingdom,GBR,3/6/2021,89.72768
United Kingdom,GBR,3/7/2021,86.972336
United Kingdom,GBR,3/8/2021,86.299736
United Kingdom,GBR,3/9/2021,85.32961
United Kingdom,GBR,3/10/2021,84.69682
United Kingdom,GBR,3/11/2021,83.79584
United Kingdom,GBR,3/12/2021,83.959274
United Kingdom,GBR,3/13/2021,83.95089
United Kingdom,GBR,3/14/2021,84.474724
United Kingdom,GBR,3/15/2021,83.95718
United Kingdom,GBR,3/16/2021,83.98861
United Kingdom,GBR,3/17/2021,83.59679
United Kingdom,GBR,3/18/2021,82.28721
United Kingdom,GBR,3/19/2021,81.717285
United Kingdom,GBR,3/20/2021,81.08659
United Kingdom,GBR,3/21/2021,79.96141
United Kingdom,GBR,3/22/2021,79.68064
United Kingdom,GBR,3/23/2021,81.70262
United Kingdom,GBR,3/24/2021,81.19136
United Kingdom,GBR,3/25/2021,80.39724
United Kingdom,GBR,3/26/2021,80.91268
United Kingdom,GBR,3/27/2021,80.87916
United Kingdom,GBR,3/28/2021,79.594734
United Kingdom,GBR,3/29/2021,78.51355
United Kingdom,GBR,3/30/2021,77.75924
United Kingdom,GBR,3/31/2021,73.01754
United Kingdom,GBR,4/1/2021,69.44502
United Kingdom,GBR,4/2/2021,64.713806
United Kingdom,GBR,4/3/2021,60.644703
United Kingdom,GBR,4/4/2021,56.83123
United Kingdom,GBR,4/5/2021,54.268658
United Kingdom,GBR,4/6/2021,48.783123
United Kingdom,GBR,4/7/2021,45.740726
United Kingdom,GBR,4/8/2021,44.76431
United Kingdom,GBR,4/9/2021,43.27035
United Kingdom,GBR,4/10/2021,42.16612
United Kingdom,GBR,4/11/2021,42.597755
United Kingdom,GBR,4/12/2021,42.329556
United Kingdom,GBR,4/13/2021,42.254124
United Kingdom,GBR,4/14/2021,42.54118
United Kingdom,GBR,4/15/2021,40.827213
United Kingdom,GBR,4/16/2021,39.274586
United Kingdom,GBR,4/17/2021,37.594143
United Kingdom,GBR,4/18/2021,36.324383
United Kingdom,GBR,4/19/2021,34.945663
United Kingdom,GBR,4/20/2021,35.38149
United Kingdom,GBR,4/21/2021,35.08186
United Kingdom,GBR,4/22/2021,35.178246
United Kingdom,GBR,4/23/2021,35.588924
United Kingdom,GBR,4/24/2021,35.723026
United Kingdom,GBR,4/25/2021,35.037857
United Kingdom,GBR,4/26/2021,34.7068
United Kingdom,GBR,4/27/2021,33.732475
United Kingdom,GBR,4/28/2021,33.497803
United Kingdom,GBR,4/29/2021,32.7372
United Kingdom,GBR,4/30/2021,32.299282
United Kingdom,GBR,5/1/2021,31.92422
United Kingdom,GBR,5/2/2021,31.515633
United Kingdom,GBR,5/3/2021,31.241146
United Kingdom,GBR,5/4/2021,29.988148
United Kingdom,GBR,5/5/2021,28.852488
United Kingdom,GBR,5/6/2021,29.638231
United Kingdom,GBR,5/7/2021,29.784903
United Kingdom,GBR,5/8/2021,29.986053
United Kingdom,GBR,5/9/2021,30.315018
United Kingdom,GBR,5/10/2021,30.683794
United Kingdom,GBR,5/11/2021,32.33071
United Kingdom,GBR,5/12/2021,33.849815
United Kingdom,GBR,5/13/2021,33.380463
United Kingdom,GBR,5/14/2021,32.89016
United Kingdom,GBR,5/15/2021,32.588436
United Kingdom,GBR,5/16/2021,32.496243
United Kingdom,GBR,5/17/2021,32.536053
United Kingdom,GBR,5/18/2021,31.731451
United Kingdom,GBR,5/19/2021,31.834122
United Kingdom,GBR,5/20/2021,32.846157
United Kingdom,GBR,5/21/2021,33.847717
United Kingdom,GBR,5/22/2021,34.54965
United Kingdom,GBR,5/23/2021,35.44854
United Kingdom,GBR,5/24/2021,36.227997
United Kingdom,GBR,5/25/2021,37.072407
United Kingdom,GBR,5/26/2021,38.143116
United Kingdom,GBR,5/27/2021,39.431732
United Kingdom,GBR,5/28/2021,41.755436
United Kingdom,GBR,5/29/2021,44.332676
United Kingdom,GBR,5/30/2021,46.89315
United Kingdom,GBR,5/31/2021,48.988464
United Kingdom,GBR,6/1/2021,50.74434
United Kingdom,GBR,6/2/2021,51.850666
United Kingdom,GBR,6/3/2021,56.049675
United Kingdom,GBR,6/4/2021,60.755753
United Kingdom,GBR,6/5/2021,66.01709
United Kingdom,GBR,6/6/2021,70.77765
United Kingdom,GBR,6/7/2021,74.40464
United Kingdom,GBR,6/8/2021,79.37054
United Kingdom,GBR,6/9/2021,87.85446
United Kingdom,GBR,6/10/2021,93.01942
United Kingdom,GBR,6/11/2021,97.29805
United Kingdom,GBR,6/12/2021,101.038185
United Kingdom,GBR,6/13/2021,104.72175
United Kingdom,GBR,6/14/2021,107.97578
United Kingdom,GBR,6/15/2021,111.330376
United Kingdom,GBR,6/16/2021,116.392654
United Kingdom,GBR,6/17/2021,122.47745
United Kingdom,GBR,6/18/2021,128.43233
United Kingdom,GBR,6/19/2021,134.85028
United Kingdom,GBR,6/20/2021,140.50974
United Kingdom,GBR,6/21/2021,145.0419
United Kingdom,GBR,6/22/2021,151.22726
United Kingdom,GBR,6/23/2021,163.686
United Kingdom,GBR,6/24/2021,177.51927
United Kingdom,GBR,6/25/2021,192.81299
United Kingdom,GBR,6/26/2021,208.75414
United Kingdom,GBR,6/27/2021,225.20027
United Kingdom,GBR,6/28/2021,241.65688
United Kingdom,GBR,6/29/2021,259.28894
United Kingdom,GBR,6/30/2021,284.6632
United Kingdom,GBR,7/1/2021,307.28632
United Kingdom,GBR,7/2/2021,329.438
United Kingdom,GBR,7/3/2021,350.55878
United Kingdom,GBR,7/4/2021,367.6775
United Kingdom,GBR,7/5/2021,383.8303
United Kingdom,GBR,7/6/2021,397.80185
United Kingdom,GBR,7/7/2021,411.4235
United Kingdom,GBR,7/8/2021,427.89474
United Kingdom,GBR,7/9/2021,448.16483
United Kingdom,GBR,7/10/2021,459.11496
United Kingdom,GBR,7/11/2021,472.66116
United Kingdom,GBR,7/12/2021,481.81558
United Kingdom,GBR,7/13/2021,492.9899
United Kingdom,GBR,7/14/2021,513.0882
United Kingdom,GBR,7/15/2021,537.4923
United Kingdom,GBR,7/16/2021,571.67316
United Kingdom,GBR,7/17/2021,630.3001
United Kingdom,GBR,7/18/2021,677.36084
United Kingdom,GBR,7/19/2021,698.5173
United Kingdom,GBR,7/20/2021,710.41656
United Kingdom,GBR,7/21/2021,717.5679
United Kingdom,GBR,7/22/2021,701.1595
United Kingdom,GBR,7/23/2021,660.58997
United Kingdom,GBR,7/24/2021,596.2177
United Kingdom,GBR,7/25/2021,538.7076
United Kingdom,GBR,7/26/2021,505.9704
United Kingdom,GBR,7/27/2021,476.64645
United Kingdom,GBR,7/28/2021,439.0502
United Kingdom,GBR,7/29/2021,417.48105
United Kingdom,GBR,7/30/2021,406.3528
United Kingdom,GBR,7/31/2021,400.38956
United Kingdom,GBR,8/1/2021,393.96112
United Kingdom,GBR,8/2/2021,389.17963
United Kingdom,GBR,8/3/2021,386.66104
United Kingdom,GBR,8/4/2021,386.3656
United Kingdom,GBR,8/5/2021,388.23254
United Kingdom,GBR,8/6/2021,392.6348
United Kingdom,GBR,8/7/2021,399.39847
United Kingdom,GBR,8/8/2021,406.2837
United Kingdom,GBR,8/9/2021,410.41144
United Kingdom,GBR,8/10/2021,414.39673
United Kingdom,GBR,8/11/2021,419.26205
United Kingdom,GBR,8/12/2021,421.45166
United Kingdom,GBR,8/13/2021,423.5721
United Kingdom,GBR,8/14/2021,423.71042
United Kingdom,GBR,8/15/2021,425.67792
United Kingdom,GBR,8/16/2021,430.9518
United Kingdom,GBR,8/17/2021,436.0644
United Kingdom,GBR,8/18/2021,446.00665
United Kingdom,GBR,8/19/2021,459.42087
United Kingdom,GBR,8/20/2021,470.71252
United Kingdom,GBR,8/21/2021,480.71765
United Kingdom,GBR,8/22/2021,487.54208
United Kingdom,GBR,8/23/2021,494.8317
United Kingdom,GBR,8/24/2021,501.9893
United Kingdom,GBR,8/25/2021,507.87292
United Kingdom,GBR,8/26/2021,507.37424
United Kingdom,GBR,8/27/2021,507.45386
United Kingdom,GBR,8/28/2021,509.78384
United Kingdom,GBR,8/29/2021,512.9562
United Kingdom,GBR,8/30/2021,510.99704
United Kingdom,GBR,8/31/2021,505.53455
United Kingdom,GBR,9/1/2021,495.1816
United Kingdom,GBR,9/2/2021,510.95932
United Kingdom,GBR,9/3/2021,520.92255
United Kingdom,GBR,9/4/2021,530.80194
United Kingdom,GBR,9/5/2021,541.0439
United Kingdom,GBR,9/6/2021,549.86304
United Kingdom,GBR,9/7/2021,561.7372
United Kingdom,GBR,9/8/2021,583.01514
United Kingdom,GBR,9/9/2021,569.2007
United Kingdom,GBR,9/10/2021,553.1024
United Kingdom,GBR,9/11/2021,535.59814
United Kingdom,GBR,9/12/2021,515.8058
United Kingdom,GBR,9/13/2021,498.46286
United Kingdom,GBR,9/14/2021,482.23886
United Kingdom,GBR,9/15/2021,460.71786
United Kingdom,GBR,9/16/2021,445.66513
United Kingdom,GBR,9/17/2021,434.2771
United Kingdom,GBR,9/18/2021,425.34265
United Kingdom,GBR,9/19/2021,425.9545
United Kingdom,GBR,9/20/2021,432.47513
United Kingdom,GBR,9/21/2021,447.1926
United Kingdom,GBR,9/22/2021,459.995
United Kingdom,GBR,9/23/2021,475.52756
United Kingdom,GBR,9/24/2021,488.81604
United Kingdom,GBR,9/25/2021,501.68338
United Kingdom,GBR,9/26/2021,507.19196
United Kingdom,GBR,9/27/2021,511.21915
United Kingdom,GBR,9/28/2021,513.3124
United Kingdom,GBR,9/29/2021,515.0326
United Kingdom,GBR,9/30/2021,510.2134
United Kingdom,GBR,10/1/2021,506.19247
United Kingdom,GBR,10/2/2021,499.389
United Kingdom,GBR,10/3/2021,492.9983
United Kingdom,GBR,10/4/2021,488.28174
United Kingdom,GBR,10/5/2021,488.23145
United Kingdom,GBR,10/6/2021,492.72382
United Kingdom,GBR,10/7/2021,498.4461
United Kingdom,GBR,10/8/2021,507.72208
United Kingdom,GBR,10/9/2021,520.0027
United Kingdom,GBR,10/10/2021,533.7354
United Kingdom,GBR,10/11/2021,546.2863
United Kingdom,GBR,10/12/2021,555.4198
United Kingdom,GBR,10/13/2021,569.1881
United Kingdom,GBR,10/14/2021,588.134
United Kingdom,GBR,10/15/2021,605.9672
United Kingdom,GBR,10/16/2021,622.63336
United Kingdom,GBR,10/17/2021,639.2869
United Kingdom,GBR,10/18/2021,650.962
United Kingdom,GBR,10/19/2021,666.32904
United Kingdom,GBR,10/20/2021,681.9161
United Kingdom,GBR,10/21/2021,690.73315
United Kingdom,GBR,10/22/2021,698.87555
United Kingdom,GBR,10/23/2021,696.3088
United Kingdom,GBR,10/24/2021,690.2408
United Kingdom,GBR,10/25/2021,684.4263
United Kingdom,GBR,10/26/2021,667.6889
United Kingdom,GBR,10/27/2021,646.15533
United Kingdom,GBR,10/28/2021,624.3536
United Kingdom,GBR,10/29/2021,606.30035
United Kingdom,GBR,10/30/2021,598.3298
United Kingdom,GBR,10/31/2021,597.4644
United Kingdom,GBR,11/1/2021,594.2502
United Kingdom,GBR,11/2/2021,592.25964
United Kingdom,GBR,11/3/2021,587.321
United Kingdom,GBR,11/4/2021,578.7197
United Kingdom,GBR,11/5/2021,563.9289
United Kingdom,GBR,11/6/2021,547.7363
United Kingdom,GBR,11/7/2021,526.9235
United Kingdom,GBR,11/8/2021,514.073
United Kingdom,GBR,11/9/2021,505.214
United Kingdom,GBR,11/10/2021,503.1543
United Kingdom,GBR,11/11/2021,512.01117
United Kingdom,GBR,11/12/2021,526.5862
United Kingdom,GBR,11/13/2021,541.95953
United Kingdom,GBR,11/14/2021,557.55914
United Kingdom,GBR,11/15/2021,568.9765
United Kingdom,GBR,11/16/2021,579.33997
United Kingdom,GBR,11/17/2021,593.63416
United Kingdom,GBR,11/18/2021,602.401
United Kingdom,GBR,11/19/2021,608.58844
United Kingdom,GBR,11/20/2021,615.0064
United Kingdom,GBR,11/21/2021,618.86804
United Kingdom,GBR,11/22/2021,624.0016
United Kingdom,GBR,11/23/2021,627.6013
United Kingdom,GBR,11/24/2021,627.1508
United Kingdom,GBR,11/25/2021,630.8533
United Kingdom,GBR,11/26/2021,632.69086
United Kingdom,GBR,11/27/2021,631.35614
United Kingdom,GBR,11/28/2021,630.77783
United Kingdom,GBR,11/29/2021,626.52014
United Kingdom,GBR,11/30/2021,631.66626
United Kingdom,GBR,12/1/2021,643.3078
United Kingdom,GBR,12/2/2021,659.0185
United Kingdom,GBR,12/3/2021,675.8816
United Kingdom,GBR,12/4/2021,690.32666
United Kingdom,GBR,12/5/2021,703.6047
United Kingdom,GBR,12/6/2021,715.0891
United Kingdom,GBR,12/7/2021,717.9073
United Kingdom,GBR,12/8/2021,725.0419
United Kingdom,GBR,12/9/2021,726.2215
United Kingdom,GBR,12/10/2021,734.61743
United Kingdom,GBR,12/11/2021,748.6058
United Kingdom,GBR,12/12/2021,762.9063
United Kingdom,GBR,12/13/2021,783.46136
United Kingdom,GBR,12/14/2021,808.8293
United Kingdom,GBR,12/15/2021,866.3981
United Kingdom,GBR,12/16/2021,963.8931
United Kingdom,GBR,12/17/2021,1076.7803
United Kingdom,GBR,12/18/2021,1179.5764
United Kingdom,GBR,12/19/2021,1270.5236
United Kingdom,GBR,12/20/2021,1354.9418
United Kingdom,GBR,12/21/2021,1430.3207
United Kingdom,GBR,12/22/2021,1528.3751
United Kingdom,GBR,12/23/2021,1627.9131
United Kingdom,GBR,12/24/2021,1730.2839
United Kingdom,GBR,12/25/2021,1844.642
United Kingdom,GBR,12/26/2021,1931.3273
United Kingdom,GBR,12/27/2021,1892.5221
United Kingdom,GBR,12/28/2021,1949.4182
United Kingdom,GBR,12/29/2021,2077.3267
United Kingdom,GBR,12/30/2021,2207.605
United Kingdom,GBR,12/31/2021,2440.6836
United Kingdom,GBR,1/1/2022,2599.808
United Kingdom,GBR,1/2/2022,2707.2957
United Kingdom,GBR,1/3/2022,2807.6865
United Kingdom,GBR,1/4/2022,2943.423
United Kingdom,GBR,1/5/2022,3016.5286
United Kingdom,GBR,1/6/2022,3148.9065
United Kingdom,GBR,1/7/2022,3042.8333
United Kingdom,GBR,1/8/2022,2909.5796
United Kingdom,GBR,1/9/2022,2766.5115
United Kingdom,GBR,1/10/2022,2714.841
United Kingdom,GBR,1/11/2022,2536.1567
United Kingdom,GBR,1/12/2022,2333.0327
United Kingdom,GBR,1/13/2022,1996.94
United Kingdom,GBR,1/14/2022,1747.6918
United Kingdom,GBR,1/15/2022,1587.2577
United Kingdom,GBR,1/16/2022,1516.0966
United Kingdom,GBR,1/17/2022,1483.2736
United Kingdom,GBR,1/18/2022,1488.1074
United Kingdom,GBR,1/19/2022,1485.0797
United Kingdom,GBR,1/20/2022,1492.648
United Kingdom,GBR,1/21/2022,1510.5441
United Kingdom,GBR,1/22/2022,1518.7408
United Kingdom,GBR,1/23/2022,1530.066
United Kingdom,GBR,1/24/2022,1537.9927
United Kingdom,GBR,1/25/2022,1546.9354
United Kingdom,GBR,1/26/2022,1538.2399
United Kingdom,GBR,1/27/2022,1526.3909
United Kingdom,GBR,1/28/2022,1519.9122
United Kingdom,GBR,1/29/2022,1511.2732
United Kingdom,GBR,1/30/2022,1495.1309
United Kingdom,GBR,1/31/2022,1477.9053
United Kingdom,GBR,2/1/2022,1447.1818
United Kingdom,GBR,2/2/2022,1400.429
United Kingdom,GBR,2/3/2022,1360.0879
United Kingdom,GBR,2/4/2022,1317.6577
United Kingdom,GBR,2/5/2022,1276.6797
United Kingdom,GBR,2/6/2022,1233.1768
United Kingdom,GBR,2/7/2022,1188.7413
United Kingdom,GBR,2/8/2022,1131.8535
United Kingdom,GBR,2/9/2022,1071.9946
United Kingdom,GBR,2/10/2022,1021.1036
United Kingdom,GBR,2/11/2022,970.6505
United Kingdom,GBR,2/12/2022,919.6275
United Kingdom,GBR,2/13/2022,880.43463
United Kingdom,GBR,2/14/2022,849.47424
United Kingdom,GBR,2/15/2022,810.0886
United Kingdom,GBR,2/16/2022,764.54065
United Kingdom,GBR,2/17/2022,728.58716
United Kingdom,GBR,2/18/2022,701.83624
United Kingdom,GBR,2/19/2022,685.96
United Kingdom,GBR,2/20/2022,662.24524
United Kingdom,GBR,2/21/2022,656.20654
United Kingdom,GBR,2/22/2022,647.75195
United Kingdom,GBR,2/23/2022,627.6097
United Kingdom,GBR,2/24/2022,599.7127
United Kingdom,GBR,2/25/2022,568.0818
United Kingdom,GBR,2/26/2022,538.5693
United Kingdom,GBR,2/27/2022,527.2462
United Kingdom,GBR,2/28/2022,507.2192
United Kingdom,GBR,3/1/2022,493.89297
United Kingdom,GBR,3/2/2022,492.88095
United Kingdom,GBR,3/3/2022,504.6294
United Kingdom,GBR,3/4/2022,524.9602
United Kingdom,GBR,3/5/2022,552.47174
United Kingdom,GBR,3/6/2022,580.9072
United Kingdom,GBR,3/7/2022,609.5502
United Kingdom,GBR,3/8/2022,646.56604
United Kingdom,GBR,3/9/2022,696.5833
United Kingdom,GBR,3/10/2022,749.6304
United Kingdom,GBR,3/11/2022,806.9414
United Kingdom,GBR,3/12/2022,862.989
United Kingdom,GBR,3/13/2022,916.6752
United Kingdom,GBR,3/14/2022,965.5358
United Kingdom,GBR,3/15/2022,1021.508
United Kingdom,GBR,3/16/2022,1087.1207
United Kingdom,GBR,3/17/2022,1136.5618
United Kingdom,GBR,3/18/2022,1174.7384
United Kingdom,GBR,3/19/2022,1200.6008
United Kingdom,GBR,3/20/2022,1217.8977
United Kingdom,GBR,3/21/2022,1229.0846
United Kingdom,GBR,3/22/2022,1240.2212
United Kingdom,GBR,3/23/2022,1260.0261
United Kingdom,GBR,3/24/2022,1271.3135
United Kingdom,GBR,3/25/2022,1276.4136
United Kingdom,GBR,3/26/2022,1276.5225
United Kingdom,GBR,3/27/2022,1270.5404
United Kingdom,GBR,3/28/2022,1258.0502
United Kingdom,GBR,3/29/2022,1231.402
United Kingdom,GBR,3/30/2022,1196.978
United Kingdom,GBR,3/31/2022,1157.232
United Kingdom,GBR,4/1/2022,1114.1901
United Kingdom,GBR,4/2/2022,1055.2823
United Kingdom,GBR,4/3/2022,1002.96655
United Kingdom,GBR,4/4/2022,952.9639
United Kingdom,GBR,4/5/2022,898.1568
United Kingdom,GBR,4/6/2022,816.1671
United Kingdom,GBR,4/7/2022,751.16
United Kingdom,GBR,4/8/2022,690.62
United Kingdom,GBR,4/9/2022,656.92316
United Kingdom,GBR,4/10/2022,626.5956
United Kingdom,GBR,4/11/2022,606.25635
United Kingdom,GBR,4/12/2022,582.73224
United Kingdom,GBR,4/13/2022,548.4613
United Kingdom,GBR,4/14/2022,516.3401
United Kingdom,GBR,4/15/2022,488.9648
United Kingdom,GBR,4/16/2022,463.67435
United Kingdom,GBR,4/17/2022,439.84854
United Kingdom,GBR,4/18/2022,423.16983
United Kingdom,GBR,4/19/2022,400.52365
United Kingdom,GBR,4/20/2022,375.06976
United Kingdom,GBR,4/21/2022,358.30936
United Kingdom,GBR,4/22/2022,336.87845
United Kingdom,GBR,4/23/2022,319.74927
United Kingdom,GBR,4/24/2022,307.35757
United Kingdom,GBR,4/25/2022,293.28754
United Kingdom,GBR,4/26/2022,281.91208
United Kingdom,GBR,4/27/2022,264.91068
United Kingdom,GBR,4/28/2022,241.418
United Kingdom,GBR,4/29/2022,223.81317
United Kingdom,GBR,4/30/2022,209.4477
United Kingdom,GBR,5/1/2022,197.52325
United Kingdom,GBR,5/2/2022,187.3484
United Kingdom,GBR,5/3/2022,175.44492
United Kingdom,GBR,5/4/2022,164.54509
United Kingdom,GBR,5/5/2022,161.9427
United Kingdom,GBR,5/6/2022,159.04489
United Kingdom,GBR,5/7/2022,156.13869
United Kingdom,GBR,5/8/2022,153.92184
United Kingdom,GBR,5/9/2022,152.16806
United Kingdom,GBR,5/10/2022,152.22673
United Kingdom,GBR,5/11/2022,149.70187
United Kingdom,GBR,5/12/2022,142.2216
United Kingdom,GBR,5/13/2022,136.0467
United Kingdom,GBR,5/14/2022,130.6429
United Kingdom,GBR,5/15/2022,126.42712
United Kingdom,GBR,5/16/2022,123.49996
United Kingdom,GBR,5/17/2022,121.21816
United Kingdom,GBR,5/18/2022,118.52569
United Kingdom,GBR,5/19/2022,115.46233
United Kingdom,GBR,5/20/2022,113.18473
United Kingdom,GBR,5/21/2022,111.46238
United Kingdom,GBR,5/22/2022,109.11353
United Kingdom,GBR,5/23/2022,106.80659
United Kingdom,GBR,5/24/2022,102.666245
United Kingdom,GBR,5/25/2022,98.257706
United Kingdom,GBR,5/26/2022,94.89053
United Kingdom,GBR,5/27/2022,92.072334
United Kingdom,GBR,5/28/2022,89.83663
United Kingdom,GBR,5/29/2022,88.97336
United Kingdom,GBR,5/30/2022,88.90841
United Kingdom,GBR,5/31/2022,88.244194
United Kingdom,GBR,6/1/2022,87.82932
United Kingdom,GBR,6/2/2022,88.69678
United Kingdom,GBR,6/3/2022,90.20122
United Kingdom,GBR,6/4/2022,91.15668
United Kingdom,GBR,6/5/2022,93.72553
United Kingdom,GBR,6/6/2022,98.972206
United Kingdom,GBR,6/7/2022,107.63633
United Kingdom,GBR,6/8/2022,117.341835
United Kingdom,GBR,6/9/2022,126.389404
United Kingdom,GBR,6/10/2022,136.39034
United Kingdom,GBR,6/11/2022,147.0974
United Kingdom,GBR,6/12/2022,155.79086
United Kingdom,GBR,6/13/2022,161.20724
United Kingdom,GBR,6/14/2022,167.23756
United Kingdom,GBR,6/15/2022,174.62355
United Kingdom,GBR,6/16/2022,182.43907
United Kingdom,GBR,6/17/2022,188.83607
United Kingdom,GBR,6/18/2022,194.92506
United Kingdom,GBR,6/19/2022,201.49388
United Kingdom,GBR,6/20/2022,208.92386
United Kingdom,GBR,6/21/2022,217.9421
United Kingdom,GBR,6/22/2022,227.72722
United Kingdom,GBR,6/23/2022,239.78575
United Kingdom,GBR,6/24/2022,252.43307
United Kingdom,GBR,6/25/2022,263.67444
United Kingdom,GBR,6/26/2022,272.95877
United Kingdom,GBR,6/27/2022,279.6156
United Kingdom,GBR,6/28/2022,287.538
United Kingdom,GBR,6/29/2022,298.354
United Kingdom,GBR,6/30/2022,307.0391
United Kingdom,GBR,7/1/2022,314.8504
United Kingdom,GBR,7/2/2022,324.59363
United Kingdom,GBR,7/3/2022,335.6988
United Kingdom,GBR,7/4/2022,346.51273
United Kingdom,GBR,7/5/2022,361.1841
United Kingdom,GBR,7/6/2022,379.20383
United Kingdom,GBR,7/7/2022,392.55936
United Kingdom,GBR,7/8/2022,403.2392
United Kingdom,GBR,7/9/2022,407.8782
United Kingdom,GBR,7/10/2022,409.8918
United Kingdom,GBR,7/11/2022,408.39365
United Kingdom,GBR,7/12/2022,402.76984
United Kingdom,GBR,7/13/2022,394.6442
United Kingdom,GBR,7/14/2022,385.28024
United Kingdom,GBR,7/15/2022,373.0394
United Kingdom,GBR,7/16/2022,361.8211
United Kingdom,GBR,7/17/2022,348.7212
United Kingdom,GBR,7/18/2022,335.66946
United Kingdom,GBR,7/19/2022,319.2003
United Kingdom,GBR,7/20/2022,295.92554
United Kingdom,GBR,7/21/2022,274.39407
United Kingdom,GBR,7/22/2022,258.28738
United Kingdom,GBR,7/23/2022,243.74171
United Kingdom,GBR,7/24/2022,231.20963
United Kingdom,GBR,7/25/2022,220.55914
United Kingdom,GBR,7/26/2022,208.06897
United Kingdom,GBR,7/27/2022,196.71446
United Kingdom,GBR,7/28/2022,186.35313
United Kingdom,GBR,7/29/2022,174.56699
United Kingdom,GBR,7/30/2022,164.4487
United Kingdom,GBR,7/31/2022,156.33983
United Kingdom,GBR,8/1/2022,150.87315
United Kingdom,GBR,8/2/2022,144.90361
United Kingdom,GBR,8/3/2022,137.64543
United Kingdom,GBR,8/4/2022,132.2919
United Kingdom,GBR,8/5/2022,127.70107
United Kingdom,GBR,8/6/2022,123.44129
United Kingdom,GBR,8/7/2022,119.33447
United Kingdom,GBR,8/8/2022,115.3429
United Kingdom,GBR,8/9/2022,111.40581
United Kingdom,GBR,8/10/2022,107.703384
United Kingdom,GBR,8/11/2022,103.804
United Kingdom,GBR,8/12/2022,100.44102
United Kingdom,GBR,8/13/2022,98.12989
United Kingdom,GBR,8/14/2022,95.59665
United Kingdom,GBR,8/15/2022,93.658485
United Kingdom,GBR,8/16/2022,91.177635
United Kingdom,GBR,8/17/2022,87.73293
United Kingdom,GBR,8/18/2022,84.06613
United Kingdom,GBR,8/19/2022,80.47057
United Kingdom,GBR,8/20/2022,77.057304
United Kingdom,GBR,8/21/2022,74.276825
United Kingdom,GBR,8/22/2022,72.196175
United Kingdom,GBR,8/23/2022,69.518364
United Kingdom,GBR,8/24/2022,67.00398
United Kingdom,GBR,8/25/2022,65.367546
United Kingdom,GBR,8/26/2022,64.36598
United Kingdom,GBR,8/27/2022,62.75678
United Kingdom,GBR,8/28/2022,61.58131
United Kingdom,GBR,8/29/2022,60.764137
United Kingdom,GBR,8/30/2022,59.41056
United Kingdom,GBR,8/31/2022,58.232994
United Kingdom,GBR,9/1/2022,59.171696
United Kingdom,GBR,9/2/2022,59.301605
United Kingdom,GBR,9/3/2022,60.46241
United Kingdom,GBR,9/4/2022,61.210438
United Kingdom,GBR,9/5/2022,61.84951
United Kingdom,GBR,9/6/2022,63.62843
United Kingdom,GBR,9/7/2022,64.598564
United Kingdom,GBR,9/8/2022,63.2408
United Kingdom,GBR,9/9/2022,62.442482
United Kingdom,GBR,9/10/2022,61.17901
United Kingdom,GBR,9/11/2022,60.644703
United Kingdom,GBR,9/12/2022,60.3325
United Kingdom,GBR,9/13/2022,60.456123
United Kingdom,GBR,9/14/2022,60.839565
United Kingdom,GBR,9/15/2022,62.033897
United Kingdom,GBR,9/16/2022,63.58024
United Kingdom,GBR,9/17/2022,65.43878
United Kingdom,GBR,9/18/2022,66.65616
United Kingdom,GBR,9/19/2022,67.18628
United Kingdom,GBR,9/20/2022,67.16951
United Kingdom,GBR,9/21/2022,68.96729
United Kingdom,GBR,9/22/2022,74.58274
United Kingdom,GBR,9/23/2022,79.98865
United Kingdom,GBR,9/24/2022,84.55853
United Kingdom,GBR,9/25/2022,89.48462
United Kingdom,GBR,9/26/2022,94.09012
United Kingdom,GBR,9/27/2022,100.16863
United Kingdom,GBR,9/28/2022,105.30634
United Kingdom,GBR,9/29/2022,106.198944
United Kingdom,GBR,9/30/2022,108.00301
United Kingdom,GBR,10/1/2022,110.26595
United Kingdom,GBR,10/2/2022,112.63366
United Kingdom,GBR,10/3/2022,115.45396
United Kingdom,GBR,10/4/2022,119.56915
United Kingdom,GBR,10/5/2022,126.01015
United Kingdom,GBR,10/6/2022,131.69055
United Kingdom,GBR,10/7/2022,135.49774
United Kingdom,GBR,10/8/2022,138.62814
United Kingdom,GBR,10/9/2022,141.42538
United Kingdom,GBR,10/10/2022,141.40024
United Kingdom,GBR,10/11/2022,140.04666
United Kingdom,GBR,10/12/2022,137.54277
United Kingdom,GBR,10/13/2022,134.3914
United Kingdom,GBR,10/14/2022,131.32806
United Kingdom,GBR,10/15/2022,128.69844
United Kingdom,GBR,10/16/2022,126.64503
United Kingdom,GBR,10/17/2022,125.36479
United Kingdom,GBR,10/18/2022,123.734634
United Kingdom,GBR,10/19/2022,122.69746
United Kingdom,GBR,10/20/2022,120.1286
United Kingdom,GBR,10/21/2022,117.67499
United Kingdom,GBR,10/22/2022,114.410484
United Kingdom,GBR,10/23/2022,110.90502
United Kingdom,GBR,10/24/2022,107.81653
United Kingdom,GBR,10/25/2022,103.0874
United Kingdom,GBR,10/26/2022,96.392876
United Kingdom,GBR,10/27/2022,91.00791
United Kingdom,GBR,10/28/2022,86.50508
United Kingdom,GBR,10/29/2022,82.89904
United Kingdom,GBR,10/30/2022,78.92632
United Kingdom,GBR,10/31/2022,76.024315
United Kingdom,GBR,11/1/2022,73.40098
United Kingdom,GBR,11/2/2022,69.88504
United Kingdom,GBR,11/3/2022,67.54667
United Kingdom,GBR,11/4/2022,64.539894
United Kingdom,GBR,11/5/2022,62.073708
United Kingdom,GBR,11/6/2022,59.36237
United Kingdom,GBR,11/7/2022,57.43887
United Kingdom,GBR,11/8/2022,55.335175
United Kingdom,GBR,11/9/2022,53.64216
United Kingdom,GBR,11/10/2022,52.133533
United Kingdom,GBR,11/11/2022,51.215786
United Kingdom,GBR,11/12/2022,50.2247
United Kingdom,GBR,11/13/2022,49.776302
United Kingdom,GBR,11/14/2022,49.29019
United Kingdom,GBR,11/15/2022,48.546352
United Kingdom,GBR,11/16/2022,47.712418
United Kingdom,GBR,11/17/2022,47.0943
United Kingdom,GBR,11/18/2022,46.432182
United Kingdom,GBR,11/19/2022,46.08017
United Kingdom,GBR,11/20/2022,45.82873
United Kingdom,GBR,11/21/2022,45.82454
United Kingdom,GBR,11/22/2022,45.778442
United Kingdom,GBR,11/23/2022,45.80987
United Kingdom,GBR,11/24/2022,46.3777
United Kingdom,GBR,11/25/2022,47.123634
United Kingdom,GBR,11/26/2022,47.735466
United Kingdom,GBR,11/27/2022,48.005764
United Kingdom,GBR,11/28/2022,48.257202
United Kingdom,GBR,11/29/2022,49.426388
United Kingdom,GBR,11/30/2022,50.895203
United Kingdom,GBR,12/1/2022,52.11258
United Kingdom,GBR,12/2/2022,52.875275
United Kingdom,GBR,12/3/2022,53.24405
United Kingdom,GBR,12/4/2022,54.6982
United Kingdom,GBR,12/5/2022,55.110977
United Kingdom,GBR,12/6/2022,55.81919
United Kingdom,GBR,12/7/2022,57.256577
United Kingdom,GBR,12/8/2022,59.048073
United Kingdom,GBR,12/9/2022,61.59388
United Kingdom,GBR,12/10/2022,63.756245
United Kingdom,GBR,12/11/2022,65.05534
United Kingdom,GBR,12/12/2022,66.77769
United Kingdom,GBR,12/13/2022,68.54823
United Kingdom,GBR,12/14/2022,72.02855
United Kingdom,GBR,12/15/2022,75.946785
United Kingdom,GBR,12/16/2022,78.75032
United Kingdom,GBR,12/17/2022,82.012726
United Kingdom,GBR,12/18/2022,85.92677
United Kingdom,GBR,12/19/2022,88.384575
United Kingdom,GBR,12/20/2022,90.77533
United Kingdom,GBR,12/21/2022,95.148254
United Kingdom,GBR,12/22/2022,98.33314
United Kingdom,GBR,12/23/2022,100.99209
United Kingdom,GBR,12/24/2022,102.63272
United Kingdom,GBR,12/25/2022,101.914024
United Kingdom,GBR,12/26/2022,100.63379
United Kingdom,GBR,12/27/2022,96.279724
United Kingdom,GBR,12/28/2022,87.64074
United Kingdom,GBR,12/29/2022,83.39563
United Kingdom,GBR,12/30/2022,84.688446
United Kingdom,GBR,12/31/2022,86.4506
United Kingdom,GBR,1/1/2023,87.2573
United Kingdom,GBR,1/2/2023,87.58207
United Kingdom,GBR,1/3/2023,87.51712
United Kingdom,GBR,1/4/2023,87.74132
United Kingdom,GBR,1/5/2023,87.01843
United Kingdom,GBR,1/6/2023,81.09079
United Kingdom,GBR,1/7/2023,74.73151
United Kingdom,GBR,1/8/2023,69.96257
United Kingdom,GBR,1/9/2023,66.70435
United Kingdom,GBR,1/10/2023,64.9401
United Kingdom,GBR,1/11/2023,61.899796
United Kingdom,GBR,1/12/2023,55.316315
United Kingdom,GBR,1/13/2023,49.145615
United Kingdom,GBR,1/14/2023,44.529636
United Kingdom,GBR,1/15/2023,40.927788
United Kingdom,GBR,1/16/2023,38.34217
United Kingdom,GBR,1/17/2023,36.309715
United Kingdom,GBR,1/18/2023,34.126396
United Kingdom,GBR,1/19/2023,32.21547
United Kingdom,GBR,1/20/2023,31.115429
United Kingdom,GBR,1/21/2023,30.17044
United Kingdom,GBR,1/22/2023,29.619373
United Kingdom,GBR,1/23/2023,29.66966
United Kingdom,GBR,1/24/2023,29.784903
United Kingdom,GBR,1/25/2023,29.975576
United Kingdom,GBR,1/26/2023,31.15943
United Kingdom,GBR,1/27/2023,32.27204
United Kingdom,GBR,1/28/2023,33.351128
United Kingdom,GBR,1/29/2023,34.574795
United Kingdom,GBR,1/30/2023,35.494637
United Kingdom,GBR,1/31/2023,36.642868
United Kingdom,GBR,2/1/2023,38.530746
United Kingdom,GBR,2/2/2023,40.165092
United Kingdom,GBR,2/3/2023,41.89373
United Kingdom,GBR,2/4/2023,43.312256
United Kingdom,GBR,2/5/2023,44.399727
United Kingdom,GBR,2/6/2023,45.313282
United Kingdom,GBR,2/7/2023,46.071785
United Kingdom,GBR,2/8/2023,46.958103
United Kingdom,GBR,2/9/2023,47.305927
United Kingdom,GBR,2/10/2023,47.69985
United Kingdom,GBR,2/11/2023,47.982716
United Kingdom,GBR,2/12/2023,48.663692
United Kingdom,GBR,2/13/2023,49.040848
United Kingdom,GBR,2/14/2023,49.80983
United Kingdom,GBR,2/15/2023,51.708183
United Kingdom,GBR,2/16/2023,53.763687
United Kingdom,GBR,2/17/2023,54.993637
United Kingdom,GBR,2/18/2023,56.95066
United Kingdom,GBR,2/19/2023,58.576626
United Kingdom,GBR,2/20/2023,59.766766
United Kingdom,GBR,2/21/2023,60.850044
United Kingdom,GBR,2/22/2023,60.898235
United Kingdom,GBR,2/23/2023,60.904522
United Kingdom,GBR,2/24/2023,60.822803
United Kingdom,GBR,2/25/2023,59.743717
United Kingdom,GBR,2/26/2023,58.339855
United Kingdom,GBR,2/27/2023,57.484966
United Kingdom,GBR,2/28/2023,56.363976
United Kingdom,GBR,3/1/2023,56.018246
United Kingdom,GBR,3/2/2023,55.697662
United Kingdom,GBR,3/3/2023,56.045486
United Kingdom,GBR,3/4/2023,56.40169
United Kingdom,GBR,3/5/2023,57.07219
United Kingdom,GBR,3/6/2023,57.23772
United Kingdom,GBR,3/7/2023,57.933365
United Kingdom,GBR,3/8/2023,58.666725
United Kingdom,GBR,3/9/2023,59.423134
United Kingdom,GBR,3/10/2023,60.17745
United Kingdom,GBR,3/11/2023,61.02605
United Kingdom,GBR,3/12/2023,61.639977
United Kingdom,GBR,3/13/2023,62.926502
United Kingdom,GBR,3/14/2023,64.91286
United Kingdom,GBR,3/15/2023,66.55768
United Kingdom,GBR,3/16/2023,68.04745
United Kingdom,GBR,3/17/2023,68.33451
United Kingdom,GBR,3/18/2023,69.497406
United Kingdom,GBR,3/19/2023,69.8599
United Kingdom,GBR,3/20/2023,69.91647
United Kingdom,GBR,3/21/2023,69.22921
United Kingdom,GBR,3/22/2023,68.00135
United Kingdom,GBR,3/23/2023,67.32666
United Kingdom,GBR,3/24/2023,67.31828
United Kingdom,GBR,3/25/2023,66.346054
United Kingdom,GBR,3/26/2023,66.31463
United Kingdom,GBR,3/27/2023,65.48069
United Kingdom,GBR,3/28/2023,64.21512
United Kingdom,GBR,3/29/2023,62.37543
United Kingdom,GBR,3/30/2023,59.659904
United Kingdom,GBR,3/31/2023,57.54783
United Kingdom,GBR,4/1/2023,55.49442
United Kingdom,GBR,4/2/2023,52.74327
United Kingdom,GBR,4/3/2023,51.2535
United Kingdom,GBR,4/4/2023,49.16657
United Kingdom,GBR,4/5/2023,45.7533
United Kingdom,GBR,4/6/2023,42.633373
United Kingdom,GBR,4/7/2023,39.99328
United Kingdom,GBR,4/8/2023,37.539665
United Kingdom,GBR,4/9/2023,35.39825
United Kingdom,GBR,4/10/2023,34.07192
United Kingdom,GBR,4/11/2023,32.72463
United Kingdom,GBR,4/12/2023,32.001747
United Kingdom,GBR,4/13/2023,32.267853
United Kingdom,GBR,4/14/2023,31.72726
United Kingdom,GBR,4/15/2023,31.415058
United Kingdom,GBR,4/16/2023,31.255814
United Kingdom,GBR,4/17/2023,30.675411
United Kingdom,GBR,4/18/2023,30.916372
United Kingdom,GBR,4/19/2023,30.69427
United Kingdom,GBR,4/20/2023,29.376316
United Kingdom,GBR,4/21/2023,28.412472
United Kingdom,GBR,4/22/2023,27.415102
United Kingdom,GBR,4/23/2023,26.868225
United Kingdom,GBR,4/24/2023,26.6105
United Kingdom,GBR,4/25/2023,25.763994
United Kingdom,GBR,4/26/2023,24.867199
United Kingdom,GBR,4/27/2023,24.416706
United Kingdom,GBR,4/28/2023,24.112885
United Kingdom,GBR,4/29/2023,24.096123
United Kingdom,GBR,4/30/2023,24.079361
United Kingdom,GBR,5/1/2023,24.1506
United Kingdom,GBR,5/2/2023,23.7483
United Kingdom,GBR,5/3/2023,23.501053
United Kingdom,GBR,5/4/2023,23.850971
United Kingdom,GBR,5/5/2023,23.71268
United Kingdom,GBR,5/6/2023,23.643536
United Kingdom,GBR,5/7/2023,23.264282
United Kingdom,GBR,5/8/2023,22.577019
United Kingdom,GBR,5/9/2023,22.172623
United Kingdom,GBR,5/10/2023,21.445549
United Kingdom,GBR,5/11/2023,20.624186
United Kingdom,GBR,5/12/2023,20.068928
United Kingdom,GBR,5/13/2023,19.398426
United Kingdom,GBR,5/14/2023,18.811739
United Kingdom,GBR,5/15/2023,18.49744
United Kingdom,GBR,5/16/2023,18.304672
United Kingdom,GBR,5/17/2023,17.896086
United Kingdom,GBR,5/18/2023,17.037006
United Kingdom,GBR,5/19/2023,16.412603
United Kingdom,GBR,5/20/2023,15.890869
United Kingdom,GBR,5/21/2023,15.700195
United Kingdom,GBR,5/22/2023,15.513713
United Kingdom,GBR,5/23/2023,15.2119875
United Kingdom,GBR,5/24/2023,15.09884
United Kingdom,GBR,5/25/2023,15.033885
United Kingdom,GBR,5/26/2023,14.857879
United Kingdom,GBR,5/27/2023,14.507961
United Kingdom,GBR,5/28/2023,14.162234
United Kingdom,GBR,5/29/2023,13.826983
United Kingdom,GBR,5/30/2023,13.2025795
United Kingdom,GBR,5/31/2023,12.418932
United Kingdom,GBR,6/1/2023,11.865769
United Kingdom,GBR,6/2/2023,11.618522
United Kingdom,GBR,6/3/2023,11.300034
United Kingdom,GBR,6/4/2023,11.023453
United Kingdom,GBR,6/5/2023,10.830684
United Kingdom,GBR,6/6/2023,10.836969
United Kingdom,GBR,6/7/2023,10.968974
United Kingdom,GBR,6/8/2023,10.948021
United Kingdom,GBR,6/9/2023,10.660963
United Kingdom,GBR,6/10/2023,10.459812
United Kingdom,GBR,6/11/2023,10.256567
United Kingdom,GBR,6/12/2023,10.038654
United Kingdom,GBR,6/13/2023,9.835409
United Kingdom,GBR,6/14/2023,9.403774
United Kingdom,GBR,6/15/2023,8.825467
United Kingdom,GBR,6/16/2023,8.305829
United Kingdom,GBR,6/17/2023,7.9077187
United Kingdom,GBR,6/18/2023,7.5850406
United Kingdom,GBR,6/19/2023,7.4907513
United Kingdom,GBR,6/20/2023,7.103118
United Kingdom,GBR,6/21/2023,6.6672926
United Kingdom,GBR,6/22/2023,6.365567
United Kingdom,GBR,6/23/2023,6.1246057
United Kingdom,GBR,6/24/2023,6.0156493
United Kingdom,GBR,6/25/2023,5.875263
United Kingdom,GBR,6/26/2023,5.6741133
United Kingdom,GBR,6/27/2023,5.560966
United Kingdom,GBR,6/28/2023,5.3095284
United Kingdom,GBR,6/29/2023,5.0874248
United Kingdom,GBR,6/30/2023,4.942848
United Kingdom,GBR,7/1/2023,4.714459
United Kingdom,GBR,7/2/2023,4.5971212
United Kingdom,GBR,7/3/2023,4.5007367
United Kingdom,GBR,7/4/2023,4.431591
United Kingdom,GBR,7/5/2023,4.5195947
United Kingdom,GBR,7/6/2023,4.5656915
United Kingdom,GBR,7/7/2023,4.689315
United Kingdom,GBR,7/8/2023,4.869512
United Kingdom,GBR,7/9/2023,5.143998
United Kingdom,GBR,7/10/2023,5.3577204
United Kingdom,GBR,7/11/2023,5.625921
United Kingdom,GBR,7/12/2023,5.8626914
United Kingdom,GBR,7/13/2023,6.1769886
United Kingdom,GBR,7/14/2023,6.342519
United Kingdom,GBR,7/15/2023,6.549955
United Kingdom,GBR,7/16/2023,6.524811
United Kingdom,GBR,7/17/2023,6.617005
United Kingdom,GBR,7/18/2023,6.6107187
United Kingdom,GBR,7/19/2023,6.778344
United Kingdom,GBR,7/20/2023,6.98159
United Kingdom,GBR,7/21/2023,7.1073084
United Kingdom,GBR,7/22/2023,7.3210306
United Kingdom,GBR,7/23/2023,7.5808496
United Kingdom,GBR,7/24/2023,7.7526655
United Kingdom,GBR,7/25/2023,8.01877
United Kingdom,GBR,7/26/2023,8.299542
United Kingdom,GBR,7/27/2023,8.628508
United Kingdom,GBR,7/28/2023,9.034998
United Kingdom,GBR,7/29/2023,9.322057
United Kingdom,GBR,7/30/2023,9.799788
United Kingdom,GBR,7/31/2023,10.329903
United Kingdom,GBR,8/1/2023,10.996213
United Kingdom,GBR,8/2/2023,11.526328
United Kingdom,GBR,8/3/2023,11.974726
United Kingdom,GBR,8/4/2023,12.423122
United Kingdom,GBR,8/5/2023,12.877806
United Kingdom,GBR,8/6/2023,13.227724
United Kingdom,GBR,8/7/2023,13.382777
United Kingdom,GBR,8/8/2023,13.5776415
United Kingdom,GBR,8/9/2023,14.032325
United Kingdom,GBR,8/10/2023,14.711206
United Kingdom,GBR,8/11/2023,15.346087
United Kingdom,GBR,8/12/2023,15.880392
United Kingdom,GBR,8/13/2023,16.295265
United Kingdom,GBR,8/14/2023,16.783474
United Kingdom,GBR,8/15/2023,17.127106
United Kingdom,GBR,8/16/2023,17.439306
United Kingdom,GBR,8/17/2023,17.483309
United Kingdom,GBR,8/18/2023,17.604837
United Kingdom,GBR,8/19/2023,17.76408
United Kingdom,GBR,8/20/2023,17.906563
United Kingdom,GBR,8/21/2023,17.906563
United Kingdom,GBR,8/22/2023,17.99247
United Kingdom,GBR,8/23/2023,18.241812
United Kingdom,GBR,8/24/2023,18.520489
United Kingdom,GBR,8/25/2023,18.633636
United Kingdom,GBR,8/26/2023,18.750975
United Kingdom,GBR,8/27/2023,18.832691
United Kingdom,GBR,8/28/2023,18.845263
United Kingdom,GBR,8/29/2023,18.72583
United Kingdom,GBR,8/30/2023,18.480679
United Kingdom,GBR,8/31/2023,18.912313
United Kingdom,GBR,9/1/2023,19.869873
United Kingdom,GBR,9/2/2023,20.777143
United Kingdom,GBR,9/3/2023,21.940044
United Kingdom,GBR,9/4/2023,23.063133
United Kingdom,GBR,9/5/2023,24.74986
United Kingdom,GBR,9/6/2023,26.776031
United Kingdom,GBR,9/7/2023,28.003885
United Kingdom,GBR,9/8/2023,28.705816
United Kingdom,GBR,9/9/2023,29.150023
United Kingdom,GBR,9/10/2023,29.194025
United Kingdom,GBR,9/11/2023,29.120687
United Kingdom,GBR,9/12/2023,28.808487
United Kingdom,GBR,9/13/2023,28.376852
United Kingdom,GBR,9/14/2023,27.66235
United Kingdom,GBR,9/15/2023,26.723648
United Kingdom,GBR,9/16/2023,26.210295
United Kingdom,GBR,9/17/2023,25.715801
United Kingdom,GBR,9/18/2023,25.50627
United Kingdom,GBR,9/19/2023,25.47903
United Kingdom,GBR,9/20/2023,25.611036
United Kingdom,GBR,9/21/2023,26.245916
United Kingdom,GBR,9/22/2023,27.11547
United Kingdom,GBR,9/23/2023,27.721018
United Kingdom,GBR,9/24/2023,28.416662
United Kingdom,GBR,9/25/2023,29.011732
United Kingdom,GBR,9/26/2023,29.914812
United Kingdom,GBR,9/27/2023,31.218098
United Kingdom,GBR,9/28/2023,32.8273
United Kingdom,GBR,9/29/2023,34.451168
United Kingdom,GBR,9/30/2023,35.57845
United Kingdom,GBR,10/1/2023,36.504578
United Kingdom,GBR,10/2/2023,37.294514
United Kingdom,GBR,10/3/2023,38.07816
United Kingdom,GBR,10/4/2023,37.937775
United Kingdom,GBR,10/5/2023,37.445374
United Kingdom,GBR,10/6/2023,36.626106
United Kingdom,GBR,10/7/2023,36.11485
United Kingdom,GBR,10/8/2023,35.794266
United Kingdom,GBR,10/9/2023,34.95614
United Kingdom,GBR,10/10/2023,34.01744
United Kingdom,GBR,10/11/2023,33.16674
United Kingdom,GBR,10/12/2023,31.808977
United Kingdom,GBR,10/13/2023,30.652363
United Kingdom,GBR,10/14/2023,29.145832
United Kingdom,GBR,10/15/2023,27.783876
United Kingdom,GBR,10/16/2023,26.629358
United Kingdom,GBR,10/17/2023,24.798054
United Kingdom,GBR,10/18/2023,23.063133
United Kingdom,GBR,10/19/2023,21.720036
United Kingdom,GBR,10/20/2023,20.619995
United Kingdom,GBR,10/21/2023,20.14855
United Kingdom,GBR,10/22/2023,19.425665
United Kingdom,GBR,10/23/2023,18.874598
United Kingdom,GBR,10/24/2023,18.386389
United Kingdom,GBR,10/25/2023,17.801796
United Kingdom,GBR,10/26/2023,17.27168
United Kingdom,GBR,10/27/2023,16.464985
United Kingdom,GBR,10/28/2023,15.802866
United Kingdom,GBR,10/29/2023,15.348183
United Kingdom,GBR,10/30/2023,27.377386
United Kingdom,GBR,10/31/2023,25.27369
United Kingdom,GBR,11/1/2023,22.753025
United Kingdom,GBR,11/2/2023,20.253315
United Kingdom,GBR,11/3/2023,18.069996
United Kingdom,GBR,11/4/2023,15.890869
United Kingdom,GBR,11/5/2023,13.875176
United Kingdom,GBR,11/6/2023,10.250281
United Kingdom,GBR,11/7/2023,10.250281
United Kingdom,GBR,11/8/2023,10.250281
United Kingdom,GBR,11/9/2023,10.250281
United Kingdom,GBR,11/10/2023,10.250281
United Kingdom,GBR,11/11/2023,10.250281
United Kingdom,GBR,11/12/2023,10.250281
United Kingdom,GBR,11/13/2023,10.989927
United Kingdom,GBR,11/14/2023,10.989927
United Kingdom,GBR,11/15/2023,10.989927
United Kingdom,GBR,11/16/2023,10.989927
United Kingdom,GBR,11/17/2023,10.989927
United Kingdom,GBR,11/18/2023,10.989927
United Kingdom,GBR,11/19/2023,10.989927
United Kingdom,GBR,11/20/2023,9.956937
United Kingdom,GBR,11/21/2023,9.956937
United Kingdom,GBR,11/22/2023,9.956937
United Kingdom,GBR,11/23/2023,9.956937
United Kingdom,GBR,11/24/2023,9.956937
United Kingdom,GBR,11/25/2023,9.956937
United Kingdom,GBR,11/26/2023,9.956937
United Kingdom,GBR,11/27/2023,11.354512
United Kingdom,GBR,11/28/2023,11.354512
United Kingdom,GBR,11/29/2023,11.354512
United Kingdom,GBR,11/30/2023,11.354512
United Kingdom,GBR,12/1/2023,11.354512
United Kingdom,GBR,12/2/2023,11.354512
United Kingdom,GBR,12/3/2023,11.354512
United Kingdom,GBR,12/4/2023,15.89925
United Kingdom,GBR,12/5/2023,15.89925
United Kingdom,GBR,12/6/2023,15.89925
United Kingdom,GBR,12/7/2023,15.89925
United Kingdom,GBR,12/8/2023,15.89925
United Kingdom,GBR,12/9/2023,15.89925
United Kingdom,GBR,12/10/2023,15.89925
United Kingdom,GBR,12/11/2023,19.962067
United Kingdom,GBR,12/12/2023,19.962067
United Kingdom,GBR,12/13/2023,19.962067
United Kingdom,GBR,12/14/2023,19.962067
United Kingdom,GBR,12/15/2023,19.962067
United Kingdom,GBR,12/16/2023,19.962067
United Kingdom,GBR,12/17/2023,19.962067
United Kingdom,GBR,12/18/2023,22.587496
United Kingdom,GBR,12/19/2023,22.587496
United Kingdom,GBR,12/20/2023,22.587496
United Kingdom,GBR,12/21/2023,22.587496
United Kingdom,GBR,12/22/2023,22.587496
United Kingdom,GBR,12/23/2023,22.587496
United Kingdom,GBR,12/24/2023,22.587496
United Kingdom,GBR,12/25/2023,21.3785
United Kingdom,GBR,12/26/2023,21.3785
United Kingdom,GBR,12/27/2023,21.3785
United Kingdom,GBR,12/28/2023,21.3785
United Kingdom,GBR,12/29/2023,21.3785
United Kingdom,GBR,12/30/2023,21.3785
United Kingdom,GBR,12/31/2023,21.3785
United Kingdom,GBR,1/1/2024,18.646208
United Kingdom,GBR,1/2/2024,18.646208
United Kingdom,GBR,1/3/2024,18.646208
United Kingdom,GBR,1/4/2024,18.646208
United Kingdom,GBR,1/5/2024,18.646208
United Kingdom,GBR,1/6/2024,18.646208
United Kingdom,GBR,1/7/2024,18.646208
United Kingdom,GBR,1/8/2024,14.233475
United Kingdom,GBR,1/9/2024,14.233475
United Kingdom,GBR,1/10/2024,14.233475
United Kingdom,GBR,1/11/2024,14.233475
United Kingdom,GBR,1/12/2024,14.233475
United Kingdom,GBR,1/13/2024,14.233475
United Kingdom,GBR,1/14/2024,14.233475
United Kingdom,GBR,1/15/2024,13.80603
United Kingdom,GBR,1/16/2024,13.80603
United Kingdom,GBR,1/17/2024,13.80603
United Kingdom,GBR,1/18/2024,13.80603
United Kingdom,GBR,1/19/2024,13.80603
United Kingdom,GBR,1/20/2024,13.80603
United Kingdom,GBR,1/21/2024,13.80603
United Kingdom,GBR,1/22/2024,13.919178
United Kingdom,GBR,1/23/2024,13.919178
United Kingdom,GBR,1/24/2024,13.919178
United Kingdom,GBR,1/25/2024,13.919178
United Kingdom,GBR,1/26/2024,13.919178
United Kingdom,GBR,1/27/2024,13.919178
United Kingdom,GBR,1/28/2024,13.919178
United Kingdom,GBR,1/29/2024,10.874685
United Kingdom,GBR,1/30/2024,10.874685
United Kingdom,GBR,1/31/2024,10.874685
United Kingdom,GBR,2/1/2024,10.874685
United Kingdom,GBR,2/2/2024,10.874685
United Kingdom,GBR,2/3/2024,10.874685
United Kingdom,GBR,2/4/2024,10.874685
United Kingdom,GBR,2/5/2024,8.571934
United Kingdom,GBR,2/6/2024,8.571934
United Kingdom,GBR,2/7/2024,8.571934
United Kingdom,GBR,2/8/2024,8.571934
United Kingdom,GBR,2/9/2024,8.571934
United Kingdom,GBR,2/10/2024,8.571934
United Kingdom,GBR,2/11/2024,8.571934
United Kingdom,GBR,2/12/2024,6.044984
United Kingdom,GBR,2/13/2024,6.044984
United Kingdom,GBR,2/14/2024,6.044984
United Kingdom,GBR,2/15/2024,6.044984
United Kingdom,GBR,2/16/2024,6.044984
United Kingdom,GBR,2/17/2024,6.044984
United Kingdom,GBR,2/18/2024,6.044984
United Kingdom,GBR,2/19/2024,4.171772
United Kingdom,GBR,2/20/2024,4.171772
United Kingdom,GBR,2/21/2024,4.171772
United Kingdom,GBR,2/22/2024,4.171772
United Kingdom,GBR,2/23/2024,4.171772
United Kingdom,GBR,2/24/2024,4.171772
United Kingdom,GBR,2/25/2024,4.171772
United Kingdom,GBR,2/26/2024,3.3043118
United Kingdom,GBR,2/27/2024,3.3043118
United Kingdom,GBR,2/28/2024,3.3043118
United Kingdom,GBR,2/29/2024,3.3043118
United Kingdom,GBR,3/1/2024,3.3043118
United Kingdom,GBR,3/2/2024,3.3043118
United Kingdom,GBR,3/3/2024,3.3043118
United Kingdom,GBR,3/4/2024,3.3944104
United Kingdom,GBR,3/5/2024,3.3944104
United Kingdom,GBR,3/6/2024,3.3944104
United Kingdom,GBR,3/7/2024,3.3944104
United Kingdom,GBR,3/8/2024,3.3944104
United Kingdom,GBR,3/9/2024,3.3944104
United Kingdom,GBR,3/10/2024,3.3944104
United Kingdom,GBR,3/11/2024,3.6395621
United Kingdom,GBR,3/12/2024,3.6395621
United Kingdom,GBR,3/13/2024,3.6395621
United Kingdom,GBR,3/14/2024,3.6395621
United Kingdom,GBR,3/15/2024,3.6395621
United Kingdom,GBR,3/16/2024,3.6395621
United Kingdom,GBR,3/17/2024,3.6395621
United Kingdom,GBR,3/18/2024,3.1681163
United Kingdom,GBR,3/19/2024,3.1681163
United Kingdom,GBR,3/20/2024,3.1681163
United Kingdom,GBR,3/21/2024,3.1681163
United Kingdom,GBR,3/22/2024,3.1681163
United Kingdom,GBR,3/23/2024,3.1681163
United Kingdom,GBR,3/24/2024,3.1681163
United Kingdom,GBR,3/25/2024,3.065446
United Kingdom,GBR,3/26/2024,3.065446
United Kingdom,GBR,3/27/2024,3.065446
United Kingdom,GBR,3/28/2024,3.065446
United Kingdom,GBR,3/29/2024,3.065446
United Kingdom,GBR,3/30/2024,3.065446
United Kingdom,GBR,3/31/2024,3.065446
United Kingdom,GBR,4/1/2024,3.3147883
United Kingdom,GBR,4/2/2024,3.3147883
United Kingdom,GBR,4/3/2024,3.3147883
United Kingdom,GBR,4/4/2024,3.3147883
United Kingdom,GBR,4/5/2024,3.3147883
United Kingdom,GBR,4/6/2024,3.3147883
United Kingdom,GBR,4/7/2024,3.3147883
United Kingdom,GBR,4/8/2024,3.12621
United Kingdom,GBR,4/9/2024,3.12621
United Kingdom,GBR,4/10/2024,3.12621
United Kingdom,GBR,4/11/2024,3.12621
United Kingdom,GBR,4/12/2024,3.12621
United Kingdom,GBR,4/13/2024,3.12621
United Kingdom,GBR,4/14/2024,3.12621
United Kingdom,GBR,4/15/2024,3.438412
United Kingdom,GBR,4/16/2024,3.438412
United Kingdom,GBR,4/17/2024,3.438412
United Kingdom,GBR,4/18/2024,3.438412
United Kingdom,GBR,4/19/2024,3.438412
United Kingdom,GBR,4/20/2024,3.438412
United Kingdom,GBR,4/21/2024,3.438412
United Kingdom,GBR,4/22/2024,4.3226347
United Kingdom,GBR,4/23/2024,4.3226347
United Kingdom,GBR,4/24/2024,4.3226347
United Kingdom,GBR,4/25/2024,4.3226347
United Kingdom,GBR,4/26/2024,4.3226347
United Kingdom,GBR,4/27/2024,4.3226347
United Kingdom,GBR,4/28/2024,4.3226347
United Kingdom,GBR,4/29/2024,6.011459
United Kingdom,GBR,4/30/2024,6.011459
United Kingdom,GBR,5/1/2024,6.011459
United Kingdom,GBR,5/2/2024,6.011459
United Kingdom,GBR,5/3/2024,6.011459
United Kingdom,GBR,5/4/2024,6.011459
United Kingdom,GBR,5/5/2024,6.011459
United Kingdom,GBR,5/6/2024,6.2105136
United Kingdom,GBR,5/7/2024,6.2105136
United Kingdom,GBR,5/8/2024,6.2105136
United Kingdom,GBR,5/9/2024,6.2105136
United Kingdom,GBR,5/10/2024,6.2105136
United Kingdom,GBR,5/11/2024,6.2105136
United Kingdom,GBR,5/12/2024,6.2105136
United Kingdom,GBR,5/13/2024,5.475058
United Kingdom,GBR,5/14/2024,5.475058
United Kingdom,GBR,5/15/2024,5.475058
United Kingdom,GBR,5/16/2024,5.475058
United Kingdom,GBR,5/17/2024,5.475058
United Kingdom,GBR,5/18/2024,5.475058
United Kingdom,GBR,5/19/2024,5.475058
United Kingdom,GBR,5/20/2024,4.835987
United Kingdom,GBR,5/21/2024,4.835987
United Kingdom,GBR,5/22/2024,4.835987
United Kingdom,GBR,5/23/2024,4.835987
United Kingdom,GBR,5/24/2024,4.835987
United Kingdom,GBR,5/25/2024,4.835987
United Kingdom,GBR,5/26/2024,4.835987
United Kingdom,GBR,5/27/2024,5.095806
United Kingdom,GBR,5/28/2024,5.095806
United Kingdom,GBR,5/29/2024,5.095806
United Kingdom,GBR,5/30/2024,5.095806
United Kingdom,GBR,5/31/2024,5.095806
United Kingdom,GBR,6/1/2024,5.095806
United Kingdom,GBR,6/2/2024,5.095806
United Kingdom,GBR,6/3/2024,6.0889854
United Kingdom,GBR,6/4/2024,6.0889854
United Kingdom,GBR,6/5/2024,6.0889854
United Kingdom,GBR,6/6/2024,6.0889854
United Kingdom,GBR,6/7/2024,6.0889854
United Kingdom,GBR,6/8/2024,6.0889854
United Kingdom,GBR,6/9/2024,6.0889854
United Kingdom,GBR,6/10/2024,8.134013
United Kingdom,GBR,6/11/2024,8.134013
United Kingdom,GBR,6/12/2024,8.134013
United Kingdom,GBR,6/13/2024,8.134013
United Kingdom,GBR,6/14/2024,8.134013
United Kingdom,GBR,6/15/2024,8.134013
United Kingdom,GBR,6/16/2024,8.134013
United Kingdom,GBR,6/17/2024,10.254472
United Kingdom,GBR,6/18/2024,10.254472
United Kingdom,GBR,6/19/2024,10.254472
United Kingdom,GBR,6/20/2024,10.254472
United Kingdom,GBR,6/21/2024,10.254472
United Kingdom,GBR,6/22/2024,10.254472
United Kingdom,GBR,6/23/2024,10.254472
United Kingdom,GBR,6/24/2024,10.292188
United Kingdom,GBR,6/25/2024,10.292188
United Kingdom,GBR,6/26/2024,10.292188
United Kingdom,GBR,6/27/2024,10.292188
United Kingdom,GBR,6/28/2024,10.292188
United Kingdom,GBR,6/29/2024,10.292188
United Kingdom,GBR,6/30/2024,10.292188
United Kingdom,GBR,7/1/2024,10.155992
United Kingdom,GBR,7/2/2024,10.155992
United Kingdom,GBR,7/3/2024,10.155992
United Kingdom,GBR,7/4/2024,10.155992
United Kingdom,GBR,7/5/2024,10.155992
United Kingdom,GBR,7/6/2024,10.155992
United Kingdom,GBR,7/7/2024,10.155992
United Kingdom,GBR,7/8/2024,11.243461
United Kingdom,GBR,7/9/2024,11.243461
United Kingdom,GBR,7/10/2024,11.243461
United Kingdom,GBR,7/11/2024,11.243461
United Kingdom,GBR,7/12/2024,11.243461
United Kingdom,GBR,7/13/2024,11.243461
United Kingdom,GBR,7/14/2024,11.243461
United Kingdom,GBR,7/15/2024,10.90821
United Kingdom,GBR,7/16/2024,10.90821
United Kingdom,GBR,7/17/2024,10.90821
United Kingdom,GBR,7/18/2024,10.90821
United Kingdom,GBR,7/19/2024,10.90821
United Kingdom,GBR,7/20/2024,10.90821
United Kingdom,GBR,7/21/2024,10.90821
United Kingdom,GBR,7/22/2024,8.936519
United Kingdom,GBR,7/23/2024,8.936519
United Kingdom,GBR,7/24/2024,8.936519
United Kingdom,GBR,7/25/2024,8.936519
United Kingdom,GBR,7/26/2024,8.936519
United Kingdom,GBR,7/27/2024,8.936519
United Kingdom,GBR,7/28/2024,8.936519
United Kingdom,GBR,7/29/2024,7.455131
United Kingdom,GBR,7/30/2024,7.455131
United Kingdom,GBR,7/31/2024,7.455131
United Kingdom,GBR,8/1/2024,7.455131
United Kingdom,GBR,8/2/2024,7.455131
United Kingdom,GBR,8/3/2024,7.455131
United Kingdom,GBR,8/4/2024,7.455131
United Kingdom,GBR,8/5/2024,5.5546803
United Kingdom,GBR,8/6/2024,5.5546803
United Kingdom,GBR,8/7/2024,5.5546803
United Kingdom,GBR,8/8/2024,5.5546803
United Kingdom,GBR,8/9/2024,5.5546803
United Kingdom,GBR,8/10/2024,5.5546803
United Kingdom,GBR,8/11/2024,5.5546803
United Kingdom,GBR,8/12/2024,4.7542696
United Kingdom,GBR,8/13/2024,4.7542696
United Kingdom,GBR,8/14/2024,4.7542696
United Kingdom,GBR,8/15/2024,4.7542696
United Kingdom,GBR,8/16/2024,4.7542696
United Kingdom,GBR,8/17/2024,4.7542696
United Kingdom,GBR,8/18/2024,4.7542696
United Kingdom,GBR,8/19/2024,4.3331113
United Kingdom,GBR,8/20/2024,4.3331113
United Kingdom,GBR,8/21/2024,4.3331113
United Kingdom,GBR,8/22/2024,4.3331113
United Kingdom,GBR,8/23/2024,4.3331113
United Kingdom,GBR,8/24/2024,4.3331113
United Kingdom,GBR,8/25/2024,4.3331113
United Kingdom,GBR,8/26/2024,4.7773185
United Kingdom,GBR,8/27/2024,4.7773185
United Kingdom,GBR,8/28/2024,4.7773185
United Kingdom,GBR,8/29/2024,4.7773185
United Kingdom,GBR,8/30/2024,4.7773185
United Kingdom,GBR,8/31/2024,4.7773185
United Kingdom,GBR,9/1/2024,4.7773185
United Kingdom,GBR,9/2/2024,4.95542
United Kingdom,GBR,9/3/2024,4.95542
United Kingdom,GBR,9/4/2024,4.95542
United Kingdom,GBR,9/5/2024,4.95542
United Kingdom,GBR,9/6/2024,4.95542
United Kingdom,GBR,9/7/2024,4.95542
United Kingdom,GBR,9/8/2024,4.95542
United Kingdom,GBR,9/9/2024,5.227811
United Kingdom,GBR,9/10/2024,5.227811
United Kingdom,GBR,9/11/2024,5.227811
United Kingdom,GBR,9/12/2024,5.227811
United Kingdom,GBR,9/13/2024,5.227811
United Kingdom,GBR,9/14/2024,5.227811
United Kingdom,GBR,9/15/2024,5.227811
United Kingdom,GBR,9/16/2024,7.344079
United Kingdom,GBR,9/17/2024,7.344079
United Kingdom,GBR,9/18/2024,7.344079
United Kingdom,GBR,9/19/2024,7.344079
United Kingdom,GBR,9/20/2024,7.344079
United Kingdom,GBR,9/21/2024,7.344079
United Kingdom,GBR,9/22/2024,7.344079
United Kingdom,GBR,9/23/2024,7.5137997
United Kingdom,GBR,9/24/2024,7.5137997
United Kingdom,GBR,9/25/2024,7.5137997
United Kingdom,GBR,9/26/2024,7.5137997
United Kingdom,GBR,9/27/2024,7.5137997
United Kingdom,GBR,9/28/2024,7.5137997
United Kingdom,GBR,9/29/2024,7.5137997
United Kingdom,GBR,9/30/2024,8.226207
United Kingdom,GBR,10/1/2024,8.226207
United Kingdom,GBR,10/2/2024,8.226207
United Kingdom,GBR,10/3/2024,8.226207
United Kingdom,GBR,10/4/2024,8.226207
United Kingdom,GBR,10/5/2024,8.226207
United Kingdom,GBR,10/6/2024,8.226207
United Kingdom,GBR,10/7/2024,8.500693
United Kingdom,GBR,10/8/2024,8.500693
United Kingdom,GBR,10/9/2024,8.500693
United Kingdom,GBR,10/10/2024,8.500693
United Kingdom,GBR,10/11/2024,8.500693
United Kingdom,GBR,10/12/2024,8.500693
United Kingdom,GBR,10/13/2024,8.500693
United Kingdom,GBR,10/14/2024,8.190586
United Kingdom,GBR,10/15/2024,8.190586
United Kingdom,GBR,10/16/2024,8.190586
United Kingdom,GBR,10/17/2024,8.190586
United Kingdom,GBR,10/18/2024,8.190586
United Kingdom,GBR,10/19/2024,8.190586
United Kingdom,GBR,10/20/2024,8.190586
United Kingdom,GBR,10/21/2024,6.2943263
United Kingdom,GBR,10/22/2024,6.2943263
United Kingdom,GBR,10/23/2024,6.2943263
United Kingdom,GBR,10/24/2024,6.2943263
United Kingdom,GBR,10/25/2024,6.2943263
United Kingdom,GBR,10/26/2024,6.2943263
United Kingdom,GBR,10/27/2024,6.2943263
United Kingdom,GBR,10/28/2024,4.502832
United Kingdom,GBR,10/29/2024,4.502832
United Kingdom,GBR,10/30/2024,4.502832
United Kingdom,GBR,10/31/2024,4.502832
United Kingdom,GBR,11/1/2024,4.502832
United Kingdom,GBR,11/2/2024,4.502832
United Kingdom,GBR,11/3/2024,4.502832
United Kingdom,GBR,11/4/2024,3.6626108
United Kingdom,GBR,11/5/2024,3.6626108
United Kingdom,GBR,11/6/2024,3.6626108
United Kingdom,GBR,11/7/2024,3.6626108
United Kingdom,GBR,11/8/2024,3.6626108
United Kingdom,GBR,11/9/2024,3.6626108
United Kingdom,GBR,11/10/2024,3.6626108
United Kingdom,GBR,11/11/2024,2.912488
United Kingdom,GBR,11/12/2024,2.912488
United Kingdom,GBR,11/13/2024,2.912488
United Kingdom,GBR,11/14/2024,2.912488
United Kingdom,GBR,11/15/2024,2.912488
United Kingdom,GBR,11/16/2024,2.912488
United Kingdom,GBR,11/17/2024,2.912488
United Kingdom,GBR,11/18/2024,2.973252
United Kingdom,GBR,11/19/2024,2.973252
United Kingdom,GBR,11/20/2024,2.973252
United Kingdom,GBR,11/21/2024,2.973252
United Kingdom,GBR,11/22/2024,2.973252
United Kingdom,GBR,11/23/2024,2.973252
United Kingdom,GBR,11/24/2024,2.973252
United Kingdom,GBR,11/25/2024,2.9481082
United Kingdom,GBR,11/26/2024,2.9481082
United Kingdom,GBR,11/27/2024,2.9481082
United Kingdom,GBR,11/28/2024,2.9481082
United Kingdom,GBR,11/29/2024,2.9481082
United Kingdom,GBR,11/30/2024,2.9481082
United Kingdom,GBR,12/1/2024,2.9481082
United Kingdom,GBR,12/2/2024,2.9774427
United Kingdom,GBR,12/3/2024,2.9774427
United Kingdom,GBR,12/4/2024,2.9774427
United Kingdom,GBR,12/5/2024,2.9774427
United Kingdom,GBR,12/6/2024,2.9774427
United Kingdom,GBR,12/7/2024,2.9774427
United Kingdom,GBR,12/8/2024,2.9774427
United Kingdom,GBR,12/9/2024,2.927155
United Kingdom,GBR,12/10/2024,2.927155
United Kingdom,GBR,12/11/2024,2.927155
United Kingdom,GBR,12/12/2024,2.927155
United Kingdom,GBR,12/13/2024,2.927155
United Kingdom,GBR,12/14/2024,2.927155
United Kingdom,GBR,12/15/2024,2.927155
United Kingdom,GBR,12/16/2024,3.1576397
United Kingdom,GBR,12/17/2024,3.1576397
United Kingdom,GBR,12/18/2024,3.1576397
United Kingdom,GBR,12/19/2024,3.1576397
United Kingdom,GBR,12/20/2024,3.1576397
United Kingdom,GBR,12/21/2024,3.1576397
United Kingdom,GBR,12/22/2024,3.1576397
United Kingdom,GBR,12/23/2024,2.5101874
United Kingdom,GBR,12/24/2024,2.5101874
United Kingdom,GBR,12/25/2024,2.5101874
United Kingdom,GBR,12/26/2024,2.5101874
United Kingdom,GBR,12/27/2024,2.5101874
United Kingdom,GBR,12/28/2024,2.5101874
United Kingdom,GBR,12/29/2024,2.5101874
United Kingdom,GBR,12/30/2024,2.5458078
United Kingdom,GBR,12/31/2024,2.5458078
United Kingdom,GBR,1/1/2025,2.5458078
United Kingdom,GBR,1/2/2025,2.5458078
United Kingdom,GBR,1/3/2025,2.5458078
United Kingdom,GBR,1/4/2025,2.5458078
United Kingdom,GBR,1/5/2025,2.5458078
United Kingdom,GBR,1/6/2025,2.1916995
United Kingdom,GBR,1/7/2025,2.1916995
United Kingdom,GBR,1/8/2025,2.1916995
United Kingdom,GBR,1/9/2025,2.1916995
United Kingdom,GBR,1/10/2025,2.1916995
United Kingdom,GBR,1/11/2025,2.1916995
United Kingdom,GBR,1/12/2025,2.1916995
United Kingdom,GBR,1/13/2025,2.0806477
United Kingdom,GBR,1/14/2025,2.0806477
United Kingdom,GBR,1/15/2025,2.0806477
United Kingdom,GBR,1/16/2025,2.0806477
United Kingdom,GBR,1/17/2025,2.0806477
United Kingdom,GBR,1/18/2025,2.0806477
United Kingdom,GBR,1/19/2025,2.0806477
United Kingdom,GBR,1/20/2025,2.0115025
United Kingdom,GBR,1/21/2025,2.0115025
United Kingdom,GBR,1/22/2025,2.0115025
United Kingdom,GBR,1/23/2025,2.0115025
United Kingdom,GBR,1/24/2025,2.0115025
United Kingdom,GBR,1/25/2025,2.0115025
United Kingdom,GBR,1/26/2025,2.0115025
United Kingdom,GBR,1/27/2025,2.042932
United Kingdom,GBR,1/28/2025,2.042932
United Kingdom,GBR,1/29/2025,2.042932
United Kingdom,GBR,1/30/2025,2.042932
United Kingdom,GBR,1/31/2025,2.042932
United Kingdom,GBR,2/1/2025,2.042932
United Kingdom,GBR,2/2/2025,2.042932
United Kingdom,GBR,2/3/2025,1.975882
United Kingdom,GBR,2/4/2025,1.975882
United Kingdom,GBR,2/5/2025,1.975882
United Kingdom,GBR,2/6/2025,1.975882
United Kingdom,GBR,2/7/2025,1.975882
United Kingdom,GBR,2/8/2025,1.975882
United Kingdom,GBR,2/9/2025,1.975882
United Kingdom,GBR,2/10/2025,2.0701714
United Kingdom,GBR,2/11/2025,2.0701714
United Kingdom,GBR,2/12/2025,2.0701714
United Kingdom,GBR,2/13/2025,2.0701714
United Kingdom,GBR,2/14/2025,2.0701714
United Kingdom,GBR,2/15/2025,2.0701714
United Kingdom,GBR,2/16/2025,2.0701714
United Kingdom,GBR,2/17/2025,2.3593247
United Kingdom,GBR,2/18/2025,2.3593247
United Kingdom,GBR,2/19/2025,2.3593247
United Kingdom,GBR,2/20/2025,2.3593247
United Kingdom,GBR,2/21/2025,2.3593247
United Kingdom,GBR,2/22/2025,2.3593247
United Kingdom,GBR,2/23/2025,2.3593247
United Kingdom,GBR,2/24/2025,2.107887
United Kingdom,GBR,2/25/2025,2.107887
United Kingdom,GBR,2/26/2025,2.107887
United Kingdom,GBR,2/27/2025,2.107887
United Kingdom,GBR,2/28/2025,2.107887
United Kingdom,GBR,3/1/2025,2.107887
United Kingdom,GBR,3/2/2025,2.107887
United Kingdom,GBR,3/3/2025,2.1979854
United Kingdom,GBR,3/4/2025,2.1979854
United Kingdom,GBR,3/5/2025,2.1979854
United Kingdom,GBR,3/6/2025,2.1979854
United Kingdom,GBR,3/7/2025,2.1979854
United Kingdom,GBR,3/8/2025,2.1979854
United Kingdom,GBR,3/9/2025,2.1979854
United Kingdom,GBR,3/10/2025,2.2000809
United Kingdom,GBR,3/11/2025,2.2000809
United Kingdom,GBR,3/12/2025,2.2000809
United Kingdom,GBR,3/13/2025,2.2000809
United Kingdom,GBR,3/14/2025,2.2000809
United Kingdom,GBR,3/15/2025,2.2000809
United Kingdom,GBR,3/16/2025,2.2000809
United Kingdom,GBR,3/17/2025,2.6212392
United Kingdom,GBR,3/18/2025,2.6212392
United Kingdom,GBR,3/19/2025,2.6212392
United Kingdom,GBR,3/20/2025,2.6212392
United Kingdom,GBR,3/21/2025,2.6212392
United Kingdom,GBR,3/22/2025,2.6212392
United Kingdom,GBR,3/23/2025,2.6212392
United Kingdom,GBR,3/24/2025,2.5458078
United Kingdom,GBR,3/25/2025,2.5458078
United Kingdom,GBR,3/26/2025,2.5458078
United Kingdom,GBR,3/27/2025,2.5458078
United Kingdom,GBR,3/28/2025,2.5458078
United Kingdom,GBR,3/29/2025,2.5458078
United Kingdom,GBR,3/30/2025,2.5458078
United Kingdom,GBR,3/31/2025,2.746958
United Kingdom,GBR,4/1/2025,2.746958
United Kingdom,GBR,4/2/2025,2.746958
United Kingdom,GBR,4/3/2025,2.746958
United Kingdom,GBR,4/4/2025,2.746958
United Kingdom,GBR,4/5/2025,2.746958
United Kingdom,GBR,4/6/2025,2.746958
United Kingdom,GBR,4/7/2025,2.8014362
United Kingdom,GBR,4/8/2025,2.8014362
United Kingdom,GBR,4/9/2025,2.8014362
United Kingdom,GBR,4/10/2025,2.8014362
United Kingdom,GBR,4/11/2025,2.8014362
United Kingdom,GBR,4/12/2025,2.8014362
United Kingdom,GBR,4/13/2025,2.8014362
United Kingdom,GBR,4/14/2025,2.6317158
United Kingdom,GBR,4/15/2025,2.6317158
United Kingdom,GBR,4/16/2025,2.6317158
United Kingdom,GBR,4/17/2025,2.6317158
United Kingdom,GBR,4/18/2025,2.6317158
United Kingdom,GBR,4/19/2025,2.6317158
United Kingdom,GBR,4/20/2025,2.6317158
United Kingdom,GBR,4/21/2025,2.8622003
United Kingdom,GBR,4/22/2025,2.8622003
United Kingdom,GBR,4/23/2025,2.8622003
United Kingdom,GBR,4/24/2025,2.8622003
United Kingdom,GBR,4/25/2025,2.8622003
United Kingdom,GBR,4/26/2025,2.8622003
United Kingdom,GBR,4/27/2025,2.8622003
United Kingdom,GBR,4/28/2025,2.9250598
United Kingdom,GBR,4/29/2025,2.9250598
United Kingdom,GBR,4/30/2025,2.9250598
United Kingdom,GBR,5/1/2025,2.9250598
United Kingdom,GBR,5/2/2025,2.9250598
United Kingdom,GBR,5/3/2025,2.9250598
United Kingdom,GBR,5/4/2025,2.9250598
United Kingdom,GBR,5/5/2025,2.453614
United Kingdom,GBR,5/6/2025,2.453614
United Kingdom,GBR,5/7/2025,2.453614
United Kingdom,GBR,5/8/2025,2.453614
United Kingdom,GBR,5/9/2025,2.453614
United Kingdom,GBR,5/10/2025,2.453614
United Kingdom,GBR,5/11/2025,2.453614
United Kingdom,GBR,5/12/2025,2.5751421
United Kingdom,GBR,5/13/2025,2.5751421
United Kingdom,GBR,5/14/2025,2.5751421
United Kingdom,GBR,5/15/2025,2.5751421
United Kingdom,GBR,5/16/2025,2.5751421
United Kingdom,GBR,5/17/2025,2.5751421
United Kingdom,GBR,5/18/2025,2.5751421
United Kingdom,GBR,5/19/2025,2.7029564
United Kingdom,GBR,5/20/2025,2.7029564
United Kingdom,GBR,5/21/2025,2.7029564
United Kingdom,GBR,5/22/2025,2.7029564
United Kingdom,GBR,5/23/2025,2.7029564
United Kingdom,GBR,5/24/2025,2.7029564
United Kingdom,GBR,5/25/2025,2.7029564
United Kingdom,GBR,5/26/2025,2.9145832
United Kingdom,GBR,5/27/2025,2.9145832
United Kingdom,GBR,5/28/2025,2.9145832
United Kingdom,GBR,5/29/2025,2.9145832
United Kingdom,GBR,5/30/2025,2.9145832
United Kingdom,GBR,5/31/2025,2.9145832
United Kingdom,GBR,6/1/2025,2.9145832
United Kingdom,GBR,6/2/2025,3.0361114
United Kingdom,GBR,6/3/2025,3.0361114
United Kingdom,GBR,6/4/2025,3.0361114
United Kingdom,GBR,6/5/2025,3.0361114
United Kingdom,GBR,6/6/2025,3.0361114
United Kingdom,GBR,6/7/2025,3.0361114
United Kingdom,GBR,6/8/2025,3.0361114
United Kingdom,GBR,6/9/2025,3.5578449
United Kingdom,GBR,6/10/2025,3.5578449
United Kingdom,GBR,6/11/2025,3.5578449
United Kingdom,GBR,6/12/2025,3.5578449
United Kingdom,GBR,6/13/2025,3.5578449
United Kingdom,GBR,6/14/2025,3.5578449
United Kingdom,GBR,6/15/2025,3.5578449
United Kingdom,GBR,6/16/2025,3.471937
United Kingdom,GBR,6/17/2025,3.471937
United Kingdom,GBR,6/18/2025,3.471937
United Kingdom,GBR,6/19/2025,3.471937
United Kingdom,GBR,6/20/2025,3.471937
United Kingdom,GBR,6/21/2025,3.471937
United Kingdom,GBR,6/22/2025,3.471937
United Kingdom,GBR,6/23/2025,2.7322907
United Kingdom,GBR,6/24/2025,2.7322907
United Kingdom,GBR,6/25/2025,2.7322907
United Kingdom,GBR,6/26/2025,2.7322907
United Kingdom,GBR,6/27/2025,2.7322907
United Kingdom,GBR,6/28/2025,2.7322907
United Kingdom,GBR,6/29/2025,2.7322907
United Kingdom,GBR,6/30/2025,2.480853
United Kingdom,GBR,7/1/2025,2.480853
United Kingdom,GBR,7/2/2025,2.480853
United Kingdom,GBR,7/3/2025,2.480853
United Kingdom,GBR,7/4/2025,2.480853
United Kingdom,GBR,7/5/2025,2.480853
United Kingdom,GBR,7/6/2025,2.480853
United Kingdom,GBR,7/7/2025,2.7679112
United Kingdom,GBR,7/8/2025,2.7679112
United Kingdom,GBR,7/9/2025,2.7679112
United Kingdom,GBR,7/10/2025,2.7679112
United Kingdom,GBR,7/11/2025,2.7679112
United Kingdom,GBR,7/12/2025,2.7679112
United Kingdom,GBR,7/13/2025,2.7679112
United Kingdom,GBR,7/14/2025,3.0717318
United Kingdom,GBR,7/15/2025,3.0717318
United Kingdom,GBR,7/16/2025,3.0717318
United Kingdom,GBR,7/17/2025,3.0717318
United Kingdom,GBR,7/18/2025,3.0717318
United Kingdom,GBR,7/19/2025,3.0717318
United Kingdom,GBR,7/20/2025,3.0717318
United Kingdom,GBR,7/21/2025,2.6882892
United Kingdom,GBR,7/22/2025,2.6882892
United Kingdom,GBR,7/23/2025,2.6882892
United Kingdom,GBR,7/24/2025,2.6882892
United Kingdom,GBR,7/25/2025,2.6882892
United Kingdom,GBR,7/26/2025,2.6882892
United Kingdom,GBR,7/27/2025,2.6882892
United Kingdom,GBR,7/28/2025,3.2833586
United Kingdom,GBR,7/29/2025,3.2833586
United Kingdom,GBR,7/30/2025,3.2833586
United Kingdom,GBR,7/31/2025,3.2833586
United Kingdom,GBR,8/1/2025,3.2833586
United Kingdom,GBR,8/2/2025,3.2833586
United Kingdom,GBR,8/3/2025,3.2833586
United Kingdom,GBR,8/4/2025,3.8155687
United Kingdom,GBR,8/5/2025,3.8155687
United Kingdom,GBR,8/6/2025,3.8155687
United Kingdom,GBR,8/7/2025,3.8155687
United Kingdom,GBR,8/8/2025,3.8155687
United Kingdom,GBR,8/9/2025,3.8155687
United Kingdom,GBR,8/10/2025,3.8155687
United Kingdom,GBR,8/11/2025,4.282824
United Kingdom,GBR,8/12/2025,4.282824
United Kingdom,GBR,8/13/2025,4.282824
United Kingdom,GBR,8/14/2025,4.282824
United Kingdom,GBR,8/15/2025,4.282824
United Kingdom,GBR,8/16/2025,4.282824
United Kingdom,GBR,8/17/2025,4.282824
United Kingdom,GBR,8/18/2025,3.8323312
United Kingdom,GBR,8/19/2025,3.8323312
United Kingdom,GBR,8/20/2025,3.8323312
United Kingdom,GBR,8/21/2025,3.8323312
United Kingdom,GBR,8/22/2025,3.8323312
United Kingdom,GBR,8/23/2025,3.8323312
United Kingdom,GBR,8/24/2025,3.8323312
United Kingdom,GBR,8/25/2025,4.314254
United Kingdom,GBR,8/26/2025,4.314254
United Kingdom,GBR,8/27/2025,4.314254
United Kingdom,GBR,8/28/2025,4.314254
United Kingdom,GBR,8/29/2025,4.314254
United Kingdom,GBR,8/30/2025,4.314254
United Kingdom,GBR,8/31/2025,4.314254
United Kingdom,GBR,9/1/2025,4.7060776
United Kingdom,GBR,9/2/2025,4.7060776
United Kingdom,GBR,9/3/2025,4.7060776
United Kingdom,GBR,9/4/2025,4.7060776
United Kingdom,GBR,9/5/2025,4.7060776
United Kingdom,GBR,9/6/2025,4.7060776
United Kingdom,GBR,9/7/2025,4.7060776
United Kingdom,GBR,9/8/2025,5.0497093
United Kingdom,GBR,9/9/2025,5.0497093
United Kingdom,GBR,9/10/2025,5.0497093
United Kingdom,GBR,9/11/2025,5.0497093
United Kingdom,GBR,9/12/2025,5.0497093
United Kingdom,GBR,9/13/2025,5.0497093
United Kingdom,GBR,9/14/2025,5.0497093
United Kingdom,GBR,9/15/2025,6.413759
United Kingdom,GBR,9/16/2025,6.413759
United Kingdom,GBR,9/17/2025,6.413759
United Kingdom,GBR,9/18/2025,6.413759
United Kingdom,GBR,9/19/2025,6.413759
United Kingdom,GBR,9/20/2025,6.413759
United Kingdom,GBR,9/21/2025,6.413759
United Kingdom,GBR,9/22/2025,7.1806445
United Kingdom,GBR,9/23/2025,7.1806445
United Kingdom,GBR,9/24/2025,7.1806445
United Kingdom,GBR,9/25/2025,7.1806445
United Kingdom,GBR,9/26/2025,7.1806445
United Kingdom,GBR,9/27/2025,7.1806445
United Kingdom,GBR,9/28/2025,7.1806445
United Kingdom,GBR,9/29/2025,8.601268
United Kingdom,GBR,9/30/2025,8.601268
United Kingdom,GBR,10/1/2025,8.601268
United Kingdom,GBR,10/2/2025,8.601268
United Kingdom,GBR,10/3/2025,8.601268
United Kingdom,GBR,10/4/2025,8.601268
United Kingdom,GBR,10/5/2025,8.601268
United Kingdom,GBR,10/6/2025,7.2015977
United Kingdom,GBR,10/7/2025,7.2015977
United Kingdom,GBR,10/8/2025,7.2015977
United Kingdom,GBR,10/9/2025,7.2015977
United Kingdom,GBR,10/10/2025,7.2015977
United Kingdom,GBR,10/11/2025,7.2015977
United Kingdom,GBR,10/12/2025,7.2015977
United Kingdom,GBR,10/13/2025,5.8501196
United Kingdom,GBR,10/14/2025,5.8501196
United Kingdom,GBR,10/15/2025,5.8501196
United Kingdom,GBR,10/16/2025,5.8501196
United Kingdom,GBR,10/17/2025,5.8501196
United Kingdom,GBR,10/18/2025,5.8501196
United Kingdom,GBR,10/19/2025,5.8501196
United Kingdom,GBR,10/20/2025,4.630646
United Kingdom,GBR,10/21/2025,4.630646
United Kingdom,GBR,10/22/2025,4.630646
United Kingdom,GBR,10/23/2025,4.630646
United Kingdom,GBR,10/24/2025,4.630646
United Kingdom,GBR,10/25/2025,4.630646
United Kingdom,GBR,10/26/2025,4.630646
United Kingdom,GBR,10/27/2025,3.830236
United Kingdom,GBR,10/28/2025,3.830236
United Kingdom,GBR,10/29/2025,3.830236
United Kingdom,GBR,10/30/2025,3.830236
United Kingdom,GBR,10/31/2025,3.830236
United Kingdom,GBR,11/1/2025,3.830236
United Kingdom,GBR,11/2/2025,3.830236
United Kingdom,GBR,11/3/2025,2.899916
United Kingdom,GBR,11/4/2025,2.899916
United Kingdom,GBR,11/5/2025,2.899916
United Kingdom,GBR,11/6/2025,2.899916
United Kingdom,GBR,11/7/2025,2.899916
United Kingdom,GBR,11/8/2025,2.899916
United Kingdom,GBR,11/9/2025,2.899916
United Kingdom,GBR,11/10/2025,1.988454
United Kingdom,GBR,11/11/2025,1.988454
United Kingdom,GBR,11/12/2025,1.988454
United Kingdom,GBR,11/13/2025,1.988454
United Kingdom,GBR,11/14/2025,1.988454
United Kingdom,GBR,11/15/2025,1.988454
United Kingdom,GBR,11/16/2025,1.988454
United Kingdom,GBR,11/17/2025,1.5966301
United Kingdom,GBR,11/18/2025,1.5966301
United Kingdom,GBR,11/19/2025,1.5966301
United Kingdom,GBR,11/20/2025,1.5966301
United Kingdom,GBR,11/21/2025,1.5966301
United Kingdom,GBR,11/22/2025,1.5966301
United Kingdom,GBR,11/23/2025,1.5966301
United Kingdom,GBR,11/24/2025,1.8920695
United Kingdom,GBR,11/25/2025,1.8920695
United Kingdom,GBR,11/26/2025,1.8920695
United Kingdom,GBR,11/27/2025,1.8920695
United Kingdom,GBR,11/28/2025,1.8920695
United Kingdom,GBR,11/29/2025,1.8920695
United Kingdom,GBR,11/30/2025,1.8920695
United Kingdom,GBR,12/1/2025,2.1770322
United Kingdom,GBR,12/2/2025,2.1770322
United Kingdom,GBR,12/3/2025,2.1770322
United Kingdom,GBR,12/4/2025,2.1770322
United Kingdom,GBR,12/5/2025,2.1770322
United Kingdom,GBR,12/6/2025,2.1770322
United Kingdom,GBR,12/7/2025,2.1770322
United Kingdom,GBR,12/8/2025,2.107887
United Kingdom,GBR,12/9/2025,2.107887
United Kingdom,GBR,12/10/2025,2.107887
United Kingdom,GBR,12/11/2025,2.107887
United Kingdom,GBR,12/12/2025,2.107887
United Kingdom,GBR,12/13/2025,2.107887
United Kingdom,GBR,12/14/2025,2.107887
United Kingdom,GBR,12/15/2025,1.6804427
United Kingdom,GBR,12/16/2025,1.6804427
United Kingdom,GBR,12/17/2025,1.6804427
United Kingdom,GBR,12/18/2025,1.6804427
United Kingdom,GBR,12/19/2025,1.6804427
United Kingdom,GBR,12/20/2025,1.6804427
United Kingdom,GBR,12/21/2025,1.6804427
United Kingdom,GBR,12/22/2025,1.5337706
United Kingdom,GBR,12/23/2025,1.5337706
United Kingdom,GBR,12/24/2025,1.5337706
United Kingdom,GBR,12/25/2025,1.5337706
United Kingdom,GBR,12/26/2025,1.5337706
United Kingdom,GBR,12/27/2025,1.5337706
United Kingdom,GBR,12/28/2025,1.5337706
United Kingdom,GBR,12/29/2025,1.7097771
United Kingdom,GBR,12/30/2025,1.7097771
United Kingdom,GBR,12/31/2025,1.7097771
United Kingdom,GBR,1/1/2026,1.7097771
United Kingdom,GBR,1/2/2026,1.7097771
United Kingdom,GBR,1/3/2026,1.7097771
United Kingdom,GBR,1/4/2026,1.7097771
United Kingdom,GBR,1/5/2026,1.6867286
United Kingdom,GBR,1/6/2026,1.6867286
United Kingdom,GBR,1/7/2026,1.6867286
United Kingdom,GBR,1/8/2026,1.6867286
United Kingdom,GBR,1/9/2026,1.6867286
United Kingdom,GBR,1/10/2026,1.6867286
United Kingdom,GBR,1/11/2026,1.6867286
United Kingdom,GBR,1/12/2026,1.82921
United Kingdom,GBR,1/13/2026,1.82921
United Kingdom,GBR,1/14/2026,1.82921
United Kingdom,GBR,1/15/2026,1.82921
United Kingdom,GBR,1/16/2026,1.82921
United Kingdom,GBR,1/17/2026,1.82921
United Kingdom,GBR,1/18/2026,1.82921
United Kingdom,GBR,1/19/2026,2.0052164
United Kingdom,GBR,1/20/2026,2.0052164
United Kingdom,GBR,1/21/2026,2.0052164
United Kingdom,GBR,1/22/2026,2.0052164
United Kingdom,GBR,1/23/2026,2.0052164
United Kingdom,GBR,1/24/2026,2.0052164
United Kingdom,GBR,1/25/2026,2.0052164
United Kingdom,GBR,1/26/2026,1.8522584
United Kingdom,GBR,1/27/2026,1.8522584
United Kingdom,GBR,1/28/2026,1.8522584
United Kingdom,GBR,1/29/2026,1.8522584
United Kingdom,GBR,1/30/2026,1.8522584
United Kingdom,GBR,1/31/2026,1.8522584
United Kingdom,GBR,2/1/2026,1.8522584
United Kingdom,GBR,2/2/2026,2.2755122
United Kingdom,GBR,2/3/2026,2.2755122
United Kingdom,GBR,2/4/2026,2.2755122
United Kingdom,GBR,2/5/2026,2.2755122
United Kingdom,GBR,2/6/2026,2.2755122
United Kingdom,GBR,2/7/2026,2.2755122
United Kingdom,GBR,2/8/2026,2.2755122
United Kingdom,GBR,2/9/2026,2.1204588
United Kingdom,GBR,2/10/2026,2.1204588
United Kingdom,GBR,2/11/2026,2.1204588
United Kingdom,GBR,2/12/2026,2.1204588
United Kingdom,GBR,2/13/2026,2.1204588
United Kingdom,GBR,2/14/2026,2.1204588
United Kingdom,GBR,2/15/2026,2.1204588
United Kingdom,GBR,2/16/2026,1.8836882
United Kingdom,GBR,2/17/2026,1.8836882
United Kingdom,GBR,2/18/2026,1.8836882
United Kingdom,GBR,2/19/2026,1.8836882
United Kingdom,GBR,2/20/2026,1.8836882
United Kingdom,GBR,2/21/2026,1.8836882
United Kingdom,GBR,2/22/2026,1.8836882
United Kingdom,GBR,2/23/2026,1.5987253
United Kingdom,GBR,2/24/2026,1.5987253
United Kingdom,GBR,2/25/2026,1.5987253
United Kingdom,GBR,2/26/2026,1.5987253
United Kingdom,GBR,2/27/2026,1.5987253
United Kingdom,GBR,2/28/2026,1.5987253
United Kingdom,GBR,3/1/2026,1.5987253
United Kingdom,GBR,3/2/2026,1.2529984
United Kingdom,GBR,3/3/2026,1.2529984
United Kingdom,GBR,3/4/2026,1.2529984
United Kingdom,GBR,3/5/2026,1.2529984
United Kingdom,GBR,3/6/2026,1.2529984
United Kingdom,GBR,3/7/2026,1.2529984
United Kingdom,GBR,3/8/2026,1.2529984
United Kingdom,GBR,3/9/2026,1.1649952
United Kingdom,GBR,3/10/2026,1.1649952
United Kingdom,GBR,3/11/2026,1.1649952
United Kingdom,GBR,3/12/2026,1.1649952
United Kingdom,GBR,3/13/2026,1.1649952
United Kingdom,GBR,3/14/2026,1.1649952
United Kingdom,GBR,3/15/2026,1.1649952
United Kingdom,GBR,3/16/2026,1.1524233
United Kingdom,GBR,3/17/2026,1.1524233
United Kingdom,GBR,3/18/2026,1.1524233
United Kingdom,GBR,3/19/2026,1.1524233
United Kingdom,GBR,3/20/2026,1.1524233
United Kingdom,GBR,3/21/2026,1.1524233
United Kingdom,GBR,3/22/2026,1.1524233
United Kingdom,GBR,3/23/2026,1.0036559
United Kingdom,GBR,3/24/2026,1.0036559
United Kingdom,GBR,3/25/2026,1.0036559
United Kingdom,GBR,3/26/2026,1.0036559
United Kingdom,GBR,3/27/2026,1.0036559
United Kingdom,GBR,3/28/2026,1.0036559
United Kingdom,GBR,3/29/2026,1.0036559
United Kingdom,GBR,3/30/2026,0.93031985
United Kingdom,GBR,3/31/2026,0.93031985
United Kingdom,GBR,4/1/2026,0.93031985
United Kingdom,GBR,4/2/2026,0.93031985
United Kingdom,GBR,4/3/2026,0.93031985
United Kingdom,GBR,4/4/2026,0.93031985
United Kingdom,GBR,4/5/2026,0.93031985
United Kingdom,GBR,4/6/2026,0.7019305
United Kingdom,GBR,4/7/2026,0.7019305
United Kingdom,GBR,4/8/2026,0.7019305
United Kingdom,GBR,4/9/2026,0.7019305
United Kingdom,GBR,4/10/2026,0.7019305
United Kingdom,GBR,4/11/2026,0.7019305
United Kingdom,GBR,4/12/2026,0.7019305
United Kingdom,GBR,4/13/2026,0.50916153
United Kingdom,GBR,4/14/2026,0.50916153
United Kingdom,GBR,4/15/2026,0.50916153
United Kingdom,GBR,4/16/2026,0.50916153
United Kingdom,GBR,4/17/2026,0.50916153
United Kingdom,GBR,4/18/2026,0.50916153
United Kingdom,GBR,4/19/2026,0.50916153
United Kingdom,GBR,4/20/2026,0.36668012
United Kingdom,GBR,4/21/2026,0.36668012
United Kingdom,GBR,4/22/2026,0.36668012
United Kingdom,GBR,4/23/2026,0.36668012
United Kingdom,GBR,4/24/2026,0.36668012
United Kingdom,GBR,4/25/2026,0.36668012
United Kingdom,GBR,4/26/2026,0.36668012
United States,USA,3/1/2020,0.013803268
United States,USA,3/2/2020,0.014221548
United States,USA,3/3/2020,0.021750603
United States,USA,3/4/2020,0.03471731
United States,USA,3/5/2020,0.05437651
United States,USA,3/6/2020,0.08030992
United States,USA,3/7/2020,0.11084442
United States,USA,3/8/2020,0.1635478
United States,USA,3/9/2020,0.22085229
United States,USA,3/10/2020,0.30199876
United States,USA,3/11/2020,0.45048845
United States,USA,3/12/2020,0.6370417
United States,USA,3/13/2020,0.8273595
United States,USA,3/14/2020,1.0988238
United States,USA,3/15/2020,1.4493431
United States,USA,3/16/2020,1.8981584
United States,USA,3/17/2020,2.7025125
United States,USA,3/18/2020,3.5302901
United States,USA,3/19/2020,4.673033
United States,USA,3/20/2020,6.4871173
United States,USA,3/21/2020,8.739978
United States,USA,3/22/2020,11.496867
United States,USA,3/23/2020,14.797521
United States,USA,3/24/2020,18.407284
United States,USA,3/25/2020,21.91457
United States,USA,3/26/2020,25.3039
United States,USA,3/27/2020,29.174252
United States,USA,3/28/2020,34.34462
United States,USA,3/29/2020,39.69234
United States,USA,3/30/2020,44.528923
United States,USA,3/31/2020,50.968773
United States,USA,4/1/2020,52.968994
United States,USA,4/2/2020,57.95825
United States,USA,4/3/2020,64.048
United States,USA,4/4/2020,68.781265
United States,USA,4/5/2020,73.68059
United States,USA,4/6/2020,78.4745
United States,USA,4/7/2020,78.81875
United States,USA,4/8/2020,84.295296
United States,USA,4/9/2020,86.84472
United States,USA,4/10/2020,89.13439
United States,USA,4/11/2020,91.20614
United States,USA,4/12/2020,91.675446
United States,USA,4/13/2020,91.4249
United States,USA,4/14/2020,91.47091
United States,USA,4/15/2020,90.05502
United States,USA,4/16/2020,88.34175
United States,USA,4/17/2020,84.60232
United States,USA,4/18/2020,83.243324
United States,USA,4/19/2020,82.045784
United States,USA,4/20/2020,80.6847
United States,USA,4/21/2020,80.25638
United States,USA,4/22/2020,80.751625
United States,USA,4/23/2020,81.03104
United States,USA,4/24/2020,83.23203
United States,USA,4/25/2020,83.95022
United States,USA,4/26/2020,85.81659
United States,USA,4/27/2020,88.04268
United States,USA,4/28/2020,88.03975
United States,USA,4/29/2020,86.92294
United States,USA,4/30/2020,86.08972
United States,USA,5/1/2020,84.543755
United States,USA,5/2/2020,83.71138
United States,USA,5/3/2020,83.001976
United States,USA,5/4/2020,80.78049
United States,USA,5/5/2020,80.7236
United States,USA,5/6/2020,80.12379
United States,USA,5/7/2020,79.68166
United States,USA,5/8/2020,79.12367
United States,USA,5/9/2020,78.007286
United States,USA,5/10/2020,76.23001
United States,USA,5/11/2020,75.236595
United States,USA,5/12/2020,73.03183
United States,USA,5/13/2020,72.03883
United States,USA,5/14/2020,72.467155
United States,USA,5/15/2020,69.07741
United States,USA,5/16/2020,71.62515
United States,USA,5/17/2020,70.70284
United States,USA,5/18/2020,70.77145
United States,USA,5/19/2020,70.46233
United States,USA,5/20/2020,71.63101
United States,USA,5/21/2020,70.80323
United States,USA,5/22/2020,73.384026
United States,USA,5/23/2020,69.84872
United States,USA,5/24/2020,69.57056
United States,USA,5/25/2020,67.63978
United States,USA,5/26/2020,67.94679
United States,USA,5/27/2020,66.539276
United States,USA,5/28/2020,64.693405
United States,USA,5/29/2020,63.02112
United States,USA,5/30/2020,62.180794
United States,USA,5/31/2020,61.251373
United States,USA,6/1/2020,62.364834
United States,USA,6/2/2020,62.705734
United States,USA,6/3/2020,61.776314
United States,USA,6/4/2020,63.22524
United States,USA,6/5/2020,63.721737
United States,USA,6/6/2020,62.33639
United States,USA,6/7/2020,62.650105
United States,USA,6/8/2020,62.29791
United States,USA,6/9/2020,61.038467
United States,USA,6/10/2020,61.45424
United States,USA,6/11/2020,60.453293
United States,USA,6/12/2020,61.074856
United States,USA,6/13/2020,61.919785
United States,USA,6/14/2020,63.52682
United States,USA,6/15/2020,64.84399
United States,USA,6/16/2020,65.81565
United States,USA,6/17/2020,66.83626
United States,USA,6/18/2020,69.427925
United States,USA,6/19/2020,70.94838
United States,USA,6/20/2020,73.3033
United States,USA,6/21/2020,75.29933
United States,USA,6/22/2020,78.241104
United States,USA,6/23/2020,80.98795
United States,USA,6/24/2020,84.37895
United States,USA,6/25/2020,89.86262
United States,USA,6/26/2020,94.67452
United States,USA,6/27/2020,102.41313
United States,USA,6/28/2020,108.03274
United States,USA,6/29/2020,112.29334
United States,USA,6/30/2020,116.57571
United States,USA,7/1/2020,120.6828
United States,USA,7/2/2020,124.600426
United States,USA,7/3/2020,133.8118
United States,USA,7/4/2020,137.33833
United States,USA,7/5/2020,143.12148
United States,USA,7/6/2020,145.34883
United States,USA,7/7/2020,146.53256
United States,USA,7/8/2020,151.65483
United States,USA,7/9/2020,155.6289
United States,USA,7/10/2020,157.90143
United States,USA,7/11/2020,160.6165
United States,USA,7/12/2020,164.05183
United States,USA,7/13/2020,172.11797
United States,USA,7/14/2020,179.7587
United States,USA,7/15/2020,182.06927
United States,USA,7/16/2020,185.31598
United States,USA,7/17/2020,188.50076
United States,USA,7/18/2020,191.52829
United States,USA,7/19/2020,195.03055
United States,USA,7/20/2020,194.6382
United States,USA,7/21/2020,195.19536
United States,USA,7/22/2020,196.12895
United States,USA,7/23/2020,195.63538
United States,USA,7/24/2020,195.64668
United States,USA,7/25/2020,197.30348
United States,USA,7/26/2020,195.71402
United States,USA,7/27/2020,193.3181
United States,USA,7/28/2020,192.37572
United States,USA,7/29/2020,190.48843
United States,USA,7/30/2020,188.55263
United States,USA,7/31/2020,185.39001
United States,USA,8/1/2020,182.46162
United States,USA,8/2/2020,180.3836
United States,USA,8/3/2020,178.21524
United States,USA,8/4/2020,175.32492
United States,USA,8/5/2020,171.69508
United States,USA,8/6/2020,168.91267
United States,USA,8/7/2020,165.03815
United States,USA,8/8/2020,159.61053
United States,USA,8/9/2020,157.23553
United States,USA,8/10/2020,155.25581
United States,USA,8/11/2020,153.42542
United States,USA,8/12/2020,152.60893
United States,USA,8/13/2020,155.4959
United States,USA,8/14/2020,154.99396
United States,USA,8/15/2020,154.30673
United States,USA,8/16/2020,151.69456
United States,USA,8/17/2020,151.46785
United States,USA,8/18/2020,149.38565
United States,USA,8/19/2020,148.63777
United States,USA,8/20/2020,141.38771
United States,USA,8/21/2020,138.11758
United States,USA,8/22/2020,135.88606
United States,USA,8/23/2020,132.08807
United States,USA,8/24/2020,128.49629
United States,USA,8/25/2020,126.285675
United States,USA,8/26/2020,123.82911
United States,USA,8/27/2020,123.389496
United States,USA,8/28/2020,123.32927
United States,USA,8/29/2020,123.635864
United States,USA,8/30/2020,123.370255
United States,USA,8/31/2020,122.68344
United States,USA,9/1/2020,122.86121
United States,USA,9/2/2020,124.10769
United States,USA,9/3/2020,123.523766
United States,USA,9/4/2020,122.359695
United States,USA,9/5/2020,121.670364
United States,USA,9/6/2020,123.49867
United States,USA,9/7/2020,123.59111
United States,USA,9/8/2020,122.58807
United States,USA,9/9/2020,116.807434
United States,USA,9/10/2020,112.15447
United States,USA,9/11/2020,108.395386
United States,USA,9/12/2020,105.5975
United States,USA,9/13/2020,102.738556
United States,USA,9/14/2020,102.4215
United States,USA,9/15/2020,101.85724
United States,USA,9/16/2020,105.81418
United States,USA,9/17/2020,109.47874
United States,USA,9/18/2020,113.34783
United States,USA,9/19/2020,115.83535
United States,USA,9/20/2020,117.52729
United States,USA,9/21/2020,118.28438
United States,USA,9/22/2020,118.93774
United States,USA,9/23/2020,121.89163
United States,USA,9/24/2020,127.209236
United States,USA,9/25/2020,126.26016
United States,USA,9/26/2020,126.85872
United States,USA,9/27/2020,127.481125
United States,USA,9/28/2020,127.42005
United States,USA,9/29/2020,127.88058
United States,USA,9/30/2020,126.62741
United States,USA,10/1/2020,122.17397
United States,USA,10/2/2020,123.9638
United States,USA,10/3/2020,124.24112
United States,USA,10/4/2020,124.79325
United States,USA,10/5/2020,127.1741
United States,USA,10/6/2020,127.26738
United States,USA,10/7/2020,128.60588
United States,USA,10/8/2020,129.76578
United States,USA,10/9/2020,132.55737
United States,USA,10/10/2020,136.52267
United States,USA,10/11/2020,139.80995
United States,USA,10/12/2020,142.52417
United States,USA,10/13/2020,146.14189
United States,USA,10/14/2020,149.29655
United States,USA,10/15/2020,152.99542
United States,USA,10/16/2020,154.93414
United States,USA,10/17/2020,157.83786
United States,USA,10/18/2020,162.13988
United States,USA,10/19/2020,162.27875
United States,USA,10/20/2020,164.14595
United States,USA,10/21/2020,169.2565
United States,USA,10/22/2020,172.7048
United States,USA,10/23/2020,177.48492
United States,USA,10/24/2020,182.44447
United States,USA,10/25/2020,187.9913
United States,USA,10/26/2020,197.03996
United States,USA,10/27/2020,204.03488
United States,USA,10/28/2020,207.47398
United States,USA,10/29/2020,214.2585
United States,USA,10/30/2020,220.84767
United States,USA,10/31/2020,227.63512
United States,USA,11/1/2020,233.9838
United States,USA,11/2/2020,240.92809
United States,USA,11/3/2020,272.70572
United States,USA,11/4/2020,280.06912
United States,USA,11/5/2020,289.91464
United States,USA,11/6/2020,302.23926
United States,USA,11/7/2020,315.49878
United States,USA,11/8/2020,330.48117
United States,USA,11/9/2020,345.96887
United States,USA,11/10/2020,333.44803
United States,USA,11/11/2020,349.0495
United States,USA,11/12/2020,368.89777
United States,USA,11/13/2020,385.53906
United States,USA,11/14/2020,402.0486
United States,USA,11/15/2020,420.3074
United States,USA,11/16/2020,434.7084
United States,USA,11/17/2020,445.54855
United States,USA,11/18/2020,457.63144
United States,USA,11/19/2020,466.58307
United States,USA,11/20/2020,473.7959
United States,USA,11/21/2020,484.83057
United States,USA,11/22/2020,491.682
United States,USA,11/23/2020,495.7067
United States,USA,11/24/2020,500.8177
United States,USA,11/25/2020,503.7611
United States,USA,11/26/2020,507.03668
United States,USA,11/27/2020,516.73914
United States,USA,11/28/2020,498.48032
United States,USA,11/29/2020,486.21005
United States,USA,11/30/2020,473.9603
United States,USA,12/1/2020,470.31665
United States,USA,12/2/2020,466.75876
United States,USA,12/3/2020,474.0933
United States,USA,12/4/2020,480.7749
United States,USA,12/5/2020,510.7878
United States,USA,12/6/2020,535.7893
United States,USA,12/7/2020,561.30444
United States,USA,12/8/2020,576.2944
United States,USA,12/9/2020,589.33887
United States,USA,12/10/2020,603.67084
United States,USA,12/11/2020,608.34595
United States,USA,12/12/2020,605.0219
United States,USA,12/13/2020,614.23785
United States,USA,12/14/2020,619.08075
United States,USA,12/15/2020,620.9069
United States,USA,12/16/2020,627.2284
United States,USA,12/17/2020,615.3777
United States,USA,12/18/2020,623.3313
United States,USA,12/19/2020,639.08795
United States,USA,12/20/2020,634.92017
United States,USA,12/21/2020,628.7029
United States,USA,12/22/2020,630.8587
United States,USA,12/23/2020,624.73047
United States,USA,12/24/2020,624.3578
United States,USA,12/25/2020,618.47424
United States,USA,12/26/2020,600.0887
United States,USA,12/27/2020,568.91296
United States,USA,12/28/2020,545.8364
United States,USA,12/29/2020,532.41504
United States,USA,12/30/2020,529.5795
United States,USA,12/31/2020,534.2413
United States,USA,1/1/2021,538.2643
United States,USA,1/2/2021,549.53357
United States,USA,1/3/2021,577.64374
United States,USA,1/4/2021,610.3529
United States,USA,1/5/2021,631.7337
United States,USA,1/6/2021,630.7048
United States,USA,1/7/2021,644.73267
United States,USA,1/8/2021,653.9064
United States,USA,1/9/2021,670.7518
United States,USA,1/10/2021,697.3373
United States,USA,1/11/2021,710.29395
United States,USA,1/12/2021,718.2522
United States,USA,1/13/2021,730.7203
United States,USA,1/14/2021,720.4034
United States,USA,1/15/2021,707.2811
United States,USA,1/16/2021,687.96405
United States,USA,1/17/2021,665.0477
United States,USA,1/18/2021,645.47925
United States,USA,1/19/2021,629.626
United States,USA,1/20/2021,608.7467
United States,USA,1/21/2021,580.49475
United States,USA,1/22/2021,564.5532
United States,USA,1/23/2021,549.5206
United States,USA,1/24/2021,529.4854
United States,USA,1/25/2021,511.08145
United States,USA,1/26/2021,492.24667
United States,USA,1/27/2021,484.46082
United States,USA,1/28/2021,482.66638
United States,USA,1/29/2021,470.41034
United States,USA,1/30/2021,457.5181
United States,USA,1/31/2021,446.98535
United States,USA,2/1/2021,435.82187
United States,USA,2/2/2021,423.43405
United States,USA,2/3/2021,420.69516
United States,USA,2/4/2021,410.4
United States,USA,2/5/2021,389.36215
United States,USA,2/6/2021,375.05612
United States,USA,2/7/2021,358.57126
United States,USA,2/8/2021,346.59042
United States,USA,2/9/2021,338.64017
United States,USA,2/10/2021,318.43008
United States,USA,2/11/2021,305.91806
United States,USA,2/12/2021,301.5972
United States,USA,2/13/2021,291.94662
United States,USA,2/14/2021,280.48743
United States,USA,2/15/2021,270.04755
United States,USA,2/16/2021,259.37384
United States,USA,2/17/2021,249.89561
United States,USA,2/18/2021,235.44568
United States,USA,2/19/2021,220.98613
United States,USA,2/20/2021,208.02779
United States,USA,2/21/2021,198.0497
United States,USA,2/22/2021,189.80496
United States,USA,2/23/2021,185.29381
United States,USA,2/24/2021,184.35477
United States,USA,2/25/2021,189.91414
United States,USA,2/26/2021,193.50633
United States,USA,2/27/2021,194.94104
United States,USA,2/28/2021,194.81471
United States,USA,3/1/2021,195.98088
United States,USA,3/2/2021,194.2835
United States,USA,3/3/2021,192.31465
United States,USA,3/4/2021,185.45442
United States,USA,3/5/2021,182.81299
United States,USA,3/6/2021,179.82687
United States,USA,3/7/2021,175.98706
United States,USA,3/8/2021,171.5583
United States,USA,3/9/2021,167.8724
United States,USA,3/10/2021,164.35425
United States,USA,3/11/2021,164.49103
United States,USA,3/12/2021,162.69743
United States,USA,3/13/2021,160.5663
United States,USA,3/14/2021,160.61984
United States,USA,3/15/2021,158.34607
United States,USA,3/16/2021,159.79834
United States,USA,3/17/2021,160.1451
United States,USA,3/18/2021,159.19057
United States,USA,3/19/2021,158.28416
United States,USA,3/20/2021,159.67912
United States,USA,3/21/2021,158.75891
United States,USA,3/22/2021,161.34473
United States,USA,3/23/2021,160.50732
United States,USA,3/24/2021,162.47157
United States,USA,3/25/2021,164.93022
United States,USA,3/26/2021,168.45758
United States,USA,3/27/2021,169.40625
United States,USA,3/28/2021,174.76526
United States,USA,3/29/2021,176.75084
United States,USA,3/30/2021,180.1088
United States,USA,3/31/2021,184.20209
United States,USA,4/1/2021,185.91914
United States,USA,4/2/2021,186.5658
United States,USA,4/3/2021,190.04506
United States,USA,4/4/2021,188.20964
United States,USA,4/5/2021,188.41544
United States,USA,4/6/2021,185.26411
United States,USA,4/7/2021,184.589
United States,USA,4/8/2021,185.37035
United States,USA,4/9/2021,187.48685
United States,USA,4/10/2021,188.21843
United States,USA,4/11/2021,190.71515
United States,USA,4/12/2021,192.56227
United States,USA,4/13/2021,195.7065
United States,USA,4/14/2021,197.39426
United States,USA,4/15/2021,200.97014
United States,USA,4/16/2021,199.3083
United States,USA,4/17/2021,197.66196
United States,USA,4/18/2021,195.42792
United States,USA,4/19/2021,199.2347
United States,USA,4/20/2021,197.60255
United States,USA,4/21/2021,187.08112
United States,USA,4/22/2021,180.85376
United States,USA,4/23/2021,177.67273
United States,USA,4/24/2021,173.48198
United States,USA,4/25/2021,169.86176
United States,USA,4/26/2021,159.18974
United States,USA,4/27/2021,155.63853
United States,USA,4/28/2021,153.51283
United States,USA,4/29/2021,150.58278
United States,USA,4/30/2021,146.9634
United States,USA,5/1/2021,144.52231
United States,USA,5/2/2021,141.54916
United States,USA,5/3/2021,140.1496
United States,USA,5/4/2021,138.37022
United States,USA,5/5/2021,139.52217
United States,USA,5/6/2021,136.2759
United States,USA,5/7/2021,132.15373
United States,USA,5/8/2021,126.73658
United States,USA,5/9/2021,122.27353
United States,USA,5/10/2021,117.53399
United States,USA,5/11/2021,113.74645
United States,USA,5/12/2021,110.16179
United States,USA,5/13/2021,106.1969
United States,USA,5/14/2021,102.53402
United States,USA,5/15/2021,101.58996
United States,USA,5/16/2021,97.605835
United States,USA,5/17/2021,94.60091
United States,USA,5/18/2021,92.02304
United States,USA,5/19/2021,89.960915
United States,USA,5/20/2021,87.68797
United States,USA,5/21/2021,84.21917
United States,USA,5/22/2021,78.9961
United States,USA,5/23/2021,75.96356
United States,USA,5/24/2021,72.77919
United States,USA,5/25/2021,70.54348
United States,USA,5/26/2021,68.58091
United States,USA,5/27/2021,67.29762
United States,USA,5/28/2021,65.617805
United States,USA,5/29/2021,63.11732
United States,USA,5/30/2021,61.826508
United States,USA,5/31/2021,59.067528
United States,USA,6/1/2021,57.528255
United States,USA,6/2/2021,55.289196
United States,USA,6/3/2021,48.74896
United States,USA,6/4/2021,45.642387
United States,USA,6/5/2021,44.04497
United States,USA,6/6/2021,41.45665
United States,USA,6/7/2021,41.082706
United States,USA,6/8/2021,40.55316
United States,USA,6/9/2021,40.75812
United States,USA,6/10/2021,43.008053
United States,USA,6/11/2021,44.510517
United States,USA,6/12/2021,43.579006
United States,USA,6/13/2021,41.64613
United States,USA,6/14/2021,40.64895
United States,USA,6/15/2021,39.660553
United States,USA,6/16/2021,38.98168
United States,USA,6/17/2021,38.271442
United States,USA,6/18/2021,35.58608
United States,USA,6/19/2021,34.56547
United States,USA,6/20/2021,33.724728
United States,USA,6/21/2021,33.724728
United States,USA,6/22/2021,33.861088
United States,USA,6/23/2021,33.983643
United States,USA,6/24/2021,34.26473
United States,USA,6/25/2021,34.524483
United States,USA,6/26/2021,35.397854
United States,USA,6/27/2021,36.656876
United States,USA,6/28/2021,37.051735
United States,USA,6/29/2021,37.733112
United States,USA,6/30/2021,38.5153
United States,USA,7/1/2021,39.446392
United States,USA,7/2/2021,38.525337
United States,USA,7/3/2021,39.786037
United States,USA,7/4/2021,40.58872
United States,USA,7/5/2021,40.544796
United States,USA,7/6/2021,40.45403
United States,USA,7/7/2021,39.914032
United States,USA,7/8/2021,41.774544
United States,USA,7/9/2021,46.37438
United States,USA,7/10/2021,115.370636
United States,USA,7/11/2021,119.841644
United States,USA,7/12/2021,123.05655
United States,USA,7/13/2021,125.67624
United States,USA,7/14/2021,133.9352
United States,USA,7/15/2021,140.2161
United States,USA,7/16/2021,146.76764
United States,USA,7/17/2021,86.96059
United States,USA,7/18/2021,93.10053
United States,USA,7/19/2021,97.81204
United States,USA,7/20/2021,102.52649
United States,USA,7/21/2021,109.34572
United States,USA,7/22/2021,116.06415
United States,USA,7/23/2021,125.69046
United States,USA,7/24/2021,138.72116
United States,USA,7/25/2021,150.17412
United States,USA,7/26/2021,159.2324
United States,USA,7/27/2021,165.5957
United States,USA,7/28/2021,176.49193
United States,USA,7/29/2021,191.03346
United States,USA,7/30/2021,202.67673
United States,USA,7/31/2021,214.24596
United States,USA,8/1/2021,228.83559
United States,USA,8/2/2021,240.0338
United States,USA,8/3/2021,247.55533
United States,USA,8/4/2021,260.59064
United States,USA,8/5/2021,270.8293
United States,USA,8/6/2021,286.5918
United States,USA,8/7/2021,298.5074
United States,USA,8/8/2021,310.8061
United States,USA,8/9/2021,327.40555
United States,USA,8/10/2021,342.29718
United States,USA,8/11/2021,338.3825
United States,USA,8/12/2021,348.89975
United States,USA,8/13/2021,355.86246
United States,USA,8/14/2021,365.61133
United States,USA,8/15/2021,370.7909
United States,USA,8/16/2021,378.98752
United States,USA,8/17/2021,384.81082
United States,USA,8/18/2021,391.4636
United States,USA,8/19/2021,397.74658
United States,USA,8/20/2021,408.071
United States,USA,8/21/2021,417.7839
United States,USA,8/22/2021,426.63223
United States,USA,8/23/2021,427.45874
United States,USA,8/24/2021,433.21805
United States,USA,8/25/2021,438.18304
United States,USA,8/26/2021,443.1882
United States,USA,8/27/2021,446.84482
United States,USA,8/28/2021,451.81775
United States,USA,8/29/2021,457.9715
United States,USA,8/30/2021,461.40057
United States,USA,8/31/2021,457.71594
United States,USA,9/1/2021,465.15088
United States,USA,9/2/2021,471.16867
United States,USA,9/3/2021,479.8367
United States,USA,9/4/2021,478.64294
United States,USA,9/5/2021,478.61826
United States,USA,9/6/2021,475.16327
United States,USA,9/7/2021,478.26273
United States,USA,9/8/2021,468.81125
United States,USA,9/9/2021,442.82556
United States,USA,9/10/2021,431.7888
United States,USA,9/11/2021,431.91302
United States,USA,9/12/2021,427.72144
United States,USA,9/13/2021,432.6492
United States,USA,9/14/2021,428.78262
United States,USA,9/15/2021,430.02365
United States,USA,9/16/2021,449.87985
United States,USA,9/17/2021,446.48636
United States,USA,9/18/2021,439.6353
United States,USA,9/19/2021,433.9471
United States,USA,9/20/2021,420.99338
United States,USA,9/21/2021,412.9649
United States,USA,9/22/2021,404.35126
United States,USA,9/23/2021,392.15167
United States,USA,9/24/2021,379.43677
United States,USA,9/25/2021,367.2736
United States,USA,9/26/2021,356.49823
United States,USA,9/27/2021,345.45227
United States,USA,9/28/2021,337.3351
United States,USA,9/29/2021,341.07498
United States,USA,9/30/2021,333.74292
United States,USA,10/1/2021,327.07846
United States,USA,10/2/2021,321.13303
United States,USA,10/3/2021,316.0898
United States,USA,10/4/2021,310.15106
United States,USA,10/5/2021,306.55426
United States,USA,10/6/2021,300.06964
United States,USA,10/7/2021,294.35886
United States,USA,10/8/2021,294.95532
United States,USA,10/9/2021,290.35257
United States,USA,10/10/2021,285.26083
United States,USA,10/11/2021,280.50122
United States,USA,10/12/2021,277.0755
United States,USA,10/13/2021,271.2802
United States,USA,10/14/2021,266.1935
United States,USA,10/15/2021,257.02856
United States,USA,10/16/2021,250.2662
United States,USA,10/17/2021,243.53857
United States,USA,10/18/2021,240.36508
United States,USA,10/19/2021,235.84598
United States,USA,10/20/2021,233.48729
United States,USA,10/21/2021,229.70477
United States,USA,10/22/2021,221.43202
United States,USA,10/23/2021,217.542
United States,USA,10/24/2021,212.71379
United States,USA,10/25/2021,201.46706
United States,USA,10/26/2021,193.27377
United States,USA,10/27/2021,198.35086
United States,USA,10/28/2021,207.21507
United States,USA,10/29/2021,210.42119
United States,USA,10/30/2021,216.92546
United States,USA,10/31/2021,220.09352
United States,USA,11/1/2021,219.60664
United States,USA,11/2/2021,218.4731
United States,USA,11/3/2021,232.43825
United States,USA,11/4/2021,221.0635
United States,USA,11/5/2021,218.79099
United States,USA,11/6/2021,212.8217
United States,USA,11/7/2021,213.41148
United States,USA,11/8/2021,213.84525
United States,USA,11/9/2021,216.42896
United States,USA,11/10/2021,215.81995
United States,USA,11/11/2021,219.28749
United States,USA,11/12/2021,225.5546
United States,USA,11/13/2021,219.19547
United States,USA,11/14/2021,233.05771
United States,USA,11/15/2021,246.98186
United States,USA,11/16/2021,247.84729
United States,USA,11/17/2021,255.0413
United States,USA,11/18/2021,260.9106
United States,USA,11/19/2021,265.9555
United States,USA,11/20/2021,286.96283
United States,USA,11/21/2021,283.12427
United States,USA,11/22/2021,273.4695
United States,USA,11/23/2021,275.62698
United States,USA,11/24/2021,280.55768
United States,USA,11/25/2021,282.29398
United States,USA,11/26/2021,282.59723
United States,USA,11/27/2021,261.2034
United States,USA,11/28/2021,247.78705
United States,USA,11/29/2021,250.13194
United States,USA,11/30/2021,257.57147
United States,USA,12/1/2021,235.86313
United States,USA,12/2/2021,244.07147
United States,USA,12/3/2021,255.17264
United States,USA,12/4/2021,284.93164
United States,USA,12/5/2021,314.13602
United States,USA,12/6/2021,320.6411
United States,USA,12/7/2021,320.12955
United States,USA,12/8/2021,358.01074
United States,USA,12/9/2021,360.04276
United States,USA,12/10/2021,358.6344
United States,USA,12/11/2021,355.9415
United States,USA,12/12/2021,349.25153
United States,USA,12/13/2021,347.83563
United States,USA,12/14/2021,349.00473
United States,USA,12/15/2021,349.69073
United States,USA,12/16/2021,349.6464
United States,USA,12/17/2021,356.66052
United States,USA,12/18/2021,367.21667
United States,USA,12/19/2021,376.08005
United States,USA,12/20/2021,385.9586
United States,USA,12/21/2021,404.40646
United States,USA,12/22/2021,438.06802
United States,USA,12/23/2021,470.64206
United States,USA,12/24/2021,508.87543
United States,USA,12/25/2021,557.45624
United States,USA,12/26/2021,592.8792
United States,USA,12/27/2021,604.69147
United States,USA,12/28/2021,650.3138
United States,USA,12/29/2021,733.2739
United States,USA,12/30/2021,811.1561
United States,USA,12/31/2021,910.0486
United States,USA,1/1/2022,1037.9735
United States,USA,1/2/2022,1134.3936
United States,USA,1/3/2022,1212.6676
United States,USA,1/4/2022,1287.78
United States,USA,1/5/2022,1470.9435
United States,USA,1/6/2022,1614.4138
United States,USA,1/7/2022,1709.983
United States,USA,1/8/2022,1799.4069
United States,USA,1/9/2022,1958.7661
United States,USA,1/10/2022,2019.7455
United States,USA,1/11/2022,2059.7678
United States,USA,1/12/2022,2211.6577
United States,USA,1/13/2022,2241.3662
United States,USA,1/14/2022,2305.401
United States,USA,1/15/2022,2344.6636
United States,USA,1/16/2022,2363.677
United States,USA,1/17/2022,2370.8772
United States,USA,1/18/2022,2342.516
United States,USA,1/19/2022,2218.2637
United States,USA,1/20/2022,2240.3296
United States,USA,1/21/2022,2208.7854
United States,USA,1/22/2022,2160.343
United States,USA,1/23/2022,2109.3435
United States,USA,1/24/2022,2051.8745
United States,USA,1/25/2022,2008.4612
United States,USA,1/26/2022,2026.3147
United States,USA,1/27/2022,1874.4532
United States,USA,1/28/2022,1776.0564
United States,USA,1/29/2022,1690.8651
United States,USA,1/30/2022,1584.9757
United States,USA,1/31/2022,1540.4739
United States,USA,2/1/2022,1474.9155
United States,USA,2/2/2022,1293.1194
United States,USA,2/3/2022,1210.8126
United States,USA,2/4/2022,1109.664
United States,USA,2/5/2022,1016.4835
United States,USA,2/6/2022,915.4954
United States,USA,2/7/2022,866.3851
United States,USA,2/8/2022,840.60394
United States,USA,2/9/2022,727.18164
United States,USA,2/10/2022,685.9655
United States,USA,2/11/2022,641.20483
United States,USA,2/12/2022,564.13245
United States,USA,2/13/2022,511.18604
United States,USA,2/14/2022,495.76233
United States,USA,2/15/2022,475.40292
United States,USA,2/16/2022,420.58096
United States,USA,2/17/2022,383.0022
United States,USA,2/18/2022,345.07248
United States,USA,2/19/2022,317.75247
United States,USA,2/20/2022,296.20807
United States,USA,2/21/2022,284.87643
United States,USA,2/22/2022,277.8786
United States,USA,2/23/2022,225.2254
United States,USA,2/24/2022,228.1291
United States,USA,2/25/2022,214.72237
United States,USA,2/26/2022,204.0926
United States,USA,2/27/2022,191.68639
United States,USA,2/28/2022,185.35571
United States,USA,3/1/2022,179.91597
United States,USA,3/2/2022,191.55421
United States,USA,3/3/2022,170.13698
United States,USA,3/4/2022,161.40411
United States,USA,3/5/2022,151.59961
United States,USA,3/6/2022,139.08214
United States,USA,3/7/2022,134.3263
United States,USA,3/8/2022,130.4664
United States,USA,3/9/2022,122.53579
United States,USA,3/10/2022,108.88017
United States,USA,3/11/2022,106.08857
United States,USA,3/12/2022,101.05916
United States,USA,3/13/2022,98.01659
United States,USA,3/14/2022,97.12439
United States,USA,3/15/2022,97.201775
United States,USA,3/16/2022,98.74606
United States,USA,3/17/2022,95.9532
United States,USA,3/18/2022,92.489006
United States,USA,3/19/2022,89.79569
United States,USA,3/20/2022,87.31194
United States,USA,3/21/2022,86.3591
United States,USA,3/22/2022,86.74057
United States,USA,3/23/2022,77.479416
United States,USA,3/24/2022,77.59486
United States,USA,3/25/2022,80.6617
United States,USA,3/26/2022,81.88224
United States,USA,3/27/2022,80.92438
United States,USA,3/28/2022,82.02445
United States,USA,3/29/2022,81.90524
United States,USA,3/30/2022,79.22783
United States,USA,3/31/2022,78.93796
United States,USA,4/1/2022,80.225845
United States,USA,4/2/2022,81.89311
United States,USA,4/3/2022,81.34056
United States,USA,4/4/2022,80.991714
United States,USA,4/5/2022,81.32425
United States,USA,4/6/2022,79.02496
United States,USA,4/7/2022,82.9133
United States,USA,4/8/2022,80.41073
United States,USA,4/9/2022,77.79354
United States,USA,4/10/2022,84.154755
United States,USA,4/11/2022,85.14859
United States,USA,4/12/2022,87.97868
United States,USA,4/13/2022,91.17477
United States,USA,4/14/2022,89.25695
United States,USA,4/15/2022,90.885315
United States,USA,4/16/2022,102.974464
United States,USA,4/17/2022,103.70813
United States,USA,4/18/2022,104.86426
United States,USA,4/19/2022,105.47202
United States,USA,4/20/2022,106.071
United States,USA,4/21/2022,116.37284
United States,USA,4/22/2022,121.08226
United States,USA,4/23/2022,115.56137
United States,USA,4/24/2022,125.78583
United States,USA,4/25/2022,128.56363
United States,USA,4/26/2022,129.54074
United States,USA,4/27/2022,135.33601
United States,USA,4/28/2022,139.93544
United States,USA,4/29/2022,148.19104
United States,USA,4/30/2022,153.38023
United States,USA,5/1/2022,158.3398
United States,USA,5/2/2022,159.37755
United States,USA,5/3/2022,161.74962
United States,USA,5/4/2022,167.70677
United States,USA,5/5/2022,171.1166
United States,USA,5/6/2022,180.90102
United States,USA,5/7/2022,188.46982
United States,USA,5/8/2022,194.77582
United States,USA,5/9/2022,195.43628
United States,USA,5/10/2022,197.5189
United States,USA,5/11/2022,212.94594
United States,USA,5/12/2022,224.5252
United States,USA,5/13/2022,235.9267
United States,USA,5/14/2022,243.74646
United States,USA,5/15/2022,253.04108
United States,USA,5/16/2022,253.70238
United States,USA,5/17/2022,259.7566
United States,USA,5/18/2022,269.1315
United States,USA,5/19/2022,281.41434
United States,USA,5/20/2022,289.2048
United States,USA,5/21/2022,293.81635
United States,USA,5/22/2022,307.2252
United States,USA,5/23/2022,310.28156
United States,USA,5/24/2022,309.7177
United States,USA,5/25/2022,304.48
United States,USA,5/26/2022,306.03937
United States,USA,5/27/2022,309.17477
United States,USA,5/28/2022,310.61536
United States,USA,5/29/2022,309.82898
United States,USA,5/30/2022,309.68048
United States,USA,5/31/2022,305.7428
United States,USA,6/1/2022,282.5918
United States,USA,6/2/2022,292.06168
United States,USA,6/3/2022,286.63864
United States,USA,6/4/2022,285.96313
United States,USA,6/5/2022,282.60184
United States,USA,6/6/2022,287.3786
United States,USA,6/7/2022,290.6621
United States,USA,6/8/2022,309.1246
United States,USA,6/9/2022,307.5874
United States,USA,6/10/2022,309.09656
United States,USA,6/11/2022,306.7567
United States,USA,6/12/2022,309.9645
United States,USA,6/13/2022,305.8804
United States,USA,6/14/2022,303.95883
United States,USA,6/15/2022,300.4846
United States,USA,6/16/2022,294.50443
United States,USA,6/17/2022,293.92554
United States,USA,6/18/2022,290.41574
United States,USA,6/19/2022,281.1918
United States,USA,6/20/2022,280.41632
United States,USA,6/21/2022,279.07614
United States,USA,6/22/2022,262.71548
United States,USA,6/23/2022,282.9946
United States,USA,6/24/2022,279.2397
United States,USA,6/25/2022,281.0362
United States,USA,6/26/2022,296.82755
United States,USA,6/27/2022,300.2403
United States,USA,6/28/2022,303.86304
United States,USA,6/29/2022,322.38702
United States,USA,6/30/2022,309.12793
United States,USA,7/1/2022,315.3022
United States,USA,7/2/2022,319.89783
United States,USA,7/3/2022,323.654
United States,USA,7/4/2022,325.39655
United States,USA,7/5/2022,326.24063
United States,USA,7/6/2022,304.99908
United States,USA,7/7/2022,311.2298
United States,USA,7/8/2022,309.88797
United States,USA,7/9/2022,313.12503
United States,USA,7/10/2022,311.1043
United States,USA,7/11/2022,314.1992
United States,USA,7/12/2022,318.77518
United States,USA,7/13/2022,347.1802
United States,USA,7/14/2022,353.2227
United States,USA,7/15/2022,357.51007
United States,USA,7/16/2022,365.20142
United States,USA,7/17/2022,371.52917
United States,USA,7/18/2022,372.36572
United States,USA,7/19/2022,371.91983
United States,USA,7/20/2022,366.91342
United States,USA,7/21/2022,364.92242
United States,USA,7/22/2022,366.12833
United States,USA,7/23/2022,370.0861
United States,USA,7/24/2022,380.0897
United States,USA,7/25/2022,378.28357
United States,USA,7/26/2022,377.66827
United States,USA,7/27/2022,379.6409
United States,USA,7/28/2022,375.16736
United States,USA,7/29/2022,375.98175
United States,USA,7/30/2022,374.47134
United States,USA,7/31/2022,396.52313
United States,USA,8/1/2022,390.1042
United States,USA,8/2/2022,383.13773
United States,USA,8/3/2022,388.4227
United States,USA,8/4/2022,385.35626
United States,USA,8/5/2022,380.75687
United States,USA,8/6/2022,375.13892
United States,USA,8/7/2022,329.62662
United States,USA,8/8/2022,327.67242
United States,USA,8/9/2022,325.5237
United States,USA,8/10/2022,316.98618
United States,USA,8/11/2022,306.91357
United States,USA,8/12/2022,302.11295
United States,USA,8/13/2022,299.48572
United States,USA,8/14/2022,293.47336
United States,USA,8/15/2022,292.36407
United States,USA,8/16/2022,287.46643
United States,USA,8/17/2022,287.76508
United States,USA,8/18/2022,283.31375
United States,USA,8/19/2022,275.64163
United States,USA,8/20/2022,271.1171
United States,USA,8/21/2022,269.75977
United States,USA,8/22/2022,268.93784
United States,USA,8/23/2022,271.78174
United States,USA,8/24/2022,264.40283
United States,USA,8/25/2022,259.95233
United States,USA,8/26/2022,264.3744
United States,USA,8/27/2022,262.6126
United States,USA,8/28/2022,255.28893
United States,USA,8/29/2022,255.5198
United States,USA,8/30/2022,255.17516
United States,USA,8/31/2022,253.73125
United States,USA,9/1/2022,253.82578
United States,USA,9/2/2022,249.78685
United States,USA,9/3/2022,247.06761
United States,USA,9/4/2022,242.75471
United States,USA,9/5/2022,240.97118
United States,USA,9/6/2022,239.79245
United States,USA,9/7/2022,216.45155
United States,USA,9/8/2022,217.6152
United States,USA,9/9/2022,205.38383
United States,USA,9/10/2022,197.72052
United States,USA,9/11/2022,188.021
United States,USA,9/12/2022,186.85776
United States,USA,9/13/2022,185.16832
United States,USA,9/14/2022,200.00433
United States,USA,9/15/2022,174.48459
United States,USA,9/16/2022,173.5765
United States,USA,9/17/2022,178.71802
United States,USA,9/18/2022,170.19888
United States,USA,9/19/2022,168.29195
United States,USA,9/20/2022,168.28023
United States,USA,9/21/2022,162.79198
United States,USA,9/22/2022,159.28302
United States,USA,9/23/2022,156.96574
United States,USA,9/24/2022,157.64963
United States,USA,9/25/2022,154.2306
United States,USA,9/26/2022,153.5191
United States,USA,9/27/2022,151.47246
United States,USA,9/28/2022,148.48091
United States,USA,9/29/2022,144.6298
United States,USA,9/30/2022,142.2021
United States,USA,10/1/2022,137.16348
United States,USA,10/2/2022,134.36603
United States,USA,10/3/2022,132.83136
United States,USA,10/4/2022,132.22945
United States,USA,10/5/2022,130.02344
United States,USA,10/6/2022,128.88069
United States,USA,10/7/2022,123.03229
United States,USA,10/8/2022,119.454735
United States,USA,10/9/2022,117.36291
United States,USA,10/10/2022,116.99942
United States,USA,10/11/2022,116.7334
United States,USA,10/12/2022,113.408485
United States,USA,10/13/2022,113.61804
United States,USA,10/14/2022,110.80343
United States,USA,10/15/2022,108.45687
United States,USA,10/16/2022,105.105606
United States,USA,10/17/2022,102.89583
United States,USA,10/18/2022,102.0304
United States,USA,10/19/2022,105.97939
United States,USA,10/20/2022,106.33201
United States,USA,10/21/2022,82.29591
United States,USA,10/22/2022,132.77614
United States,USA,10/23/2022,118.6805
United States,USA,10/24/2022,116.149895
United States,USA,10/25/2022,111.48564
United States,USA,10/26/2022,97.322655
United States,USA,10/27/2022,81.010124
United States,USA,10/28/2022,187.73698
United States,USA,10/29/2022,106.72687
United States,USA,10/30/2022,106.72687
United States,USA,10/31/2022,106.72687
United States,USA,11/1/2022,106.72687
United States,USA,11/2/2022,106.72687
United States,USA,11/3/2022,106.72687
United States,USA,11/4/2022,111.808136
United States,USA,11/5/2022,111.808136
United States,USA,11/6/2022,111.808136
United States,USA,11/7/2022,111.808136
United States,USA,11/8/2022,111.808136
United States,USA,11/9/2022,111.808136
United States,USA,11/10/2022,111.808136
United States,USA,11/11/2022,118.33039
United States,USA,11/12/2022,118.33039
United States,USA,11/13/2022,118.33039
United States,USA,11/14/2022,118.33039
United States,USA,11/15/2022,118.33039
United States,USA,11/16/2022,118.33039
United States,USA,11/17/2022,118.33039
United States,USA,11/18/2022,115.02054
United States,USA,11/19/2022,115.02054
United States,USA,11/20/2022,115.02054
United States,USA,11/21/2022,115.02054
United States,USA,11/22/2022,115.02054
United States,USA,11/23/2022,115.02054
United States,USA,11/24/2022,115.02054
United States,USA,11/25/2022,125.55578
United States,USA,11/26/2022,125.55578
United States,USA,11/27/2022,125.55578
United States,USA,11/28/2022,125.55578
United States,USA,11/29/2022,125.55578
United States,USA,11/30/2022,125.55578
United States,USA,12/1/2022,125.55578
United States,USA,12/2/2022,126.57136
United States,USA,12/3/2022,126.57136
United States,USA,12/4/2022,126.57136
United States,USA,12/5/2022,126.57136
United States,USA,12/6/2022,126.57136
United States,USA,12/7/2022,126.57136
United States,USA,12/8/2022,126.57136
United States,USA,12/9/2022,193.33902
United States,USA,12/10/2022,193.33902
United States,USA,12/11/2022,193.33902
United States,USA,12/12/2022,193.33902
United States,USA,12/13/2022,193.33902
United States,USA,12/14/2022,193.33902
United States,USA,12/15/2022,193.33902
United States,USA,12/16/2022,186.55911
United States,USA,12/17/2022,186.55911
United States,USA,12/18/2022,186.55911
United States,USA,12/19/2022,186.55911
United States,USA,12/20/2022,186.55911
United States,USA,12/21/2022,186.55911
United States,USA,12/22/2022,186.55911
United States,USA,12/23/2022,212.49043
United States,USA,12/24/2022,212.49043
United States,USA,12/25/2022,212.49043
United States,USA,12/26/2022,212.49043
United States,USA,12/27/2022,212.49043
United States,USA,12/28/2022,212.49043
United States,USA,12/29/2022,212.49043
United States,USA,12/30/2022,164.051
United States,USA,12/31/2022,164.051
United States,USA,1/1/2023,164.051
United States,USA,1/2/2023,164.051
United States,USA,1/3/2023,164.051
United States,USA,1/4/2023,164.051
United States,USA,1/5/2023,164.051
United States,USA,1/6/2023,197.30893
United States,USA,1/7/2023,197.30893
United States,USA,1/8/2023,197.30893
United States,USA,1/9/2023,197.30893
United States,USA,1/10/2023,197.30893
United States,USA,1/11/2023,197.30893
United States,USA,1/12/2023,197.30893
United States,USA,1/13/2023,187.4283
United States,USA,1/14/2023,187.4283
United States,USA,1/15/2023,187.4283
United States,USA,1/16/2023,187.4283
United States,USA,1/17/2023,187.4283
United States,USA,1/18/2023,187.4283
United States,USA,1/19/2023,187.4283
United States,USA,1/20/2023,128.84096
United States,USA,1/21/2023,128.84096
United States,USA,1/22/2023,128.84096
United States,USA,1/23/2023,128.84096
United States,USA,1/24/2023,128.84096
United States,USA,1/25/2023,128.84096
United States,USA,1/26/2023,128.84096
United States,USA,1/27/2023,123.33721
United States,USA,1/28/2023,123.33721
United States,USA,1/29/2023,123.33721
United States,USA,1/30/2023,123.33721
United States,USA,1/31/2023,123.33721
United States,USA,2/1/2023,123.33721
United States,USA,2/2/2023,123.33721
United States,USA,2/3/2023,119.37819
United States,USA,2/4/2023,119.37819
United States,USA,2/5/2023,119.37819
United States,USA,2/6/2023,119.37819
United States,USA,2/7/2023,119.37819
United States,USA,2/8/2023,119.37819
United States,USA,2/9/2023,119.37819
United States,USA,2/10/2023,116.37744
United States,USA,2/11/2023,116.37744
United States,USA,2/12/2023,116.37744
United States,USA,2/13/2023,116.37744
United States,USA,2/14/2023,116.37744
United States,USA,2/15/2023,116.37744
United States,USA,2/16/2023,116.37744
United States,USA,2/17/2023,106.39893
United States,USA,2/18/2023,106.39893
United States,USA,2/19/2023,106.39893
United States,USA,2/20/2023,106.39893
United States,USA,2/21/2023,106.39893
United States,USA,2/22/2023,106.39893
United States,USA,2/23/2023,106.39893
United States,USA,2/24/2023,0
United States,USA,2/25/2023,111.75125
United States,USA,2/26/2023,111.75125
United States,USA,2/27/2023,111.75125
United States,USA,2/28/2023,111.75125
United States,USA,3/1/2023,111.75125
United States,USA,3/2/2023,111.75125
United States,USA,3/3/2023,111.75125
United States,USA,3/4/2023,95.29609
United States,USA,3/5/2023,95.29609
United States,USA,3/6/2023,95.29609
United States,USA,3/7/2023,95.29609
United States,USA,3/8/2023,95.29609
United States,USA,3/9/2023,95.29609
United States,USA,3/10/2023,95.29609
United States,USA,3/11/2023,71.35578
United States,USA,3/12/2023,71.35578
United States,USA,3/13/2023,71.35578
United States,USA,3/14/2023,71.35578
United States,USA,3/15/2023,71.35578
United States,USA,3/16/2023,71.35578
United States,USA,3/17/2023,71.35578
United States,USA,3/18/2023,52.95979
United States,USA,3/19/2023,52.95979
United States,USA,3/20/2023,52.95979
United States,USA,3/21/2023,52.95979
United States,USA,3/22/2023,52.95979
United States,USA,3/23/2023,52.95979
United States,USA,3/24/2023,52.95979
United States,USA,3/25/2023,63.98358
United States,USA,3/26/2023,63.98358
United States,USA,3/27/2023,63.98358
United States,USA,3/28/2023,63.98358
United States,USA,3/29/2023,63.98358
United States,USA,3/30/2023,63.98358
United States,USA,3/31/2023,63.98358
United States,USA,4/1/2023,73.76717
United States,USA,4/2/2023,73.76717
United States,USA,4/3/2023,73.76717
United States,USA,4/4/2023,73.76717
United States,USA,4/5/2023,73.76717
United States,USA,4/6/2023,73.76717
United States,USA,4/7/2023,73.76717
United States,USA,4/8/2023,0
United States,USA,4/9/2023,43.280354
United States,USA,4/10/2023,43.280354
United States,USA,4/11/2023,43.280354
United States,USA,4/12/2023,43.280354
United States,USA,4/13/2023,43.280354
United States,USA,4/14/2023,43.280354
United States,USA,4/15/2023,43.280354
United States,USA,4/16/2023,43.525047
United States,USA,4/17/2023,43.525047
United States,USA,4/18/2023,43.525047
United States,USA,4/19/2023,43.525047
United States,USA,4/20/2023,43.525047
United States,USA,4/21/2023,43.525047
United States,USA,4/22/2023,43.525047
United States,USA,4/23/2023,41.18686
United States,USA,4/24/2023,41.18686
United States,USA,4/25/2023,41.18686
United States,USA,4/26/2023,41.18686
United States,USA,4/27/2023,41.18686
United States,USA,4/28/2023,41.18686
United States,USA,4/29/2023,41.18686
United States,USA,4/30/2023,36.1746
United States,USA,5/1/2023,36.1746
United States,USA,5/2/2023,36.1746
United States,USA,5/3/2023,36.1746
United States,USA,5/4/2023,36.1746
United States,USA,5/5/2023,36.1746
United States,USA,5/6/2023,36.1746
United States,USA,5/7/2023,32.27664
United States,USA,5/8/2023,32.27664
United States,USA,5/9/2023,32.27664
United States,USA,5/10/2023,32.27664
United States,USA,5/11/2023,32.27664
United States,USA,5/12/2023,32.27664
United States,USA,5/13/2023,32.27664
United States,USA,5/14/2023,39.00887
United States,USA,5/15/2023,39.00887
United States,USA,5/16/2023,39.00887
United States,USA,5/17/2023,39.00887
United States,USA,5/18/2023,39.00887
United States,USA,5/19/2023,39.00887
United States,USA,5/20/2023,39.00887
United States,USA,5/21/2023,0